-- ================================================================
-- SEED — Sistema CONVEME (MariaDB / conveme_bd)
-- Generado: 2026-04-01T23:22:51.275Z
-- Schema: schema.gql
-- Registros por tabla principal: 100
-- Distribución usuarios:
--   10 admins | 10 empleados | 30 vendedores | 50 clientes
-- Importar: mysql -u root -p conveme_bd < seed_conveme.sql
-- ================================================================

USE `conveme_bd`;

SET FOREIGN_KEY_CHECKS = 0;
SET autocommit = 0;

-- 1. ROLES
INSERT IGNORE INTO `roles` (`id_rol`,`nombre`,`descripcion`) VALUES
  (1,'Admin','Administrador del sistema con acceso total'),
  (2,'Empleado','Personal interno de producción y administración'),
  (3,'Vendedor','Vendedor en campo o facultad'),
  (4,'Cliente','Comprador final de pines y stickers');

-- 2. PAISES
INSERT IGNORE INTO `paises` (`id_pais`,`nombre`) VALUES (1,'México');

-- 3. ESTADOS
INSERT IGNORE INTO `estados` (`id_estado`,`pais_id`,`nombre`) VALUES (1,1,'Estado de México');

-- 4. MUNICIPIOS (100 municipios reales del Estado de México)
INSERT IGNORE INTO `municipios` (`id_municipio`, `estado_id`, `nombre`) VALUES
  (1,1,'Acambay de Ruíz Castañeda'),
  (2,1,'Acolman'),
  (3,1,'Aculco'),
  (4,1,'Almoloya de Alquisiras'),
  (5,1,'Almoloya de Juárez'),
  (6,1,'Almoloya del Río'),
  (7,1,'Amanalco'),
  (8,1,'Amatepec'),
  (9,1,'Amecameca'),
  (10,1,'Apaxco'),
  (11,1,'Atenco'),
  (12,1,'Atizapán'),
  (13,1,'Atizapán de Zaragoza'),
  (14,1,'Atlacomulco'),
  (15,1,'Atlautla'),
  (16,1,'Axapusco'),
  (17,1,'Ayapango'),
  (18,1,'Calimaya'),
  (19,1,'Capulhuac'),
  (20,1,'Coacalco de Berriozábal'),
  (21,1,'Coatepec Harinas'),
  (22,1,'Cocotitlán'),
  (23,1,'Coyotepec'),
  (24,1,'Cuautitlán'),
  (25,1,'Cuautitlán Izcalli'),
  (26,1,'Chalco'),
  (27,1,'Chapa de Mota'),
  (28,1,'Chapultepec'),
  (29,1,'Chiautla'),
  (30,1,'Chicoloapan'),
  (31,1,'Chiconcuac'),
  (32,1,'Chimalhuacán'),
  (33,1,'Donato Guerra'),
  (34,1,'Ecatepec de Morelos'),
  (35,1,'Ecatzingo'),
  (36,1,'El Oro'),
  (37,1,'Huehuetoca'),
  (38,1,'Hueypoxtla'),
  (39,1,'Huixquilucan'),
  (40,1,'Ixtapaluca'),
  (41,1,'Ixtapan de la Sal'),
  (42,1,'Ixtlahuaca'),
  (43,1,'Jilotepec'),
  (44,1,'Jiquipilco'),
  (45,1,'Jocotitlán'),
  (46,1,'Juchitepec'),
  (47,1,'La Paz'),
  (48,1,'Lerma'),
  (49,1,'Luvianos'),
  (50,1,'Malinalco'),
  (51,1,'Melchor Ocampo'),
  (52,1,'Metepec'),
  (53,1,'Mexicaltzingo'),
  (54,1,'Morelos'),
  (55,1,'Naucalpan de Juárez'),
  (56,1,'Nezahualcóyotl'),
  (57,1,'Nicolás Romero'),
  (58,1,'Ocoyoacac'),
  (59,1,'Ocuilan'),
  (60,1,'Otzolotepec'),
  (61,1,'Ozumba'),
  (62,1,'Papalotla'),
  (63,1,'Polotitlán'),
  (64,1,'Rayón'),
  (65,1,'San Antonio la Isla'),
  (66,1,'San Felipe del Progreso'),
  (67,1,'San José del Rincón'),
  (68,1,'San Mateo Atenco'),
  (69,1,'Santo Tomás'),
  (70,1,'Sultepec'),
  (71,1,'Tecámac'),
  (72,1,'Tejupilco'),
  (73,1,'Temamatla'),
  (74,1,'Temascalapa'),
  (75,1,'Temascalcingo'),
  (76,1,'Temascaltepec'),
  (77,1,'Temoaya'),
  (78,1,'Tenancingo'),
  (79,1,'Tenango del Valle'),
  (80,1,'Teoloyucan'),
  (81,1,'Teotihuacán'),
  (82,1,'Tepetlaoxtoc'),
  (83,1,'Tepotzotlán'),
  (84,1,'Texcoco'),
  (85,1,'Tianguistenco'),
  (86,1,'Tlalmanalco'),
  (87,1,'Tlalnepantla de Baz'),
  (88,1,'Toluca'),
  (89,1,'Tultepec'),
  (90,1,'Tultitlán'),
  (91,1,'Valle de Bravo'),
  (92,1,'Valle de Chalco Solidaridad'),
  (93,1,'Villa de Allende'),
  (94,1,'Villa del Carbón'),
  (95,1,'Villa Guerrero'),
  (96,1,'Villa Victoria'),
  (97,1,'Xalatlaco'),
  (98,1,'Xonacatlán'),
  (99,1,'Zinacantepec'),
  (100,1,'Zumpango');

-- 5. CATEGORIAS
INSERT IGNORE INTO `categorias` (`id_categoria`,`nombre`,`activo`) VALUES
  (1,'Pines Esmaltados',TRUE),(2,'Stickers Holográficos',TRUE),(3,'Llaveros Acrílicos',TRUE),
  (4,'Parches Bordados',TRUE),(5,'Botones',TRUE),(6,'Imanes Decorativos',TRUE),
  (7,'Pines de Seguridad',TRUE),(8,'Stickers Mate',TRUE),(9,'Coleccionables',TRUE),
  (10,'Edición Limitada',TRUE);

-- 6. TAMAÑOS
INSERT IGNORE INTO `tamaños` (`id_tamaño`,`descripcion`,`activo`) VALUES
  (1,'Mini (1.5cm)',TRUE),(2,'Chico (3cm)',TRUE),(3,'Mediano (4cm)',TRUE),
  (4,'Grande (5cm)',TRUE),(5,'Jumbo (7cm)',TRUE),(6,'XL (10cm)',TRUE);

-- 7. CATEGORIAS_GASTO
INSERT IGNORE INTO `categorias_gasto` (`id_categoria`,`nombre`,`descripcion`,`activa`) VALUES
  (1,'Materias primas','Compra de insumos y materiales base',TRUE),
  (2,'Transporte','Gastos de envío y movilización de mercancía',TRUE),
  (3,'Empaques','Bolsas, cajas y material de presentación',TRUE),
  (4,'Renta local','Pago de espacios físicos o bodegas',TRUE),
  (5,'Servicios básicos','Luz, agua, internet',TRUE),
  (6,'Marketing y publicidad','Redes sociales, impresión, fotografía',TRUE),
  (7,'Eventos y stands','Renta de espacios en ferias y bazares',TRUE),
  (8,'Nómina','Pagos de sueldos internos',TRUE),
  (9,'Equipo y herramientas','Compra o mantenimiento de maquinaria',TRUE),
  (10,'Gastos varios','Otros gastos operativos no clasificados',TRUE);

-- 8. USUARIOS (100)
INSERT IGNORE INTO `usuarios` (`id_usuario`, `username`, `password_hash`, `rol_id`, `activo`, `ultimo_acceso`, `created_at`) VALUES
  (1,'user0000001','$2b$10$jG7tnzn7AKzyCjRrrf9wIurWuRgJWhapsjxQb6BCKYgroEch/aT0q',1,TRUE,'2024-08-14 13:29:23','2020-05-19 08:02:06'),
  (2,'user0000002','$2b$10$jG7tnzn7AKzyCjRrrf9wIurWuRgJWhapsjxQb6BCKYgroEch/aT0q',1,TRUE,'2025-06-08 05:13:45','2023-08-20 22:07:38'),
  (3,'user0000003','$2b$10$jG7tnzn7AKzyCjRrrf9wIurWuRgJWhapsjxQb6BCKYgroEch/aT0q',1,TRUE,'2025-11-09 20:49:17','2020-04-12 20:26:02'),
  (4,'user0000004','$2b$10$jG7tnzn7AKzyCjRrrf9wIurWuRgJWhapsjxQb6BCKYgroEch/aT0q',1,TRUE,'2024-12-02 17:56:10','2021-02-11 13:37:56'),
  (5,'user0000005','$2b$10$jG7tnzn7AKzyCjRrrf9wIurWuRgJWhapsjxQb6BCKYgroEch/aT0q',1,TRUE,'2024-12-07 05:23:34','2021-07-12 15:50:34'),
  (6,'user0000006','$2b$10$jG7tnzn7AKzyCjRrrf9wIurWuRgJWhapsjxQb6BCKYgroEch/aT0q',1,TRUE,'2024-09-28 11:21:22','2020-05-27 07:45:17'),
  (7,'user0000007','$2b$10$jG7tnzn7AKzyCjRrrf9wIurWuRgJWhapsjxQb6BCKYgroEch/aT0q',1,TRUE,'2023-07-27 11:15:28','2023-08-08 05:55:46'),
  (8,'user0000008','$2b$10$jG7tnzn7AKzyCjRrrf9wIurWuRgJWhapsjxQb6BCKYgroEch/aT0q',1,TRUE,'2024-06-11 20:24:11','2022-09-12 08:53:16'),
  (9,'user0000009','$2b$10$jG7tnzn7AKzyCjRrrf9wIurWuRgJWhapsjxQb6BCKYgroEch/aT0q',1,TRUE,'2025-04-04 00:09:56','2023-02-03 16:18:25'),
  (10,'user0000010','$2b$10$jG7tnzn7AKzyCjRrrf9wIurWuRgJWhapsjxQb6BCKYgroEch/aT0q',1,TRUE,'2024-07-27 05:25:52','2022-06-29 00:07:14'),
  (11,'user0000011','$2b$10$jG7tnzn7AKzyCjRrrf9wIurWuRgJWhapsjxQb6BCKYgroEch/aT0q',2,TRUE,'2023-07-26 04:08:51','2021-09-04 14:57:15'),
  (12,'user0000012','$2b$10$jG7tnzn7AKzyCjRrrf9wIurWuRgJWhapsjxQb6BCKYgroEch/aT0q',2,TRUE,'2025-06-14 00:40:12','2023-04-06 16:18:43'),
  (13,'user0000013','$2b$10$jG7tnzn7AKzyCjRrrf9wIurWuRgJWhapsjxQb6BCKYgroEch/aT0q',2,TRUE,'2025-02-03 10:17:23','2020-08-22 06:09:33'),
  (14,'user0000014','$2b$10$jG7tnzn7AKzyCjRrrf9wIurWuRgJWhapsjxQb6BCKYgroEch/aT0q',2,TRUE,'2023-09-27 10:42:13','2023-06-13 16:07:27'),
  (15,'user0000015','$2b$10$jG7tnzn7AKzyCjRrrf9wIurWuRgJWhapsjxQb6BCKYgroEch/aT0q',2,TRUE,'2025-02-06 18:46:40','2020-06-20 06:40:15'),
  (16,'user0000016','$2b$10$jG7tnzn7AKzyCjRrrf9wIurWuRgJWhapsjxQb6BCKYgroEch/aT0q',2,TRUE,'2025-06-17 23:45:54','2023-10-18 19:12:59'),
  (17,'user0000017','$2b$10$jG7tnzn7AKzyCjRrrf9wIurWuRgJWhapsjxQb6BCKYgroEch/aT0q',2,TRUE,'2024-03-16 04:53:05','2023-04-22 00:06:42'),
  (18,'user0000018','$2b$10$jG7tnzn7AKzyCjRrrf9wIurWuRgJWhapsjxQb6BCKYgroEch/aT0q',2,TRUE,'2025-04-12 08:37:09','2020-06-04 20:44:38'),
  (19,'user0000019','$2b$10$jG7tnzn7AKzyCjRrrf9wIurWuRgJWhapsjxQb6BCKYgroEch/aT0q',2,TRUE,'2025-01-01 17:59:20','2020-03-01 12:51:47'),
  (20,'user0000020','$2b$10$jG7tnzn7AKzyCjRrrf9wIurWuRgJWhapsjxQb6BCKYgroEch/aT0q',2,TRUE,'2023-09-24 08:39:09','2022-06-20 05:27:46'),
  (21,'user0000021','$2b$10$jG7tnzn7AKzyCjRrrf9wIurWuRgJWhapsjxQb6BCKYgroEch/aT0q',3,TRUE,'2023-07-21 13:35:19','2023-05-10 13:54:57'),
  (22,'user0000022','$2b$10$jG7tnzn7AKzyCjRrrf9wIurWuRgJWhapsjxQb6BCKYgroEch/aT0q',3,TRUE,'2025-09-29 16:40:49','2020-05-18 17:10:52'),
  (23,'user0000023','$2b$10$jG7tnzn7AKzyCjRrrf9wIurWuRgJWhapsjxQb6BCKYgroEch/aT0q',3,TRUE,'2025-10-07 07:27:01','2021-08-13 03:36:45'),
  (24,'user0000024','$2b$10$jG7tnzn7AKzyCjRrrf9wIurWuRgJWhapsjxQb6BCKYgroEch/aT0q',3,TRUE,'2025-07-23 13:11:40','2022-03-05 03:27:48'),
  (25,'user0000025','$2b$10$jG7tnzn7AKzyCjRrrf9wIurWuRgJWhapsjxQb6BCKYgroEch/aT0q',3,TRUE,'2024-07-07 03:30:08','2020-08-27 23:54:08'),
  (26,'user0000026','$2b$10$jG7tnzn7AKzyCjRrrf9wIurWuRgJWhapsjxQb6BCKYgroEch/aT0q',3,TRUE,'2025-02-03 17:47:22','2020-10-02 04:57:54'),
  (27,'user0000027','$2b$10$jG7tnzn7AKzyCjRrrf9wIurWuRgJWhapsjxQb6BCKYgroEch/aT0q',3,TRUE,'2023-03-25 23:15:00','2021-03-19 09:33:39'),
  (28,'user0000028','$2b$10$jG7tnzn7AKzyCjRrrf9wIurWuRgJWhapsjxQb6BCKYgroEch/aT0q',3,TRUE,'2024-11-22 03:56:33','2023-03-30 10:29:58'),
  (29,'user0000029','$2b$10$jG7tnzn7AKzyCjRrrf9wIurWuRgJWhapsjxQb6BCKYgroEch/aT0q',3,TRUE,'2024-09-19 18:50:37','2021-04-05 05:55:37'),
  (30,'user0000030','$2b$10$jG7tnzn7AKzyCjRrrf9wIurWuRgJWhapsjxQb6BCKYgroEch/aT0q',3,TRUE,'2024-09-28 05:42:28','2021-05-18 18:53:59'),
  (31,'user0000031','$2b$10$jG7tnzn7AKzyCjRrrf9wIurWuRgJWhapsjxQb6BCKYgroEch/aT0q',3,TRUE,'2025-03-20 14:57:35','2020-04-30 06:03:09'),
  (32,'user0000032','$2b$10$jG7tnzn7AKzyCjRrrf9wIurWuRgJWhapsjxQb6BCKYgroEch/aT0q',3,FALSE,'2025-08-30 01:42:42','2022-05-15 06:57:48'),
  (33,'user0000033','$2b$10$jG7tnzn7AKzyCjRrrf9wIurWuRgJWhapsjxQb6BCKYgroEch/aT0q',3,TRUE,'2024-08-18 22:53:41','2020-12-16 02:44:57'),
  (34,'user0000034','$2b$10$jG7tnzn7AKzyCjRrrf9wIurWuRgJWhapsjxQb6BCKYgroEch/aT0q',3,TRUE,'2024-01-17 21:35:00','2023-01-03 13:13:51'),
  (35,'user0000035','$2b$10$jG7tnzn7AKzyCjRrrf9wIurWuRgJWhapsjxQb6BCKYgroEch/aT0q',3,TRUE,'2025-05-31 18:10:39','2020-06-12 14:52:15'),
  (36,'user0000036','$2b$10$jG7tnzn7AKzyCjRrrf9wIurWuRgJWhapsjxQb6BCKYgroEch/aT0q',3,TRUE,'2024-07-12 03:09:31','2023-11-26 16:04:24'),
  (37,'user0000037','$2b$10$jG7tnzn7AKzyCjRrrf9wIurWuRgJWhapsjxQb6BCKYgroEch/aT0q',3,TRUE,'2024-03-25 01:06:29','2022-08-16 06:15:03'),
  (38,'user0000038','$2b$10$jG7tnzn7AKzyCjRrrf9wIurWuRgJWhapsjxQb6BCKYgroEch/aT0q',3,TRUE,'2023-01-08 19:55:31','2020-02-28 21:31:48'),
  (39,'user0000039','$2b$10$jG7tnzn7AKzyCjRrrf9wIurWuRgJWhapsjxQb6BCKYgroEch/aT0q',3,TRUE,'2024-10-31 06:25:20','2021-06-17 08:04:05'),
  (40,'user0000040','$2b$10$jG7tnzn7AKzyCjRrrf9wIurWuRgJWhapsjxQb6BCKYgroEch/aT0q',3,TRUE,'2023-03-06 17:44:40','2021-09-09 03:33:14'),
  (41,'user0000041','$2b$10$jG7tnzn7AKzyCjRrrf9wIurWuRgJWhapsjxQb6BCKYgroEch/aT0q',3,TRUE,'2025-12-29 12:15:25','2021-04-18 19:00:08'),
  (42,'user0000042','$2b$10$jG7tnzn7AKzyCjRrrf9wIurWuRgJWhapsjxQb6BCKYgroEch/aT0q',3,TRUE,'2024-11-23 20:23:56','2020-12-21 14:47:54'),
  (43,'user0000043','$2b$10$jG7tnzn7AKzyCjRrrf9wIurWuRgJWhapsjxQb6BCKYgroEch/aT0q',3,TRUE,'2023-01-10 06:15:16','2021-07-11 14:23:19'),
  (44,'user0000044','$2b$10$jG7tnzn7AKzyCjRrrf9wIurWuRgJWhapsjxQb6BCKYgroEch/aT0q',3,TRUE,'2025-02-21 01:27:18','2022-08-07 11:47:13'),
  (45,'user0000045','$2b$10$jG7tnzn7AKzyCjRrrf9wIurWuRgJWhapsjxQb6BCKYgroEch/aT0q',3,TRUE,'2025-04-06 12:29:46','2023-12-09 11:40:10'),
  (46,'user0000046','$2b$10$jG7tnzn7AKzyCjRrrf9wIurWuRgJWhapsjxQb6BCKYgroEch/aT0q',3,TRUE,'2023-10-29 11:48:55','2023-10-01 08:17:20'),
  (47,'user0000047','$2b$10$jG7tnzn7AKzyCjRrrf9wIurWuRgJWhapsjxQb6BCKYgroEch/aT0q',3,TRUE,'2024-12-08 21:29:49','2021-12-17 12:47:18'),
  (48,'user0000048','$2b$10$jG7tnzn7AKzyCjRrrf9wIurWuRgJWhapsjxQb6BCKYgroEch/aT0q',3,FALSE,'2023-11-09 14:39:15','2020-01-04 10:55:49'),
  (49,'user0000049','$2b$10$jG7tnzn7AKzyCjRrrf9wIurWuRgJWhapsjxQb6BCKYgroEch/aT0q',3,TRUE,'2023-09-05 15:12:46','2023-10-24 20:46:00'),
  (50,'user0000050','$2b$10$jG7tnzn7AKzyCjRrrf9wIurWuRgJWhapsjxQb6BCKYgroEch/aT0q',3,TRUE,'2023-10-25 04:41:27','2020-11-18 07:32:52'),
  (51,'user0000051','$2b$10$jG7tnzn7AKzyCjRrrf9wIurWuRgJWhapsjxQb6BCKYgroEch/aT0q',4,TRUE,'2023-01-18 02:26:07','2021-07-31 13:32:37'),
  (52,'user0000052','$2b$10$jG7tnzn7AKzyCjRrrf9wIurWuRgJWhapsjxQb6BCKYgroEch/aT0q',4,TRUE,'2025-05-16 13:26:38','2022-05-04 05:30:22'),
  (53,'user0000053','$2b$10$jG7tnzn7AKzyCjRrrf9wIurWuRgJWhapsjxQb6BCKYgroEch/aT0q',4,TRUE,'2024-04-09 15:32:32','2022-05-28 07:15:08'),
  (54,'user0000054','$2b$10$jG7tnzn7AKzyCjRrrf9wIurWuRgJWhapsjxQb6BCKYgroEch/aT0q',4,TRUE,'2024-09-24 22:45:09','2021-10-31 08:10:23'),
  (55,'user0000055','$2b$10$jG7tnzn7AKzyCjRrrf9wIurWuRgJWhapsjxQb6BCKYgroEch/aT0q',4,TRUE,'2023-02-19 17:52:02','2021-12-08 07:27:29'),
  (56,'user0000056','$2b$10$jG7tnzn7AKzyCjRrrf9wIurWuRgJWhapsjxQb6BCKYgroEch/aT0q',4,FALSE,'2023-12-25 21:54:31','2022-11-29 22:57:27'),
  (57,'user0000057','$2b$10$jG7tnzn7AKzyCjRrrf9wIurWuRgJWhapsjxQb6BCKYgroEch/aT0q',4,TRUE,'2024-06-14 14:25:21','2020-10-29 08:28:00'),
  (58,'user0000058','$2b$10$jG7tnzn7AKzyCjRrrf9wIurWuRgJWhapsjxQb6BCKYgroEch/aT0q',4,TRUE,'2025-12-16 09:45:52','2023-11-19 23:47:41'),
  (59,'user0000059','$2b$10$jG7tnzn7AKzyCjRrrf9wIurWuRgJWhapsjxQb6BCKYgroEch/aT0q',4,TRUE,'2023-12-01 13:52:48','2021-11-20 15:39:40'),
  (60,'user0000060','$2b$10$jG7tnzn7AKzyCjRrrf9wIurWuRgJWhapsjxQb6BCKYgroEch/aT0q',4,TRUE,'2023-08-25 10:36:58','2022-04-06 18:40:24'),
  (61,'user0000061','$2b$10$jG7tnzn7AKzyCjRrrf9wIurWuRgJWhapsjxQb6BCKYgroEch/aT0q',4,TRUE,'2023-11-19 15:03:40','2023-09-01 11:55:05'),
  (62,'user0000062','$2b$10$jG7tnzn7AKzyCjRrrf9wIurWuRgJWhapsjxQb6BCKYgroEch/aT0q',4,FALSE,'2023-12-24 06:02:55','2020-04-30 20:46:14'),
  (63,'user0000063','$2b$10$jG7tnzn7AKzyCjRrrf9wIurWuRgJWhapsjxQb6BCKYgroEch/aT0q',4,TRUE,'2023-04-27 01:13:41','2020-12-10 16:30:00'),
  (64,'user0000064','$2b$10$jG7tnzn7AKzyCjRrrf9wIurWuRgJWhapsjxQb6BCKYgroEch/aT0q',4,TRUE,'2024-12-27 00:45:10','2023-02-08 19:58:59'),
  (65,'user0000065','$2b$10$jG7tnzn7AKzyCjRrrf9wIurWuRgJWhapsjxQb6BCKYgroEch/aT0q',4,TRUE,'2023-01-18 02:41:39','2023-03-10 11:24:25'),
  (66,'user0000066','$2b$10$jG7tnzn7AKzyCjRrrf9wIurWuRgJWhapsjxQb6BCKYgroEch/aT0q',4,TRUE,'2023-01-17 07:04:32','2020-10-06 22:06:11'),
  (67,'user0000067','$2b$10$jG7tnzn7AKzyCjRrrf9wIurWuRgJWhapsjxQb6BCKYgroEch/aT0q',4,TRUE,'2023-02-17 19:11:19','2023-10-20 06:01:34'),
  (68,'user0000068','$2b$10$jG7tnzn7AKzyCjRrrf9wIurWuRgJWhapsjxQb6BCKYgroEch/aT0q',4,TRUE,'2024-04-04 19:15:52','2023-03-04 15:37:09'),
  (69,'user0000069','$2b$10$jG7tnzn7AKzyCjRrrf9wIurWuRgJWhapsjxQb6BCKYgroEch/aT0q',4,TRUE,'2024-12-30 08:30:23','2020-10-27 09:59:54'),
  (70,'user0000070','$2b$10$jG7tnzn7AKzyCjRrrf9wIurWuRgJWhapsjxQb6BCKYgroEch/aT0q',4,TRUE,'2024-09-15 14:30:04','2023-03-29 19:04:26'),
  (71,'user0000071','$2b$10$jG7tnzn7AKzyCjRrrf9wIurWuRgJWhapsjxQb6BCKYgroEch/aT0q',4,TRUE,'2025-05-17 09:46:06','2023-07-20 16:34:35'),
  (72,'user0000072','$2b$10$jG7tnzn7AKzyCjRrrf9wIurWuRgJWhapsjxQb6BCKYgroEch/aT0q',4,TRUE,'2023-07-06 04:22:56','2020-01-21 09:08:57'),
  (73,'user0000073','$2b$10$jG7tnzn7AKzyCjRrrf9wIurWuRgJWhapsjxQb6BCKYgroEch/aT0q',4,TRUE,'2023-07-29 16:35:31','2023-11-29 22:20:08'),
  (74,'user0000074','$2b$10$jG7tnzn7AKzyCjRrrf9wIurWuRgJWhapsjxQb6BCKYgroEch/aT0q',4,TRUE,'2025-10-18 16:01:28','2022-11-20 01:05:50'),
  (75,'user0000075','$2b$10$jG7tnzn7AKzyCjRrrf9wIurWuRgJWhapsjxQb6BCKYgroEch/aT0q',4,TRUE,'2023-07-18 18:08:08','2021-12-07 13:56:42'),
  (76,'user0000076','$2b$10$jG7tnzn7AKzyCjRrrf9wIurWuRgJWhapsjxQb6BCKYgroEch/aT0q',4,TRUE,'2024-11-25 18:54:17','2023-04-18 06:52:32'),
  (77,'user0000077','$2b$10$jG7tnzn7AKzyCjRrrf9wIurWuRgJWhapsjxQb6BCKYgroEch/aT0q',4,TRUE,'2025-01-26 18:49:47','2020-08-22 08:47:55'),
  (78,'user0000078','$2b$10$jG7tnzn7AKzyCjRrrf9wIurWuRgJWhapsjxQb6BCKYgroEch/aT0q',4,TRUE,'2025-03-08 08:26:19','2022-09-24 06:17:33'),
  (79,'user0000079','$2b$10$jG7tnzn7AKzyCjRrrf9wIurWuRgJWhapsjxQb6BCKYgroEch/aT0q',4,TRUE,'2025-08-05 01:09:21','2022-02-23 01:39:10'),
  (80,'user0000080','$2b$10$jG7tnzn7AKzyCjRrrf9wIurWuRgJWhapsjxQb6BCKYgroEch/aT0q',4,TRUE,'2024-11-17 18:36:49','2021-11-16 22:42:21'),
  (81,'user0000081','$2b$10$jG7tnzn7AKzyCjRrrf9wIurWuRgJWhapsjxQb6BCKYgroEch/aT0q',4,TRUE,'2025-03-03 12:32:45','2021-01-14 10:00:23'),
  (82,'user0000082','$2b$10$jG7tnzn7AKzyCjRrrf9wIurWuRgJWhapsjxQb6BCKYgroEch/aT0q',4,FALSE,'2025-05-23 04:15:17','2021-05-31 23:16:29'),
  (83,'user0000083','$2b$10$jG7tnzn7AKzyCjRrrf9wIurWuRgJWhapsjxQb6BCKYgroEch/aT0q',4,FALSE,'2023-05-11 07:54:12','2022-08-01 12:48:27'),
  (84,'user0000084','$2b$10$jG7tnzn7AKzyCjRrrf9wIurWuRgJWhapsjxQb6BCKYgroEch/aT0q',4,TRUE,'2024-08-19 01:11:50','2020-04-24 14:29:19'),
  (85,'user0000085','$2b$10$jG7tnzn7AKzyCjRrrf9wIurWuRgJWhapsjxQb6BCKYgroEch/aT0q',4,TRUE,'2025-08-04 17:50:30','2021-01-29 06:09:42'),
  (86,'user0000086','$2b$10$jG7tnzn7AKzyCjRrrf9wIurWuRgJWhapsjxQb6BCKYgroEch/aT0q',4,TRUE,'2024-11-30 04:16:06','2021-06-16 06:39:53'),
  (87,'user0000087','$2b$10$jG7tnzn7AKzyCjRrrf9wIurWuRgJWhapsjxQb6BCKYgroEch/aT0q',4,TRUE,'2024-09-22 02:01:22','2020-12-26 06:03:35'),
  (88,'user0000088','$2b$10$jG7tnzn7AKzyCjRrrf9wIurWuRgJWhapsjxQb6BCKYgroEch/aT0q',4,TRUE,'2023-01-26 11:03:24','2021-07-06 02:19:21'),
  (89,'user0000089','$2b$10$jG7tnzn7AKzyCjRrrf9wIurWuRgJWhapsjxQb6BCKYgroEch/aT0q',4,TRUE,'2025-10-20 17:27:39','2023-09-28 09:44:30'),
  (90,'user0000090','$2b$10$jG7tnzn7AKzyCjRrrf9wIurWuRgJWhapsjxQb6BCKYgroEch/aT0q',4,TRUE,'2024-10-13 08:26:58','2022-10-11 04:49:05'),
  (91,'user0000091','$2b$10$jG7tnzn7AKzyCjRrrf9wIurWuRgJWhapsjxQb6BCKYgroEch/aT0q',4,TRUE,'2025-10-14 05:49:07','2023-05-31 18:09:03'),
  (92,'user0000092','$2b$10$jG7tnzn7AKzyCjRrrf9wIurWuRgJWhapsjxQb6BCKYgroEch/aT0q',4,TRUE,'2025-04-05 21:22:11','2023-08-19 19:19:48'),
  (93,'user0000093','$2b$10$jG7tnzn7AKzyCjRrrf9wIurWuRgJWhapsjxQb6BCKYgroEch/aT0q',4,TRUE,'2024-09-23 04:04:10','2020-01-04 12:01:49'),
  (94,'user0000094','$2b$10$jG7tnzn7AKzyCjRrrf9wIurWuRgJWhapsjxQb6BCKYgroEch/aT0q',4,TRUE,'2025-09-23 11:31:25','2023-03-01 14:16:16'),
  (95,'user0000095','$2b$10$jG7tnzn7AKzyCjRrrf9wIurWuRgJWhapsjxQb6BCKYgroEch/aT0q',4,FALSE,'2025-10-05 15:56:51','2021-07-01 13:33:21'),
  (96,'user0000096','$2b$10$jG7tnzn7AKzyCjRrrf9wIurWuRgJWhapsjxQb6BCKYgroEch/aT0q',4,FALSE,'2025-01-14 20:47:14','2023-02-04 01:24:07'),
  (97,'user0000097','$2b$10$jG7tnzn7AKzyCjRrrf9wIurWuRgJWhapsjxQb6BCKYgroEch/aT0q',4,TRUE,'2023-04-12 01:49:35','2021-09-18 03:59:42'),
  (98,'user0000098','$2b$10$jG7tnzn7AKzyCjRrrf9wIurWuRgJWhapsjxQb6BCKYgroEch/aT0q',4,TRUE,'2023-01-07 19:37:40','2020-05-15 15:24:30'),
  (99,'user0000099','$2b$10$jG7tnzn7AKzyCjRrrf9wIurWuRgJWhapsjxQb6BCKYgroEch/aT0q',4,TRUE,'2023-06-07 22:35:04','2022-05-21 23:43:13'),
  (100,'user0000100','$2b$10$jG7tnzn7AKzyCjRrrf9wIurWuRgJWhapsjxQb6BCKYgroEch/aT0q',4,TRUE,'2023-03-17 02:08:19','2020-12-01 10:24:37');

-- 9. EMPLEADOS (20, usuario_id 1–20)
INSERT IGNORE INTO `empleados` (`id_empleado`, `usuario_id`, `nombre_completo`, `email`, `telefono`, `puesto`, `calle_y_numero`, `colonia`, `codigo_postal`, `municipio_id`, `activo`) VALUES
  (1,1,'Arturo Hernández Jiménez','emp1@conveme.mx','5500000001','Encargado de Almacén','Calle 918 #46','Valle Dorado','50726',44,TRUE),
  (2,2,'Sergio Torres Gutiérrez','emp2@conveme.mx','5500000002','Contador','Calle 871 #48','Bosques de Ixtapan','50188',24,TRUE),
  (3,3,'Brenda Pérez Jiménez','emp3@conveme.mx','5500000003','Jefe de Ventas','Calle 322 #40','La Florida','50107',87,TRUE),
  (4,4,'Elena Hernández Castillo','emp4@conveme.mx','5500000004','Supervisor','Calle 886 #16','Cd. Satélite','50172',67,TRUE),
  (5,5,'Paulina Vega Vargas','emp5@conveme.mx','5500000005','Coordinador de Producción','Calle 257 #88','Bosques de Ixtapan','50480',78,TRUE),
  (6,6,'Patricia Mendoza Ruiz','emp6@conveme.mx','5500000006','Supervisor','Calle 254 #84','San Lorenzo','50588',88,TRUE),
  (7,7,'Héctor Delgado Guerrero','emp7@conveme.mx','5500000007','Community Manager','Calle 337 #85','La Florida','50058',92,TRUE),
  (8,8,'Gabriela Delgado Castillo','emp8@conveme.mx','5500000008','Community Manager','Calle 71 #29','Cd. Satélite','50932',13,TRUE),
  (9,9,'Ricardo Gutiérrez Martínez','emp9@conveme.mx','5500000009','Community Manager','Calle 123 #30','Centro','50135',91,TRUE),
  (10,10,'Mariana Sánchez Reyes','emp10@conveme.mx','5500000010','Encargado de Almacén','Calle 8 #72','Jardines del Valle','50164',26,TRUE),
  (11,11,'Rosa Torres Medina','emp11@conveme.mx','5500000011','Diseñador Gráfico','Calle 282 #97','Cumbres','50143',11,TRUE),
  (12,12,'Natalia Martínez Romero','emp12@conveme.mx','5500000012','Community Manager','Calle 98 #1','Del Parque','50427',81,TRUE),
  (13,13,'Rosa Romero Díaz','emp13@conveme.mx','5500000013','Encargado de Logística','Calle 837 #15','Valle Dorado','50289',53,TRUE),
  (14,14,'Omar Martínez Rivera','emp14@conveme.mx','5500000014','Gerente General','Calle 556 #55','La Merced','50930',49,TRUE),
  (15,15,'Brenda Castillo Gutiérrez','emp15@conveme.mx','5500000015','Jefe de Ventas','Calle 500 #13','Cumbres','50357',52,TRUE),
  (16,16,'Diego Pérez Díaz','emp16@conveme.mx','5500000016','Coordinador de Producción','Calle 770 #38','Bosques de Ixtapan','50260',4,TRUE),
  (17,17,'María Pérez Ramírez','emp17@conveme.mx','5500000017','Encargado de Almacén','Calle 625 #59','La Florida','50557',86,TRUE),
  (18,18,'Raúl Vargas Guerrero','emp18@conveme.mx','5500000018','Contador','Calle 400 #94','San Cristóbal','50170',62,TRUE),
  (19,19,'Juan Ramos Flores','emp19@conveme.mx','5500000019','Supervisor','Calle 536 #67','Jardines del Valle','50147',100,TRUE),
  (20,20,'Laura Sánchez Rivera','emp20@conveme.mx','5500000020','Contador','Calle 843 #41','San Lorenzo','50078',37,TRUE);

-- 10. ESCUELAS (200)
INSERT IGNORE INTO `escuelas` (`id_escuela`, `nombre`, `siglas`, `municipio_id`, `activa`) VALUES
  (1,'UNITEC Campus Norte 1','LS',17,TRUE),
  (2,'UNAM Campus Poniente 2','UPVM',10,FALSE),
  (3,'UAEM Plantel B 3','UTEG',3,TRUE),
  (4,'UAM Campus Poniente 4','I',45,TRUE),
  (5,'UAM Campus Poniente 5','CET',94,TRUE),
  (6,'La Salle Campus Poniente 6','UAM',71,TRUE),
  (7,'UTEG Unidad 2 7','UPVM',8,TRUE),
  (8,'La Salle Campus Centro 8','TNM',10,TRUE),
  (9,'Anáhuac Unidad 2 9','TNM',99,TRUE),
  (10,'La Salle Plantel A 10','TNM',84,TRUE),
  (11,'UPVM Campus Poniente 11','I',1,TRUE),
  (12,'IPN Plantel A 12','UPVM',64,TRUE),
  (13,'UAM Unidad 1 13','UAEM',89,TRUE),
  (14,'UVM Campus Sur 14','TNM',27,TRUE),
  (15,'UTEG Campus Oriente 15','UTEG',91,TRUE),
  (16,'UAM Campus Oriente 16','UVM',66,TRUE),
  (17,'TecNM Unidad 2 17','UPVM',16,TRUE),
  (18,'CET Campus Centro 18','UTEG',41,FALSE),
  (19,'IPN Unidad 2 19','UPVM',44,TRUE),
  (20,'Iberoamericana Campus Centro 20','A',50,TRUE),
  (21,'UAM Unidad 2 21','UAM',83,TRUE),
  (22,'IPN Campus Sur 22','UPVM',55,TRUE),
  (23,'Anáhuac Campus Sur 23','A',89,TRUE),
  (24,'UNAM Campus Oriente 24','TNM',28,TRUE),
  (25,'UAM Unidad 2 25','TNM',32,TRUE),
  (26,'UVM Campus Sur 26','UTEG',82,TRUE),
  (27,'La Salle Unidad 2 27','LS',1,TRUE),
  (28,'La Salle Campus Sur 28','A',54,TRUE),
  (29,'La Salle Campus Sur 29','I',36,TRUE),
  (30,'Anáhuac Plantel A 30','TNM',36,TRUE),
  (31,'Anáhuac Campus Poniente 31','UVM',54,TRUE),
  (32,'UAEM Campus Oriente 32','UNITEC',99,TRUE),
  (33,'UNAM Campus Poniente 33','UVM',22,TRUE),
  (34,'UAEM Campus Norte 34','CET',1,TRUE),
  (35,'UNITEC Campus Centro 35','A',88,TRUE),
  (36,'UNAM Campus Sur 36','UNAM',10,TRUE),
  (37,'UNITEC Plantel B 37','UVM',60,TRUE),
  (38,'UNITEC Campus Centro 38','A',69,TRUE),
  (39,'UNITEC Plantel B 39','UNAM',30,TRUE),
  (40,'IPN Campus Norte 40','I',43,TRUE),
  (41,'UTEG Campus Oriente 41','TNM',80,TRUE),
  (42,'UVM Campus Sur 42','LS',18,TRUE),
  (43,'UVM Campus Oriente 43','LS',46,FALSE),
  (44,'CET Unidad 2 44','CET',93,TRUE),
  (45,'UAM Plantel A 45','UAM',4,TRUE),
  (46,'La Salle Campus Sur 46','UTEG',3,TRUE),
  (47,'UAEM Campus Sur 47','I',32,TRUE),
  (48,'UAEM Campus Oriente 48','UAEM',70,TRUE),
  (49,'UVM Campus Centro 49','LS',16,TRUE),
  (50,'UPVM Campus Sur 50','UAEM',71,TRUE),
  (51,'La Salle Unidad 1 51','UVM',64,TRUE),
  (52,'La Salle Campus Centro 52','UTEG',80,TRUE),
  (53,'La Salle Campus Norte 53','I',2,TRUE),
  (54,'UNITEC Campus Oriente 54','LS',36,TRUE),
  (55,'La Salle Campus Oriente 55','IPN',59,TRUE),
  (56,'UPVM Plantel B 56','LS',25,TRUE),
  (57,'CET Campus Oriente 57','UAM',25,TRUE),
  (58,'UAM Campus Oriente 58','UPVM',66,TRUE),
  (59,'La Salle Plantel A 59','TNM',30,TRUE),
  (60,'La Salle Campus Sur 60','TNM',19,TRUE),
  (61,'Iberoamericana Campus Poniente 61','UPVM',22,TRUE),
  (62,'TecNM Campus Poniente 62','LS',67,TRUE),
  (63,'IPN Campus Oriente 63','UAEM',29,TRUE),
  (64,'CET Plantel B 64','UTEG',85,TRUE),
  (65,'UTEG Unidad 2 65','A',46,TRUE),
  (66,'Anáhuac Campus Norte 66','LS',79,TRUE),
  (67,'CET Campus Norte 67','UPVM',10,TRUE),
  (68,'UNITEC Unidad 1 68','IPN',99,TRUE),
  (69,'UAM Plantel B 69','LS',79,TRUE),
  (70,'Iberoamericana Campus Sur 70','UNAM',100,FALSE),
  (71,'La Salle Campus Norte 71','UAEM',58,TRUE),
  (72,'CET Campus Oriente 72','I',61,TRUE),
  (73,'UPVM Plantel B 73','UAEM',94,TRUE),
  (74,'TecNM Unidad 2 74','UAEM',16,TRUE),
  (75,'Anáhuac Campus Poniente 75','UAEM',65,TRUE),
  (76,'UNITEC Campus Norte 76','UNAM',38,TRUE),
  (77,'Anáhuac Campus Centro 77','TNM',40,TRUE),
  (78,'UPVM Campus Poniente 78','UAEM',7,TRUE),
  (79,'CET Campus Centro 79','CET',56,TRUE),
  (80,'UAEM Campus Norte 80','LS',6,TRUE),
  (81,'La Salle Unidad 2 81','UTEG',81,TRUE),
  (82,'UAEM Plantel B 82','CET',33,TRUE),
  (83,'CET Campus Sur 83','A',87,TRUE),
  (84,'UAM Unidad 1 84','UAEM',65,TRUE),
  (85,'UAM Campus Sur 85','A',9,TRUE),
  (86,'UVM Unidad 1 86','UNITEC',52,TRUE),
  (87,'Anáhuac Plantel B 87','TNM',68,TRUE),
  (88,'UVM Unidad 1 88','UPVM',31,TRUE),
  (89,'Iberoamericana Campus Norte 89','A',13,TRUE),
  (90,'UAM Campus Sur 90','A',4,TRUE),
  (91,'UPVM Campus Oriente 91','I',85,TRUE),
  (92,'UNITEC Unidad 1 92','I',13,TRUE),
  (93,'La Salle Campus Centro 93','UNAM',85,TRUE),
  (94,'UPVM Unidad 2 94','UTEG',63,TRUE),
  (95,'UVM Campus Poniente 95','CET',35,TRUE),
  (96,'UPVM Campus Poniente 96','CET',27,TRUE),
  (97,'TecNM Campus Sur 97','UNAM',71,TRUE),
  (98,'UNAM Campus Norte 98','UAEM',53,TRUE),
  (99,'UNITEC Plantel B 99','UPVM',81,TRUE),
  (100,'UTEG Plantel B 100','UTEG',20,TRUE);
INSERT IGNORE INTO `escuelas` (`id_escuela`, `nombre`, `siglas`, `municipio_id`, `activa`) VALUES
  (101,'UAEM Plantel A 101','CET',16,TRUE),
  (102,'UPVM Campus Norte 102','LS',66,TRUE),
  (103,'UNITEC Campus Oriente 103','TNM',95,TRUE),
  (104,'IPN Campus Sur 104','UVM',91,TRUE),
  (105,'UAM Unidad 1 105','UAM',68,FALSE),
  (106,'UNAM Campus Poniente 106','UNITEC',39,TRUE),
  (107,'UVM Campus Norte 107','I',55,TRUE),
  (108,'CET Campus Centro 108','IPN',36,TRUE),
  (109,'UPVM Plantel B 109','UAM',17,TRUE),
  (110,'UPVM Unidad 2 110','UTEG',73,TRUE),
  (111,'Anáhuac Campus Norte 111','CET',8,TRUE),
  (112,'TecNM Campus Centro 112','TNM',60,TRUE),
  (113,'UVM Unidad 1 113','UPVM',98,TRUE),
  (114,'Anáhuac Campus Centro 114','UNAM',99,TRUE),
  (115,'UNAM Campus Centro 115','UAM',10,TRUE),
  (116,'UNAM Campus Sur 116','UTEG',30,TRUE),
  (117,'Anáhuac Campus Sur 117','UPVM',86,TRUE),
  (118,'IPN Plantel A 118','UNAM',29,TRUE),
  (119,'UTEG Campus Oriente 119','UNITEC',17,TRUE),
  (120,'TecNM Campus Centro 120','UAEM',54,TRUE),
  (121,'Iberoamericana Campus Poniente 121','UAM',54,TRUE),
  (122,'IPN Campus Oriente 122','UTEG',43,TRUE),
  (123,'UNITEC Unidad 1 123','A',75,TRUE),
  (124,'TecNM Plantel B 124','IPN',16,TRUE),
  (125,'UPVM Campus Poniente 125','A',86,TRUE),
  (126,'La Salle Unidad 2 126','A',6,TRUE),
  (127,'UPVM Campus Poniente 127','CET',40,TRUE),
  (128,'La Salle Plantel B 128','A',16,TRUE),
  (129,'CET Campus Sur 129','UVM',37,TRUE),
  (130,'UNAM Campus Norte 130','A',8,TRUE),
  (131,'UAEM Unidad 2 131','UAEM',33,TRUE),
  (132,'UNAM Campus Sur 132','CET',68,TRUE),
  (133,'UAM Campus Poniente 133','UTEG',21,TRUE),
  (134,'UNAM Unidad 1 134','UNITEC',71,TRUE),
  (135,'CET Campus Oriente 135','UVM',90,TRUE),
  (136,'UAM Campus Oriente 136','UAM',72,TRUE),
  (137,'La Salle Campus Poniente 137','I',39,TRUE),
  (138,'UNAM Campus Poniente 138','UNITEC',73,TRUE),
  (139,'UPVM Campus Poniente 139','UNITEC',86,TRUE),
  (140,'UNAM Unidad 1 140','IPN',59,TRUE),
  (141,'CET Campus Oriente 141','TNM',86,TRUE),
  (142,'IPN Unidad 2 142','IPN',88,TRUE),
  (143,'Iberoamericana Unidad 2 143','UNITEC',28,TRUE),
  (144,'CET Campus Poniente 144','I',83,TRUE),
  (145,'La Salle Campus Norte 145','LS',11,TRUE),
  (146,'UAM Plantel B 146','UPVM',20,TRUE),
  (147,'UNITEC Unidad 1 147','LS',50,TRUE),
  (148,'TecNM Plantel B 148','UAEM',93,TRUE),
  (149,'Anáhuac Plantel A 149','A',98,TRUE),
  (150,'TecNM Plantel A 150','IPN',97,TRUE),
  (151,'Anáhuac Campus Oriente 151','TNM',53,TRUE),
  (152,'IPN Campus Poniente 152','LS',15,TRUE),
  (153,'UNITEC Campus Poniente 153','UAEM',13,TRUE),
  (154,'UVM Plantel B 154','A',59,TRUE),
  (155,'UVM Campus Poniente 155','UPVM',78,TRUE),
  (156,'Iberoamericana Campus Centro 156','CET',48,TRUE),
  (157,'UNAM Campus Oriente 157','I',15,TRUE),
  (158,'UPVM Campus Oriente 158','IPN',35,TRUE),
  (159,'TecNM Campus Norte 159','UTEG',8,TRUE),
  (160,'UNITEC Campus Poniente 160','LS',10,TRUE),
  (161,'CET Unidad 2 161','I',44,TRUE),
  (162,'UAEM Campus Sur 162','A',9,TRUE),
  (163,'UNAM Unidad 2 163','UAEM',17,TRUE),
  (164,'UAEM Campus Oriente 164','UNITEC',30,TRUE),
  (165,'UNITEC Campus Oriente 165','I',26,TRUE),
  (166,'TecNM Plantel A 166','UAEM',19,TRUE),
  (167,'TecNM Unidad 1 167','UAEM',36,TRUE),
  (168,'Iberoamericana Plantel A 168','LS',57,TRUE),
  (169,'UVM Campus Norte 169','UNAM',51,TRUE),
  (170,'Anáhuac Campus Oriente 170','A',31,TRUE),
  (171,'IPN Unidad 2 171','UTEG',95,TRUE),
  (172,'Anáhuac Unidad 2 172','UAEM',23,TRUE),
  (173,'UAEM Campus Norte 173','IPN',30,TRUE),
  (174,'UAM Unidad 1 174','UPVM',86,TRUE),
  (175,'La Salle Campus Centro 175','UVM',55,TRUE),
  (176,'UAEM Campus Centro 176','UVM',87,TRUE),
  (177,'UPVM Campus Norte 177','UAM',22,TRUE),
  (178,'UNITEC Campus Centro 178','CET',20,TRUE),
  (179,'UNITEC Campus Sur 179','A',44,TRUE),
  (180,'UVM Plantel A 180','UPVM',56,TRUE),
  (181,'La Salle Campus Poniente 181','IPN',96,TRUE),
  (182,'UAM Campus Sur 182','IPN',87,TRUE),
  (183,'CET Campus Oriente 183','UAM',66,TRUE),
  (184,'UNITEC Plantel B 184','UPVM',52,TRUE),
  (185,'La Salle Campus Norte 185','TNM',63,FALSE),
  (186,'Anáhuac Unidad 1 186','UVM',53,TRUE),
  (187,'CET Campus Poniente 187','CET',43,TRUE),
  (188,'TecNM Campus Norte 188','UAEM',66,TRUE),
  (189,'Iberoamericana Plantel B 189','UPVM',100,TRUE),
  (190,'UAM Plantel A 190','TNM',35,TRUE),
  (191,'TecNM Unidad 1 191','LS',97,TRUE),
  (192,'La Salle Campus Centro 192','UTEG',28,TRUE),
  (193,'La Salle Campus Norte 193','I',47,TRUE),
  (194,'CET Campus Norte 194','A',94,TRUE),
  (195,'UNITEC Campus Oriente 195','UPVM',6,TRUE),
  (196,'Iberoamericana Unidad 2 196','UAM',77,FALSE),
  (197,'UAEM Campus Sur 197','UVM',45,FALSE),
  (198,'UTEG Unidad 2 198','A',18,TRUE),
  (199,'UNAM Plantel A 199','UNAM',73,TRUE),
  (200,'Anáhuac Campus Norte 200','CET',17,TRUE);

-- 11. VENDEDORES (30, usuario_id 21–50)
INSERT IGNORE INTO `vendedores` (`id_vendedor`, `usuario_id`, `escuela_id`, `nombre_completo`, `email`, `telefono`, `instagram_handle`, `calle_y_numero`, `colonia`, `codigo_postal`, `municipio_id`, `facultad_o_campus`, `punto_entrega_habitual`, `estado_laboral`, `comision_fija_menudeo`, `comision_fija_mayoreo`, `meta_ventas_mensual`) VALUES
  (1,21,55,'Laura Díaz Martínez','vend1@conveme.mx','5500000021','@conveme_1','Calle 213 #92','Bosques de Ixtapan','50765',55,'Facultad de Medicina','Entrada Facultad','En prueba',9.12,4.47,6153.53),
  (2,22,51,'Sofía Martínez Sánchez','vend2@conveme.mx','5500000022','@conveme_2','Calle 483 #57','Jardines del Valle','50900',79,'Facultad de Ingeniería','Cafetería Central','En prueba',8.32,3.03,7247.72),
  (3,23,103,'Valentina Díaz Díaz','vend3@conveme.mx','5500000023','@conveme_3','Calle 497 #91','La Florida','50607',18,'Campus Amecameca','Sala de Juntas','Inactivo',6.20,2.23,6024.71),
  (4,24,197,'Fernando Vargas Jiménez','vend4@conveme.mx','5500000024','@conveme_4','Calle 837 #13','San Cristóbal','50509',2,'Facultad de Arquitectura','Biblioteca','Activo',8.65,4.34,5908.93),
  (5,25,24,'Valentina Reyes Mendoza','vend5@conveme.mx','5500000025','@conveme_5','Calle 831 #94','Del Parque','50491',9,'Facultad de Economía','Explanada','En prueba',8.36,3.07,4422.76),
  (6,26,57,'Guadalupe Morales Torres','vend6@conveme.mx','5500000026','@conveme_6','Calle 670 #52','Jardines del Valle','50971',14,'Facultad de Derecho','Cafetería Central','Suspendido',8.69,3.61,8686.56),
  (7,27,67,'Raúl Ruiz Jiménez','vend7@conveme.mx','5500000027','@conveme_7','Calle 548 #96','Jardines del Valle','50090',89,'Campus Ecatepec','Entrada Facultad','Inactivo',6.10,4.60,7383.47),
  (8,28,25,'Diego Vargas López','vend8@conveme.mx','5500000028','@conveme_8','Calle 28 #56','Industrial','50890',46,'Campus Zumpango','Cafetería Central','En prueba',9.96,2.49,7031.62),
  (9,29,32,'Fernando Delgado González','vend9@conveme.mx','5500000029','@conveme_9','Calle 857 #93','La Florida','50004',60,'Facultad de Ingeniería','Puerta Principal','Suspendido',7.72,2.47,8209.81),
  (10,30,21,'Arturo Vega Flores','vend10@conveme.mx','5500000030','@conveme_10','Calle 339 #74','Del Parque','50966',75,'Campus Zumpango','Estacionamiento A','Suspendido',8.81,3.59,8136.29),
  (11,31,192,'Andrés Ortega Ortega','vend11@conveme.mx','5500000031','@conveme_11','Calle 982 #12','Lomas Verdes','50354',85,'Facultad de Derecho','Entrada Facultad','Activo',9.97,4.06,4437.04),
  (12,32,147,'Paulina Ramos González','vend12@conveme.mx','5500000032','@conveme_12','Calle 777 #20','Jardines del Valle','50854',4,'Campus Amecameca','Entrada Facultad','Suspendido',6.92,3.16,6486.18),
  (13,33,113,'Héctor Ramírez Castillo','vend13@conveme.mx','5500000033','@conveme_13','Calle 752 #46','La Merced','50188',44,'Campus Toluca','Explanada','En prueba',8.68,3.04,5226.75),
  (14,34,94,'Gabriela Ortega Gómez','vend14@conveme.mx','5500000034','@conveme_14','Calle 933 #46','Cd. Satélite','50090',16,'Facultad de Humanidades','Explanada','Activo',8.07,4.46,4994.23),
  (15,35,175,'Sofía Ramírez Flores','vend15@conveme.mx','5500000035','@conveme_15','Calle 146 #51','Cumbres','50967',45,'Facultad de Derecho','Entrada Facultad','Suspendido',6.02,3.48,5856.56),
  (16,36,193,'Luis Ramos Guerrero','vend16@conveme.mx','5500000036','@conveme_16','Calle 635 #64','Valle Dorado','50415',63,'Campus Amecameca','Biblioteca','Activo',7.44,3.78,3551.19),
  (17,37,98,'Claudia Sánchez Vega','vend17@conveme.mx','5500000037','@conveme_17','Calle 298 #5','Cumbres','50195',65,'Facultad de Ingeniería','Entrada Facultad','Activo',7.33,2.30,2980.62),
  (18,38,162,'Adriana Rivera Reyes','vend18@conveme.mx','5500000038','@conveme_18','Calle 253 #58','Cumbres','50409',89,'Campus Toluca','Biblioteca','Suspendido',6.74,4.55,9866.83),
  (19,39,196,'Gabriela Sánchez Gutiérrez','vend19@conveme.mx','5500000039','@conveme_19','Calle 903 #54','La Florida','50497',56,'Campus Texcoco','Biblioteca','En prueba',6.48,4.63,5530.73),
  (20,40,49,'Valentina García Gutiérrez','vend20@conveme.mx','5500000040','@conveme_20','Calle 455 #74','San Lorenzo','50014',55,'Campus Amecameca','Coordinación','Suspendido',6.04,3.12,9452.36),
  (21,41,157,'Patricia Torres Flores','vend21@conveme.mx','5500000041','@conveme_21','Calle 301 #2','Bosques de Ixtapan','50436',2,'Facultad de Humanidades','Cafetería Central','Suspendido',8.11,2.64,2011.20),
  (22,42,118,'Omar Pérez Gutiérrez','vend22@conveme.mx','5500000042','@conveme_22','Calle 738 #76','Jardines del Valle','50973',97,'Campus Texcoco','Entrada Facultad','En prueba',6.89,3.40,9008.65),
  (23,43,68,'Omar Díaz Mendoza','vend23@conveme.mx','5500000043','@conveme_23','Calle 970 #47','Bosques de Ixtapan','50893',37,'Centro Universitario UAEM','Puerta Principal','En prueba',8.81,2.78,8010.63),
  (24,44,128,'Mariana García Vega','vend24@conveme.mx','5500000044','@conveme_24','Calle 561 #88','Cumbres','50340',28,'Campus Toluca','Entrada Facultad','En prueba',8.44,4.79,6836.71),
  (25,45,95,'Fernando Torres Ramírez','vend25@conveme.mx','5500000045','@conveme_25','Calle 102 #28','San Lorenzo','50239',35,'Facultad de Economía','Entrada Facultad','Activo',6.34,4.39,2511.61),
  (26,46,23,'Guadalupe Pérez Gómez','vend26@conveme.mx','5500000046','@conveme_26','Calle 321 #19','San Cristóbal','50781',33,'Facultad de Medicina','Cafetería Central','Suspendido',7.15,2.26,3675.37),
  (27,47,101,'Manuel Pérez Ortega','vend27@conveme.mx','5500000047','@conveme_27','Calle 575 #2','Del Parque','50597',70,'Campus Texcoco','Entrada Facultad','En prueba',8.31,3.21,8524.86),
  (28,48,103,'Jorge Hernández Guerrero','vend28@conveme.mx','5500000048','@conveme_28','Calle 112 #6','Santa Fe','50275',14,'Facultad de Ingeniería','Puerta Principal','Activo',8.32,2.68,6098.26),
  (29,49,37,'Sergio Reyes Ramírez','vend29@conveme.mx','5500000049','@conveme_29','Calle 515 #19','Jardines del Valle','50605',28,'Facultad de Economía','Sala de Juntas','Suspendido',9.48,2.79,3206.76),
  (30,50,49,'Héctor Ortega Rivera','vend30@conveme.mx','5500000050','@conveme_30','Calle 892 #91','Industrial','50699',4,'Facultad de Economía','Explanada','Suspendido',9.21,2.45,6765.88);

-- 12. CLIENTES (50, usuario_id 51–100)
INSERT IGNORE INTO `clientes` (`id_cliente`, `usuario_id`, `nombre_completo`, `email`, `telefono`, `direccion_envio`, `fecha_registro`) VALUES
  (1,51,'Rosa Jiménez López','cli1@gmail.com','5500000051','Calle 143 #91, Col. Valle Dorado, Hueypoxtla, Edo. Méx.','2023-08-16 16:12:57'),
  (2,52,'Roberto Vargas Hernández','cli2@gmail.com','5500000052','Calle 695 #82, Col. La Merced, Teotihuacán, Edo. Méx.','2023-08-04 17:07:45'),
  (3,53,'Claudia Reyes Romero','cli3@gmail.com','5500000053','Calle 695 #9, Col. Valle Dorado, Atenco, Edo. Méx.','2025-12-12 03:22:44'),
  (4,54,'Andrés Jiménez Romero','cli4@gmail.com','5500000054','Calle 237 #54, Col. Centro, Teotihuacán, Edo. Méx.','2025-02-17 21:15:53'),
  (5,55,'Juan Jiménez Hernández','cli5@gmail.com','5500000055','Calle 514 #23, Col. La Florida, Temamatla, Edo. Méx.','2021-06-10 23:40:06'),
  (6,56,'Luis Delgado Mendoza','cli6@gmail.com','5500000056','Calle 58 #39, Col. Santa Fe, Morelos, Edo. Méx.','2022-04-19 00:41:42'),
  (7,57,'Carlos Mendoza Ruiz','cli7@gmail.com','5500000057','Calle 536 #89, Col. Bosques de Ixtapan, Atizapán de Zaragoza, Edo. Méx.','2024-05-26 18:48:50'),
  (8,58,'Iván Cruz Díaz','cli8@gmail.com','5500000058','Calle 115 #91, Col. Cd. Satélite, Tepotzotlán, Edo. Méx.','2024-10-09 00:29:52'),
  (9,59,'Sofía Rodríguez Díaz','cli9@gmail.com','5500000059','Calle 380 #94, Col. Cd. Satélite, Chimalhuacán, Edo. Méx.','2024-08-19 12:21:55'),
  (10,60,'Juan Rodríguez Cruz','cli10@gmail.com','5500000060','Calle 828 #15, Col. Lomas Verdes, Mexicaltzingo, Edo. Méx.','2020-03-15 05:49:12'),
  (11,61,'Jorge García Hernández','cli11@gmail.com','5500000061','Calle 909 #93, Col. Jardines del Valle, Capulhuac, Edo. Méx.','2022-05-02 18:11:34'),
  (12,62,'Patricia Martínez Flores','cli12@gmail.com','5500000062','Calle 642 #97, Col. Del Parque, Chicoloapan, Edo. Méx.','2021-01-20 18:22:48'),
  (13,63,'Iván Hernández Cruz','cli13@gmail.com','5500000063','Calle 790 #38, Col. Industrial, Ecatzingo, Edo. Méx.','2020-12-17 20:59:13'),
  (14,64,'Iván Medina Ruiz','cli14@gmail.com','5500000064','Calle 590 #37, Col. Cumbres, Ixtapan de la Sal, Edo. Méx.','2021-07-02 12:57:57'),
  (15,65,'Gabriela Gómez Rivera','cli15@gmail.com','5500000065','Calle 59 #8, Col. Bosques de Ixtapan, Villa Victoria, Edo. Méx.','2020-02-13 04:45:31'),
  (16,66,'Andrés Rivera Hernández','cli16@gmail.com','5500000066','Calle 850 #78, Col. Cd. Satélite, Ocoyoacac, Edo. Méx.','2020-04-14 13:56:10'),
  (17,67,'Mariana Guerrero López','cli17@gmail.com','5500000067','Calle 681 #42, Col. La Florida, Lerma, Edo. Méx.','2020-05-30 05:20:21'),
  (18,68,'Claudia Martínez Reyes','cli18@gmail.com','5500000068','Calle 317 #40, Col. Centro, Temoaya, Edo. Méx.','2025-08-09 03:43:10'),
  (19,69,'Luis Vargas Mendoza','cli19@gmail.com','5500000069','Calle 119 #73, Col. Cd. Satélite, Nicolás Romero, Edo. Méx.','2022-05-05 18:52:48'),
  (20,70,'Paulina Morales Rivera','cli20@gmail.com','5500000070','Calle 157 #48, Col. La Merced, Xonacatlán, Edo. Méx.','2023-12-25 23:18:55'),
  (21,71,'Miguel Castillo García','cli21@gmail.com','5500000071','Calle 884 #53, Col. La Florida, Teotihuacán, Edo. Méx.','2025-03-06 06:21:10'),
  (22,72,'Gabriela Romero García','cli22@gmail.com','5500000072','Calle 373 #66, Col. Cd. Satélite, Atizapán, Edo. Méx.','2021-02-22 08:47:34'),
  (23,73,'Claudia González Guerrero','cli23@gmail.com','5500000073','Calle 113 #90, Col. Cd. Satélite, Otzolotepec, Edo. Méx.','2025-10-26 18:02:58'),
  (24,74,'Arturo López Díaz','cli24@gmail.com','5500000074','Calle 371 #28, Col. La Merced, Temascaltepec, Edo. Méx.','2022-11-21 11:47:30'),
  (25,75,'Raúl García Castillo','cli25@gmail.com','5500000075','Calle 118 #76, Col. Cumbres, Valle de Bravo, Edo. Méx.','2023-09-08 06:04:59'),
  (26,76,'Gabriela Ramírez Medina','cli26@gmail.com','5500000076','Calle 514 #66, Col. Jardines del Valle, Xalatlaco, Edo. Méx.','2021-12-20 12:01:21'),
  (27,77,'José Rivera Flores','cli27@gmail.com','5500000077','Calle 956 #20, Col. Santa Fe, Apaxco, Edo. Méx.','2025-07-30 20:53:09'),
  (28,78,'Paulina Vega Ruiz','cli28@gmail.com','5500000078','Calle 693 #47, Col. Industrial, Atizapán de Zaragoza, Edo. Méx.','2020-12-17 17:45:55'),
  (29,79,'Alejandra Romero Díaz','cli29@gmail.com','5500000079','Calle 992 #74, Col. Lomas Verdes, Tenancingo, Edo. Méx.','2020-07-27 23:42:39'),
  (30,80,'Héctor Reyes Romero','cli30@gmail.com','5500000080','Calle 885 #97, Col. San Cristóbal, Temascalapa, Edo. Méx.','2025-02-22 22:22:15'),
  (31,81,'Arturo Díaz Romero','cli31@gmail.com','5500000081','Calle 457 #75, Col. Centro, Naucalpan de Juárez, Edo. Méx.','2020-11-13 11:07:54'),
  (32,82,'Omar Sánchez Morales','cli32@gmail.com','5500000082','Calle 715 #42, Col. Industrial, Cuautitlán Izcalli, Edo. Méx.','2023-05-19 08:45:36'),
  (33,83,'Camila Guerrero Sánchez','cli33@gmail.com','5500000083','Calle 11 #66, Col. Santa Fe, Tultepec, Edo. Méx.','2024-09-09 19:32:31'),
  (34,84,'Sofía Mendoza Romero','cli34@gmail.com','5500000084','Calle 23 #27, Col. La Merced, Texcoco, Edo. Méx.','2022-12-19 01:55:28'),
  (35,85,'Paulina Gómez Martínez','cli35@gmail.com','5500000085','Calle 309 #32, Col. Cumbres, Tultitlán, Edo. Méx.','2021-02-25 09:39:20'),
  (36,86,'Pedro Ruiz Hernández','cli36@gmail.com','5500000086','Calle 418 #58, Col. Santa Fe, Cuautitlán Izcalli, Edo. Méx.','2024-07-15 01:25:32'),
  (37,87,'Juan Romero Ortega','cli37@gmail.com','5500000087','Calle 562 #30, Col. San Cristóbal, Ayapango, Edo. Méx.','2025-02-14 15:00:25'),
  (38,88,'Elena Martínez Ortega','cli38@gmail.com','5500000088','Calle 852 #28, Col. Jardines del Valle, Otzolotepec, Edo. Méx.','2020-12-05 09:53:43'),
  (39,89,'Roberto Martínez Flores','cli39@gmail.com','5500000089','Calle 100 #22, Col. Santa Fe, Morelos, Edo. Méx.','2022-02-13 02:27:01'),
  (40,90,'Alejandra Delgado Gómez','cli40@gmail.com','5500000090','Calle 175 #48, Col. Santa Fe, Capulhuac, Edo. Méx.','2020-01-19 13:32:10'),
  (41,91,'Ricardo Rodríguez Ortega','cli41@gmail.com','5500000091','Calle 930 #3, Col. Cumbres, Xonacatlán, Edo. Méx.','2021-02-28 20:39:40'),
  (42,92,'Ángel Ruiz López','cli42@gmail.com','5500000092','Calle 694 #81, Col. Cd. Satélite, Donato Guerra, Edo. Méx.','2025-10-05 10:37:14'),
  (43,93,'Adriana Pérez González','cli43@gmail.com','5500000093','Calle 308 #35, Col. Cumbres, Chimalhuacán, Edo. Méx.','2023-09-02 12:38:04'),
  (44,94,'Sergio Sánchez Hernández','cli44@gmail.com','5500000094','Calle 746 #71, Col. Valle Dorado, Atenco, Edo. Méx.','2024-10-01 15:59:29'),
  (45,95,'Roberto Gómez Reyes','cli45@gmail.com','5500000095','Calle 289 #77, Col. Los Álamos, Atlautla, Edo. Méx.','2022-04-27 12:11:09'),
  (46,96,'Jorge Torres Castillo','cli46@gmail.com','5500000096','Calle 254 #76, Col. Cd. Satélite, Chapa de Mota, Edo. Méx.','2021-05-29 17:33:42'),
  (47,97,'Andrés Pérez Medina','cli47@gmail.com','5500000097','Calle 301 #18, Col. Cd. Satélite, Naucalpan de Juárez, Edo. Méx.','2023-12-06 04:27:04'),
  (48,98,'Natalia Pérez Ruiz','cli48@gmail.com','5500000098','Calle 288 #97, Col. Jardines del Valle, Xalatlaco, Edo. Méx.','2024-09-11 04:48:55'),
  (49,99,'Daniela Ruiz García','cli49@gmail.com','5500000099','Calle 700 #5, Col. San Lorenzo, Villa Victoria, Edo. Méx.','2024-04-30 02:23:11'),
  (50,100,'Pedro Ruiz Rivera','cli50@gmail.com','5500000100','Calle 632 #11, Col. Cumbres, Polotitlán, Edo. Méx.','2023-01-11 21:18:22');

-- 13. INSUMOS_MATERIA_PRIMA (100)
INSERT IGNORE INTO `insumos_materia_prima` (`id_insumo`, `nombre`, `unidad_medida`, `stock_actual`, `stock_minimo_alerta`) VALUES
  (1,'Acetato Transparente Lote-000001','láminas',337.7489,43.3863),
  (2,'Caja Cartón Microcorrugado Lote-000002','kg',334.8620,27.0812),
  (3,'Papel Kraft Lote-000003','lt',343.2606,5.5548),
  (4,'Caja Cartón Microcorrugado Lote-000004','kg',521.0029,37.1297),
  (5,'Resina Epóxica Lote-000005','lt',119.0164,52.5052),
  (6,'Tinta UV Lote-000006','kg',993.8532,42.7358),
  (7,'Barniz Protector Lote-000007','kg',316.7364,49.7989),
  (8,'Pintura Esmalte Lote-000008','láminas',494.5189,19.9055),
  (9,'Bolsa Burbuja Lote-000009','metros',568.1822,42.2118),
  (10,'Hilo Bordado Lote-000010','lt',604.4991,8.0878),
  (11,'Tinta UV Lote-000011','láminas',846.4850,38.5976),
  (12,'Papel Adhesivo Holográfico Lote-000012','metros',638.2641,40.3505),
  (13,'Caja Cartón Microcorrugado Lote-000013','g',389.9737,12.3759),
  (14,'Pintura Esmalte Lote-000014','ml',98.3334,39.1809),
  (15,'Tinta UV Lote-000015','pzas',188.5030,17.6456),
  (16,'Resina Epóxica Lote-000016','ml',692.8543,27.9119),
  (17,'Vinilo de Corte Lote-000017','láminas',32.2819,20.9234),
  (18,'Pegamento Industrial Lote-000018','ml',915.6791,7.7721),
  (19,'Tela para Parches Lote-000019','kg',123.2013,48.5068),
  (20,'Bolsa Burbuja Lote-000020','láminas',188.9444,50.5622),
  (21,'Bolsa Burbuja Lote-000021','kg',248.6623,49.4623),
  (22,'Bases Metálicas Lote-000022','lt',568.1482,6.9558),
  (23,'Barniz Protector Lote-000023','g',517.9046,24.2392),
  (24,'Film Holográfico Lote-000024','lt',9.7285,30.4246),
  (25,'Bolsa Burbuja Lote-000025','pzas',660.8342,18.9071),
  (26,'Bases Metálicas Lote-000026','kg',201.1415,16.7896),
  (27,'Caja Cartón Microcorrugado Lote-000027','pzas',889.3518,35.0199),
  (28,'Botones de Metal Lote-000028','pzas',953.4395,9.3972),
  (29,'Bases Metálicas Lote-000029','rollos',321.1810,5.1038),
  (30,'Caja Cartón Microcorrugado Lote-000030','láminas',156.3491,19.9190),
  (31,'Papel Kraft Lote-000031','ml',966.1960,33.7703),
  (32,'Tinta UV Lote-000032','g',295.8495,14.7788),
  (33,'Film Holográfico Lote-000033','lt',275.2501,54.4551),
  (34,'Pegamento Industrial Lote-000034','ml',534.2503,17.2023),
  (35,'Pintura Esmalte Lote-000035','lt',251.5040,51.7808),
  (36,'Vinilo de Corte Lote-000036','metros',352.7698,24.8935),
  (37,'Papel Adhesivo Holográfico Lote-000037','ml',124.2533,49.5455),
  (38,'Caja Cartón Microcorrugado Lote-000038','lt',756.6132,43.3355),
  (39,'Film Holográfico Lote-000039','kg',585.2570,14.3359),
  (40,'Botones de Metal Lote-000040','kg',42.5505,34.7159),
  (41,'Tinta UV Lote-000041','pzas',587.5659,24.7659),
  (42,'Botones de Metal Lote-000042','pzas',128.9949,32.4779),
  (43,'Acetato Transparente Lote-000043','g',706.8502,6.3394),
  (44,'Pintura Esmalte Lote-000044','ml',448.5809,21.4959),
  (45,'Acetato Transparente Lote-000045','rollos',65.2278,31.9391),
  (46,'Pintura Esmalte Lote-000046','láminas',403.2420,33.8765),
  (47,'Tinta UV Lote-000047','metros',817.5927,37.9392),
  (48,'Resina Epóxica Lote-000048','láminas',381.7893,10.3838),
  (49,'Papel Adhesivo Holográfico Lote-000049','rollos',200.4426,5.9443),
  (50,'Tela para Parches Lote-000050','lt',339.9896,27.4910),
  (51,'Pegamento Industrial Lote-000051','g',143.2077,10.1522),
  (52,'Pegamento Industrial Lote-000052','pzas',943.1432,40.0552),
  (53,'Resina Epóxica Lote-000053','kg',442.0782,30.3425),
  (54,'Acetato Transparente Lote-000054','lt',271.1623,39.6192),
  (55,'Tela para Parches Lote-000055','láminas',496.3328,30.4895),
  (56,'Tinta UV Lote-000056','lt',86.1490,28.3363),
  (57,'Resina Epóxica Lote-000057','ml',607.1664,53.0012),
  (58,'Papel Kraft Lote-000058','kg',662.4736,8.5218),
  (59,'Acetato Transparente Lote-000059','kg',839.0191,28.5816),
  (60,'Lámina de Acrílico Lote-000060','metros',179.3523,37.8285),
  (61,'Botones de Metal Lote-000061','kg',443.4032,51.7197),
  (62,'Tinta UV Lote-000062','pzas',675.9260,50.0474),
  (63,'Bolsa Burbuja Lote-000063','pzas',845.2322,21.8026),
  (64,'Bolsa Burbuja Lote-000064','kg',568.8377,41.5336),
  (65,'Papel Kraft Lote-000065','g',191.6485,49.8538),
  (66,'Bolsa Burbuja Lote-000066','ml',732.3111,23.2573),
  (67,'Vinilo de Corte Lote-000067','kg',463.3516,30.8964),
  (68,'Bases Metálicas Lote-000068','kg',140.7287,38.4790),
  (69,'Tela para Parches Lote-000069','rollos',148.4263,31.9412),
  (70,'Bolsa Burbuja Lote-000070','rollos',73.7097,46.0509),
  (71,'Hilo Bordado Lote-000071','lt',478.6708,45.6004),
  (72,'Lámina de Acrílico Lote-000072','láminas',883.6882,19.3422),
  (73,'Vinilo de Corte Lote-000073','lt',228.4248,9.3258),
  (74,'Resina Epóxica Lote-000074','lt',325.9914,10.7904),
  (75,'Pintura Esmalte Lote-000075','rollos',75.8976,40.2716),
  (76,'Pegamento Industrial Lote-000076','láminas',451.4179,32.0764),
  (77,'Barniz Protector Lote-000077','ml',526.9962,35.7835),
  (78,'Resina Epóxica Lote-000078','rollos',61.3152,49.9259),
  (79,'Pegamento Industrial Lote-000079','metros',401.6536,39.5110),
  (80,'Resina Epóxica Lote-000080','g',725.1586,47.5349),
  (81,'Tela para Parches Lote-000081','pzas',882.6567,23.1467),
  (82,'Lámina de Acrílico Lote-000082','pzas',360.6288,51.6204),
  (83,'Acetato Transparente Lote-000083','pzas',126.9746,33.7887),
  (84,'Caja Cartón Microcorrugado Lote-000084','kg',376.1903,25.0965),
  (85,'Botones de Metal Lote-000085','láminas',439.5866,6.9295),
  (86,'Resina Epóxica Lote-000086','rollos',376.1693,25.3748),
  (87,'Bases Metálicas Lote-000087','metros',9.8103,45.0689),
  (88,'Lámina de Acrílico Lote-000088','ml',428.3319,28.2904),
  (89,'Hilo Bordado Lote-000089','lt',210.1302,11.9526),
  (90,'Lámina de Acrílico Lote-000090','láminas',893.9626,17.6528),
  (91,'Botones de Metal Lote-000091','g',457.5248,42.4351),
  (92,'Pegamento Industrial Lote-000092','g',820.4416,40.4213),
  (93,'Film Holográfico Lote-000093','lt',637.2959,17.9683),
  (94,'Vinilo de Corte Lote-000094','ml',896.3237,27.5062),
  (95,'Tela para Parches Lote-000095','láminas',89.3960,7.7148),
  (96,'Pintura Esmalte Lote-000096','pzas',968.9162,30.1942),
  (97,'Papel Adhesivo Holográfico Lote-000097','ml',157.2564,25.2857),
  (98,'Acetato Transparente Lote-000098','rollos',124.3569,22.1994),
  (99,'Tela para Parches Lote-000099','metros',299.1158,51.1046),
  (100,'Pintura Esmalte Lote-000100','pzas',330.1921,17.3393);

-- 14. COMPRAS_INSUMOS (100)
INSERT IGNORE INTO `compras_insumos` (`id_compra_insumo`, `fecha_compra`, `proveedor`, `monto_total`, `empleado_id`, `comprobante_url`) VALUES
  (1,'2024-07-27 11:00:58','Mex Insumos',3425.11,6,'https://docs.conveme.mx/compras/1.pdf'),
  (2,'2023-11-04 11:41:49','ImportaFácil',9588.65,1,'https://docs.conveme.mx/compras/2.pdf'),
  (3,'2024-11-25 22:23:42','Distribuidora GX',4641.14,10,'https://docs.conveme.mx/compras/3.pdf'),
  (4,'2025-10-11 17:14:41','Insumos del Valle',6815.13,3,'https://docs.conveme.mx/compras/4.pdf'),
  (5,'2023-05-14 13:22:56','Materiales México SA',7452.96,1,'https://docs.conveme.mx/compras/5.pdf'),
  (6,'2022-05-06 11:52:50','ImportaFácil',3345.87,18,'https://docs.conveme.mx/compras/6.pdf'),
  (7,'2021-08-23 10:51:00','Materiales México SA',8783.49,19,'https://docs.conveme.mx/compras/7.pdf'),
  (8,'2020-07-21 00:19:38','SupplyPlus',1743.54,2,'https://docs.conveme.mx/compras/8.pdf'),
  (9,'2022-01-27 10:34:44','ImportaFácil',8026.31,2,'https://docs.conveme.mx/compras/9.pdf'),
  (10,'2024-08-09 15:26:36','SupplyPlus',7013.65,9,'https://docs.conveme.mx/compras/10.pdf'),
  (11,'2024-07-25 14:20:13','Insumos del Valle',607.20,20,'https://docs.conveme.mx/compras/11.pdf'),
  (12,'2024-01-04 10:33:01','Distribuidora GX',9775.45,8,'https://docs.conveme.mx/compras/12.pdf'),
  (13,'2020-11-23 05:27:23','Distribuidora GX',3014.42,7,'https://docs.conveme.mx/compras/13.pdf'),
  (14,'2021-01-14 02:15:40','ProArtesanía',901.57,6,'https://docs.conveme.mx/compras/14.pdf'),
  (15,'2022-05-15 06:54:48','ProArtesanía',4797.70,12,'https://docs.conveme.mx/compras/15.pdf'),
  (16,'2025-08-07 07:48:31','Mex Insumos',8126.43,7,'https://docs.conveme.mx/compras/16.pdf'),
  (17,'2024-11-13 05:54:14','Distribuidora GX',9036.05,3,'https://docs.conveme.mx/compras/17.pdf'),
  (18,'2023-06-21 16:52:24','Todo en Metal',2623.38,14,'https://docs.conveme.mx/compras/18.pdf'),
  (19,'2025-04-09 08:55:30','Arte y Color',9274.28,7,'https://docs.conveme.mx/compras/19.pdf'),
  (20,'2025-11-20 21:54:41','SupplyPlus',8050.62,20,'https://docs.conveme.mx/compras/20.pdf'),
  (21,'2023-03-29 11:21:00','Materiales México SA',7428.25,10,'https://docs.conveme.mx/compras/21.pdf'),
  (22,'2020-07-18 10:59:01','Sticker World',3565.80,2,'https://docs.conveme.mx/compras/22.pdf'),
  (23,'2020-05-23 01:30:28','Mex Insumos',6158.89,8,'https://docs.conveme.mx/compras/23.pdf'),
  (24,'2021-12-06 19:04:56','ImportaFácil',809.48,5,'https://docs.conveme.mx/compras/24.pdf'),
  (25,'2022-11-02 23:15:41','Distribuidora GX',4215.03,17,'https://docs.conveme.mx/compras/25.pdf'),
  (26,'2023-01-28 21:57:37','Mex Insumos',9857.23,6,'https://docs.conveme.mx/compras/26.pdf'),
  (27,'2023-02-11 09:05:09','Materiales México SA',4244.86,1,'https://docs.conveme.mx/compras/27.pdf'),
  (28,'2022-08-25 08:27:30','ProArtesanía',8140.56,12,'https://docs.conveme.mx/compras/28.pdf'),
  (29,'2021-06-15 07:38:43','Sticker World',4576.22,13,'https://docs.conveme.mx/compras/29.pdf'),
  (30,'2025-06-07 15:20:05','Mex Insumos',7336.54,19,'https://docs.conveme.mx/compras/30.pdf'),
  (31,'2020-06-22 13:52:22','ImportaFácil',3465.65,13,'https://docs.conveme.mx/compras/31.pdf'),
  (32,'2022-03-14 04:35:28','ImportaFácil',9226.23,19,'https://docs.conveme.mx/compras/32.pdf'),
  (33,'2023-03-18 01:32:49','Sticker World',6316.12,6,'https://docs.conveme.mx/compras/33.pdf'),
  (34,'2020-11-29 15:18:11','Insumos del Valle',2521.79,11,'https://docs.conveme.mx/compras/34.pdf'),
  (35,'2022-07-12 14:22:16','ImportaFácil',7363.60,9,'https://docs.conveme.mx/compras/35.pdf'),
  (36,'2021-05-11 13:56:46','Arte y Color',662.42,5,'https://docs.conveme.mx/compras/36.pdf'),
  (37,'2023-12-08 03:33:04','ProArtesanía',2832.30,2,'https://docs.conveme.mx/compras/37.pdf'),
  (38,'2023-02-10 19:13:31','Mex Insumos',6578.98,3,'https://docs.conveme.mx/compras/38.pdf'),
  (39,'2023-09-23 11:52:22','Materiales México SA',7058.71,8,'https://docs.conveme.mx/compras/39.pdf'),
  (40,'2024-11-22 21:24:09','ImportaFácil',8927.39,14,'https://docs.conveme.mx/compras/40.pdf'),
  (41,'2020-07-19 08:16:52','Mex Insumos',5084.36,18,'https://docs.conveme.mx/compras/41.pdf'),
  (42,'2021-04-23 08:07:31','Mex Insumos',9790.81,7,'https://docs.conveme.mx/compras/42.pdf'),
  (43,'2024-04-17 20:57:29','Mex Insumos',3217.36,19,'https://docs.conveme.mx/compras/43.pdf'),
  (44,'2020-12-09 00:45:15','ImportaFácil',7850.49,3,'https://docs.conveme.mx/compras/44.pdf'),
  (45,'2020-06-03 16:53:59','Insumos del Valle',6562.64,17,'https://docs.conveme.mx/compras/45.pdf'),
  (46,'2025-10-31 05:11:28','Sticker World',3525.46,17,'https://docs.conveme.mx/compras/46.pdf'),
  (47,'2021-08-08 07:59:48','Arte y Color',9021.04,17,'https://docs.conveme.mx/compras/47.pdf'),
  (48,'2020-05-11 21:12:31','Materiales México SA',7080.88,2,'https://docs.conveme.mx/compras/48.pdf'),
  (49,'2020-10-07 23:36:33','Mex Insumos',5257.01,10,'https://docs.conveme.mx/compras/49.pdf'),
  (50,'2023-06-10 14:16:32','Distribuidora GX',2205.26,8,'https://docs.conveme.mx/compras/50.pdf'),
  (51,'2025-07-15 21:38:52','ImportaFácil',5635.17,18,'https://docs.conveme.mx/compras/51.pdf'),
  (52,'2024-02-23 17:53:15','Insumos del Valle',7556.29,12,'https://docs.conveme.mx/compras/52.pdf'),
  (53,'2024-01-02 02:08:59','SupplyPlus',6625.58,5,'https://docs.conveme.mx/compras/53.pdf'),
  (54,'2022-09-10 06:23:39','ProArtesanía',8275.53,14,'https://docs.conveme.mx/compras/54.pdf'),
  (55,'2025-11-22 11:21:32','ImportaFácil',2177.77,18,'https://docs.conveme.mx/compras/55.pdf'),
  (56,'2020-10-10 18:19:36','ProArtesanía',4471.79,18,'https://docs.conveme.mx/compras/56.pdf'),
  (57,'2023-02-16 12:18:06','Sticker World',7563.49,10,'https://docs.conveme.mx/compras/57.pdf'),
  (58,'2021-04-29 02:13:38','SupplyPlus',5673.27,20,'https://docs.conveme.mx/compras/58.pdf'),
  (59,'2025-09-22 05:52:02','SupplyPlus',688.26,9,'https://docs.conveme.mx/compras/59.pdf'),
  (60,'2025-08-03 08:58:34','Todo en Metal',9248.50,6,'https://docs.conveme.mx/compras/60.pdf'),
  (61,'2023-02-07 18:23:02','Distribuidora GX',8871.64,3,'https://docs.conveme.mx/compras/61.pdf'),
  (62,'2021-08-18 10:37:11','ImportaFácil',795.94,3,'https://docs.conveme.mx/compras/62.pdf'),
  (63,'2020-09-28 03:41:55','Insumos del Valle',8596.21,13,'https://docs.conveme.mx/compras/63.pdf'),
  (64,'2024-03-02 17:41:58','Mex Insumos',5002.39,20,'https://docs.conveme.mx/compras/64.pdf'),
  (65,'2020-03-23 19:45:16','Arte y Color',8725.43,13,'https://docs.conveme.mx/compras/65.pdf'),
  (66,'2021-10-28 15:04:46','Distribuidora GX',6470.18,5,'https://docs.conveme.mx/compras/66.pdf'),
  (67,'2020-09-01 07:40:06','Todo en Metal',3690.06,19,'https://docs.conveme.mx/compras/67.pdf'),
  (68,'2023-09-18 04:16:29','Todo en Metal',6513.00,19,'https://docs.conveme.mx/compras/68.pdf'),
  (69,'2023-07-01 13:18:37','Todo en Metal',5643.53,15,'https://docs.conveme.mx/compras/69.pdf'),
  (70,'2025-06-06 08:16:46','Sticker World',6920.60,9,'https://docs.conveme.mx/compras/70.pdf'),
  (71,'2022-08-18 11:22:49','Mex Insumos',3585.88,20,'https://docs.conveme.mx/compras/71.pdf'),
  (72,'2020-05-29 14:53:39','Sticker World',6192.17,11,'https://docs.conveme.mx/compras/72.pdf'),
  (73,'2022-01-03 03:59:16','ProArtesanía',1456.62,4,'https://docs.conveme.mx/compras/73.pdf'),
  (74,'2020-08-24 02:33:21','Materiales México SA',8238.50,17,'https://docs.conveme.mx/compras/74.pdf'),
  (75,'2020-07-09 09:43:40','Insumos del Valle',2196.16,9,'https://docs.conveme.mx/compras/75.pdf'),
  (76,'2020-10-23 00:39:49','Todo en Metal',5552.85,11,'https://docs.conveme.mx/compras/76.pdf'),
  (77,'2024-04-19 15:15:42','Arte y Color',4276.15,16,'https://docs.conveme.mx/compras/77.pdf'),
  (78,'2025-09-20 16:24:33','Todo en Metal',3350.63,7,'https://docs.conveme.mx/compras/78.pdf'),
  (79,'2020-05-20 09:23:35','Insumos del Valle',1198.48,17,'https://docs.conveme.mx/compras/79.pdf'),
  (80,'2021-03-17 20:06:12','Materiales México SA',8677.78,18,'https://docs.conveme.mx/compras/80.pdf'),
  (81,'2025-10-04 03:38:49','Todo en Metal',2963.07,18,'https://docs.conveme.mx/compras/81.pdf'),
  (82,'2020-05-03 13:00:16','Sticker World',3487.94,7,'https://docs.conveme.mx/compras/82.pdf'),
  (83,'2025-10-12 15:20:51','SupplyPlus',3504.35,4,'https://docs.conveme.mx/compras/83.pdf'),
  (84,'2023-01-06 09:38:50','ProArtesanía',6188.30,7,'https://docs.conveme.mx/compras/84.pdf'),
  (85,'2023-12-21 13:11:47','SupplyPlus',8096.59,10,'https://docs.conveme.mx/compras/85.pdf'),
  (86,'2020-12-22 06:40:13','Materiales México SA',3154.32,10,'https://docs.conveme.mx/compras/86.pdf'),
  (87,'2023-03-05 17:21:04','Sticker World',6727.89,1,'https://docs.conveme.mx/compras/87.pdf'),
  (88,'2024-02-16 10:08:38','Sticker World',6713.06,12,'https://docs.conveme.mx/compras/88.pdf'),
  (89,'2022-02-10 18:00:10','Todo en Metal',7442.95,18,'https://docs.conveme.mx/compras/89.pdf'),
  (90,'2024-04-17 01:23:58','Mex Insumos',2095.38,16,'https://docs.conveme.mx/compras/90.pdf'),
  (91,'2021-04-18 00:27:14','Insumos del Valle',6154.61,4,'https://docs.conveme.mx/compras/91.pdf'),
  (92,'2022-04-23 09:21:20','Mex Insumos',1856.80,15,'https://docs.conveme.mx/compras/92.pdf'),
  (93,'2020-04-25 04:41:50','SupplyPlus',6924.13,10,'https://docs.conveme.mx/compras/93.pdf'),
  (94,'2022-07-04 01:20:55','ImportaFácil',8267.16,3,'https://docs.conveme.mx/compras/94.pdf'),
  (95,'2024-07-08 03:29:38','ProArtesanía',7210.17,9,'https://docs.conveme.mx/compras/95.pdf'),
  (96,'2024-07-25 00:27:32','Distribuidora GX',7169.05,8,'https://docs.conveme.mx/compras/96.pdf'),
  (97,'2025-01-16 06:57:03','Arte y Color',5086.63,15,'https://docs.conveme.mx/compras/97.pdf'),
  (98,'2024-09-30 21:20:21','SupplyPlus',2804.91,3,'https://docs.conveme.mx/compras/98.pdf'),
  (99,'2024-03-30 09:35:56','ProArtesanía',9429.11,10,'https://docs.conveme.mx/compras/99.pdf'),
  (100,'2020-07-06 16:32:37','Distribuidora GX',8112.96,7,'https://docs.conveme.mx/compras/100.pdf');

-- 15. DET_COMPRAS_INSUMOS (100)
INSERT IGNORE INTO `det_compras_insumos` (`id_det_compra`, `compra_insumo_id`, `insumo_id`, `cantidad_comprada`, `costo_unitario`) VALUES
  (1,79,42,54.3707,67.66),
  (2,18,75,95.6508,12.56),
  (3,74,5,94.9326,133.45),
  (4,27,30,6.6207,194.63),
  (5,49,65,7.0702,105.72),
  (6,94,14,24.4506,141.87),
  (7,8,70,36.2863,23.58),
  (8,87,55,54.9854,184.18),
  (9,100,16,46.6686,203.13),
  (10,36,32,53.6124,33.31),
  (11,69,11,15.6169,100.31),
  (12,37,81,10.6129,201.99),
  (13,73,88,59.8191,186.31),
  (14,45,73,67.7632,35.60),
  (15,90,83,92.4780,35.46),
  (16,45,37,66.1867,156.27),
  (17,10,60,11.7881,25.62),
  (18,4,43,25.4554,119.56),
  (19,95,3,20.6615,51.06),
  (20,6,45,53.9411,83.55),
  (21,38,54,77.7052,47.87),
  (22,66,70,90.4174,90.55),
  (23,85,13,79.4473,131.83),
  (24,24,75,76.9110,161.18),
  (25,51,92,73.8135,148.81),
  (26,29,54,62.8033,201.03),
  (27,14,29,4.8538,37.68),
  (28,91,1,40.1821,119.81),
  (29,87,52,88.7192,5.65),
  (30,24,32,10.4430,163.00),
  (31,76,4,20.8878,116.22),
  (32,67,58,82.1410,55.95),
  (33,14,22,14.6419,89.54),
  (34,89,24,100.0922,160.55),
  (35,82,77,70.7941,115.27),
  (36,67,94,5.7251,44.39),
  (37,8,60,78.6643,78.05),
  (38,57,99,28.6823,62.34),
  (39,44,36,48.3060,195.32),
  (40,36,35,9.6723,150.76),
  (41,34,47,73.9827,67.74),
  (42,33,25,54.5706,34.09),
  (43,53,72,28.8949,142.07),
  (44,34,32,19.7716,44.02),
  (45,31,45,91.1563,186.57),
  (46,75,27,28.7901,151.10),
  (47,63,32,1.0206,178.90),
  (48,14,22,20.1126,8.93),
  (49,91,54,49.3579,6.48),
  (50,79,44,26.2995,10.74),
  (51,73,80,97.3813,179.41),
  (52,7,84,84.3359,158.58),
  (53,37,65,27.6234,155.84),
  (54,56,85,77.2335,144.94),
  (55,5,50,26.1632,79.88),
  (56,2,97,6.8825,46.88),
  (57,10,19,96.1021,131.97),
  (58,16,84,98.1525,32.70),
  (59,87,5,2.2909,91.79),
  (60,25,89,34.2446,81.06),
  (61,47,63,47.3063,113.63),
  (62,49,56,23.2926,112.61),
  (63,35,90,78.6774,114.31),
  (64,24,3,96.2148,134.17),
  (65,63,7,27.3620,173.53),
  (66,4,57,35.8156,195.32),
  (67,32,92,77.4738,146.80),
  (68,46,45,37.1368,157.57),
  (69,31,76,67.2583,90.82),
  (70,73,37,99.0594,76.03),
  (71,13,90,21.3196,101.34),
  (72,23,47,47.1550,193.47),
  (73,65,71,14.0973,163.59),
  (74,72,95,87.7874,147.04),
  (75,43,21,64.5926,15.17),
  (76,49,17,93.4643,187.37),
  (77,1,25,62.3449,21.41),
  (78,20,39,19.4388,10.22),
  (79,97,27,24.6588,63.26),
  (80,63,100,51.5608,200.60),
  (81,78,56,85.0800,37.74),
  (82,21,40,85.3788,89.47),
  (83,48,16,13.1224,170.76),
  (84,32,33,36.4912,22.82),
  (85,18,25,65.2446,142.54),
  (86,47,88,82.1481,43.32),
  (87,39,16,67.0761,25.50),
  (88,28,98,34.1029,184.49),
  (89,9,93,26.8943,34.67),
  (90,20,49,42.7134,177.32),
  (91,71,36,80.3508,90.54),
  (92,14,84,32.2941,169.41),
  (93,85,76,66.4480,194.47),
  (94,87,23,67.7171,56.61),
  (95,84,14,34.7656,16.59),
  (96,22,39,52.2640,27.18),
  (97,10,3,83.9375,96.20),
  (98,10,95,56.7273,118.41),
  (99,33,81,31.3779,54.60),
  (100,35,27,79.7623,185.76);

-- 16. PRODUCTOS (100)
INSERT IGNORE INTO `productos` (`id_producto`, `sku`, `nombre`, `categoria_id`, `tamaño_id`, `precio_unitario`, `precio_mayoreo`, `cantidad_minima_mayoreo`, `costo_produccion`, `activo`) VALUES
  (1,'SKU-0000001','Cactus Simpático Retro 1',6,5,27.95,20.97,13,7.32,TRUE),
  (2,'SKU-0000002','Koi Fantasma Glitter 2',8,1,13.11,9.83,19,3.90,TRUE),
  (3,'SKU-0000003','Delfín Holográfico Clásico 3',8,6,18.61,13.96,6,5.52,TRUE),
  (4,'SKU-0000004','Panda Mecha Clásico 4',5,6,42.87,32.15,16,15.26,TRUE),
  (5,'SKU-0000005','Lobo Glacial Retro 5',2,6,12.07,9.05,20,4.49,TRUE),
  (6,'SKU-0000006','Rana Samuray Glitter 6',6,3,37.28,27.96,8,9.60,TRUE),
  (7,'SKU-0000007','Luna Brillante Neon 7',6,5,25.62,19.21,20,8.15,TRUE),
  (8,'SKU-0000008','Zorro Ninja Glitter 8',3,3,69.97,52.48,16,19.94,TRUE),
  (9,'SKU-0000009','Luna Brillante Clásico 9',2,6,14.65,10.98,13,4.53,TRUE),
  (10,'SKU-0000010','Búho Steampunk Dark 10',5,6,60.56,45.42,10,19.24,TRUE),
  (11,'SKU-0000011','Búho Steampunk Retro 11',4,2,53.96,40.47,22,14.64,TRUE),
  (12,'SKU-0000012','Zorro Ninja Clásico 12',8,4,18.17,13.62,11,5.30,TRUE),
  (13,'SKU-0000013','Ajolote Retro 13',4,3,71.93,53.95,12,24.44,TRUE),
  (14,'SKU-0000014','Delfín Holográfico Dark 14',9,4,52.74,39.55,22,18.90,TRUE),
  (15,'SKU-0000015','Sol Retro Edición Especial 15',4,1,64.86,48.65,16,17.63,TRUE),
  (16,'SKU-0000016','Panda Mecha Clásico 16',10,5,48.75,36.56,7,14.39,TRUE),
  (17,'SKU-0000017','Luna Brillante Neon 17',2,6,19.01,14.26,16,6.73,TRUE),
  (18,'SKU-0000018','Luna Brillante Dark 18',10,6,28.97,21.73,24,7.62,TRUE),
  (19,'SKU-0000019','Dragón Pastel Pastel 19',6,2,78.41,58.81,19,28.44,TRUE),
  (20,'SKU-0000020','Búho Steampunk Retro 20',9,1,60.72,45.54,10,22.32,TRUE),
  (21,'SKU-0000021','Dinosaurio Clásico 21',2,5,23.34,17.50,14,7.51,TRUE),
  (22,'SKU-0000022','Calavera Kawaii Neon 22',9,5,69.11,51.83,24,25.36,FALSE),
  (23,'SKU-0000023','Axolotl Rosa Glitter 23',2,1,12.34,9.26,24,4.50,FALSE),
  (24,'SKU-0000024','Zorro Ninja Edición Especial 24',3,6,35.78,26.83,14,10.12,TRUE),
  (25,'SKU-0000025','Zorro Ninja Neon 25',7,2,57.29,42.97,10,16.61,TRUE),
  (26,'SKU-0000026','Calavera Kawaii Glitter 26',9,4,77.67,58.25,9,20.04,TRUE),
  (27,'SKU-0000027','Rana Samuray Pastel 27',7,1,61.45,46.08,18,19.97,FALSE),
  (28,'SKU-0000028','Búho Steampunk Neon 28',2,6,16.44,12.33,15,4.40,TRUE),
  (29,'SKU-0000029','Mariposa Neon Pastel 29',4,2,50.61,37.96,24,19.33,TRUE),
  (30,'SKU-0000030','Delfín Holográfico Clásico 30',10,6,23.88,17.91,12,6.60,TRUE),
  (31,'SKU-0000031','Mariposa Neon Pastel 31',4,4,75.97,56.98,22,28.04,TRUE),
  (32,'SKU-0000032','Delfín Holográfico Edición Especial 32',4,1,47.29,35.47,12,11.83,TRUE),
  (33,'SKU-0000033','Delfín Holográfico Retro 33',4,2,48.86,36.65,8,17.06,TRUE),
  (34,'SKU-0000034','Hongo Mágico Retro 34',3,6,61.63,46.22,12,19.37,TRUE),
  (35,'SKU-0000035','Delfín Holográfico Edición Especial 35',10,5,34.58,25.94,10,13.82,TRUE),
  (36,'SKU-0000036','Pulpo Cósmico Glitter 36',6,2,61.56,46.17,12,19.23,TRUE),
  (37,'SKU-0000037','Dinosaurio Clásico 37',3,5,36.85,27.64,9,11.81,TRUE),
  (38,'SKU-0000038','Dragón Pastel Glitter 38',7,1,49.68,37.26,10,13.26,TRUE),
  (39,'SKU-0000039','Koi Fantasma Neon 39',3,5,76.53,57.40,11,30.30,TRUE),
  (40,'SKU-0000040','Búho Steampunk Clásico 40',6,6,54.52,40.89,20,21.13,TRUE),
  (41,'SKU-0000041','Dinosaurio Retro 41',1,5,36.96,27.72,7,13.00,FALSE),
  (42,'SKU-0000042','Pulpo Cósmico Dark 42',3,1,30.84,23.13,11,10.21,TRUE),
  (43,'SKU-0000043','Delfín Holográfico Pastel 43',10,4,70.01,52.51,7,18.58,TRUE),
  (44,'SKU-0000044','Mariposa Neon Retro 44',10,5,56.80,42.60,13,14.85,TRUE),
  (45,'SKU-0000045','Búho Steampunk Kawaii 45',3,6,20.16,15.12,17,5.56,TRUE),
  (46,'SKU-0000046','Conejo Astronauta Neon 46',8,2,18.38,13.79,24,4.72,TRUE),
  (47,'SKU-0000047','Pulpo Cósmico Pastel 47',10,2,37.91,28.44,15,11.10,TRUE),
  (48,'SKU-0000048','Ajolote Pastel 48',5,2,43.70,32.77,23,14.08,TRUE),
  (49,'SKU-0000049','Ajolote Edición Especial 49',8,6,12.81,9.61,9,3.90,TRUE),
  (50,'SKU-0000050','Dinosaurio Clásico 50',3,2,50.26,37.70,24,19.90,TRUE),
  (51,'SKU-0000051','Zorro Ninja Edición Especial 51',7,3,41.87,31.41,8,16.30,TRUE),
  (52,'SKU-0000052','Ajolote Clásico 52',7,3,53.48,40.11,15,19.28,FALSE),
  (53,'SKU-0000053','Sol Retro Neon 53',10,1,63.64,47.73,24,17.47,TRUE),
  (54,'SKU-0000054','Dragón Pastel Kawaii 54',5,1,78.37,58.78,10,27.60,TRUE),
  (55,'SKU-0000055','Sol Retro Dark 55',9,5,41.97,31.48,8,16.57,TRUE),
  (56,'SKU-0000056','Ajolote Retro 56',2,6,24.01,18.01,11,7.67,TRUE),
  (57,'SKU-0000057','Delfín Holográfico Neon 57',7,6,37.95,28.47,21,9.57,TRUE),
  (58,'SKU-0000058','Axolotl Rosa Glitter 58',1,1,69.93,52.45,20,23.24,TRUE),
  (59,'SKU-0000059','Rana Samuray Glitter 59',1,6,54.89,41.17,16,20.60,TRUE),
  (60,'SKU-0000060','Pulpo Cósmico Retro 60',3,3,35.57,26.67,19,10.44,TRUE),
  (61,'SKU-0000061','Ajolote Retro 61',3,5,65.41,49.06,11,24.82,FALSE),
  (62,'SKU-0000062','Panda Mecha Pastel 62',10,1,61.54,46.15,23,24.34,TRUE),
  (63,'SKU-0000063','Búho Steampunk Pastel 63',9,3,65.55,49.16,24,21.30,TRUE),
  (64,'SKU-0000064','Sol Retro Retro 64',6,2,47.82,35.86,15,18.22,TRUE),
  (65,'SKU-0000065','Luna Brillante Dark 65',5,4,28.07,21.05,17,7.77,TRUE),
  (66,'SKU-0000066','Gato Espacial Dark 66',7,3,39.81,29.85,8,12.05,TRUE),
  (67,'SKU-0000067','Panda Mecha Edición Especial 67',6,3,22.94,17.20,21,7.22,TRUE),
  (68,'SKU-0000068','Zorro Ninja Glitter 68',5,1,51.56,38.67,14,19.68,TRUE),
  (69,'SKU-0000069','Axolotl Rosa Neon 69',5,4,58.57,43.92,20,22.94,FALSE),
  (70,'SKU-0000070','Gato Espacial Dark 70',9,4,75.50,56.63,8,20.21,TRUE),
  (71,'SKU-0000071','Dinosaurio Retro 71',9,2,40.51,30.39,7,13.92,TRUE),
  (72,'SKU-0000072','Delfín Holográfico Dark 72',3,1,50.22,37.66,17,19.98,TRUE),
  (73,'SKU-0000073','Dragón Pastel Edición Especial 73',9,4,30.27,22.70,14,10.55,TRUE),
  (74,'SKU-0000074','Dinosaurio Retro 74',2,3,11.17,8.38,22,3.98,TRUE),
  (75,'SKU-0000075','Gato Espacial Glitter 75',8,1,10.99,8.25,17,3.70,TRUE),
  (76,'SKU-0000076','Pulpo Cósmico Retro 76',3,2,51.93,38.95,11,19.93,TRUE),
  (77,'SKU-0000077','Hongo Mágico Glitter 77',9,4,31.22,23.41,24,9.35,TRUE),
  (78,'SKU-0000078','Axolotl Rosa Pastel 78',10,4,27.74,20.81,13,9.34,FALSE),
  (79,'SKU-0000079','Hongo Mágico Edición Especial 79',1,6,39.15,29.36,20,11.68,TRUE),
  (80,'SKU-0000080','Mariposa Neon Edición Especial 80',7,5,62.99,47.25,21,18.70,TRUE),
  (81,'SKU-0000081','Mariposa Neon Kawaii 81',10,1,64.14,48.11,14,20.80,TRUE),
  (82,'SKU-0000082','Cactus Simpático Kawaii 82',10,3,54.81,41.11,6,15.34,TRUE),
  (83,'SKU-0000083','Hongo Mágico Dark 83',6,5,44.81,33.61,21,13.81,TRUE),
  (84,'SKU-0000084','Delfín Holográfico Clásico 84',9,5,60.41,45.30,24,23.92,TRUE),
  (85,'SKU-0000085','Gato Espacial Clásico 85',2,5,16.62,12.46,17,4.64,TRUE),
  (86,'SKU-0000086','Conejo Astronauta Dark 86',5,3,20.75,15.56,10,5.36,TRUE),
  (87,'SKU-0000087','Panda Mecha Dark 87',10,2,67.01,50.26,16,25.10,TRUE),
  (88,'SKU-0000088','Cactus Simpático Edición Especial 88',9,4,46.86,35.14,17,16.08,TRUE),
  (89,'SKU-0000089','Pulpo Cósmico Clásico 89',10,1,50.29,37.72,24,20.05,TRUE),
  (90,'SKU-0000090','Lobo Glacial Neon 90',9,1,25.07,18.80,21,8.72,TRUE),
  (91,'SKU-0000091','Gato Espacial Edición Especial 91',1,2,33.19,24.89,18,9.38,TRUE),
  (92,'SKU-0000092','Ajolote Edición Especial 92',9,4,55.72,41.79,19,14.05,TRUE),
  (93,'SKU-0000093','Ajolote Edición Especial 93',4,5,62.42,46.81,18,24.59,TRUE),
  (94,'SKU-0000094','Delfín Holográfico Glitter 94',6,2,51.99,38.99,18,16.94,TRUE),
  (95,'SKU-0000095','Cactus Simpático Glitter 95',3,1,57.26,42.95,11,19.76,TRUE),
  (96,'SKU-0000096','Delfín Holográfico Glitter 96',10,6,58.56,43.92,17,22.79,TRUE),
  (97,'SKU-0000097','Dinosaurio Pastel 97',6,4,44.32,33.24,18,15.69,TRUE),
  (98,'SKU-0000098','Koi Fantasma Neon 98',9,1,30.42,22.82,22,8.28,TRUE),
  (99,'SKU-0000099','Lobo Glacial Neon 99',6,4,38.27,28.70,16,13.47,FALSE),
  (100,'SKU-0000100','Conejo Astronauta Retro 100',1,3,37.74,28.31,20,10.31,TRUE);

-- 17. INVENTARIO_PRODUCTOS (producto_id UNIQUE → 1 fila por producto)
INSERT IGNORE INTO `inventario_productos` (`id_inventario`, `producto_id`, `stock_actual`, `stock_minimo_alerta`) VALUES
  (1,1,237,6),
  (2,2,268,11),
  (3,3,214,19),
  (4,4,52,22),
  (5,5,448,17),
  (6,6,450,7),
  (7,7,379,8),
  (8,8,347,21),
  (9,9,36,21),
  (10,10,303,14),
  (11,11,23,22),
  (12,12,283,6),
  (13,13,101,7),
  (14,14,466,15),
  (15,15,444,16),
  (16,16,190,15),
  (17,17,199,8),
  (18,18,307,13),
  (19,19,167,23),
  (20,20,252,14),
  (21,21,496,20),
  (22,22,341,5),
  (23,23,437,22),
  (24,24,374,18),
  (25,25,331,8),
  (26,26,288,18),
  (27,27,100,20),
  (28,28,198,13),
  (29,29,178,19),
  (30,30,307,21),
  (31,31,399,24),
  (32,32,287,12),
  (33,33,22,22),
  (34,34,366,7),
  (35,35,175,6),
  (36,36,450,8),
  (37,37,133,25),
  (38,38,284,13),
  (39,39,472,22),
  (40,40,235,6),
  (41,41,254,22),
  (42,42,426,11),
  (43,43,48,6),
  (44,44,77,23),
  (45,45,188,5),
  (46,46,40,22),
  (47,47,302,6),
  (48,48,96,18),
  (49,49,300,24),
  (50,50,279,8),
  (51,51,86,20),
  (52,52,55,17),
  (53,53,417,9),
  (54,54,345,22),
  (55,55,449,18),
  (56,56,478,11),
  (57,57,137,21),
  (58,58,318,8),
  (59,59,268,18),
  (60,60,413,12),
  (61,61,49,14),
  (62,62,125,16),
  (63,63,293,6),
  (64,64,370,22),
  (65,65,351,9),
  (66,66,171,18),
  (67,67,98,14),
  (68,68,394,8),
  (69,69,378,20),
  (70,70,125,25),
  (71,71,438,15),
  (72,72,309,17),
  (73,73,38,25),
  (74,74,361,13),
  (75,75,7,12),
  (76,76,111,10),
  (77,77,158,20),
  (78,78,57,20),
  (79,79,118,21),
  (80,80,24,18),
  (81,81,221,10),
  (82,82,457,10),
  (83,83,263,24),
  (84,84,204,25),
  (85,85,24,9),
  (86,86,266,13),
  (87,87,107,11),
  (88,88,103,19),
  (89,89,242,9),
  (90,90,236,19),
  (91,91,370,12),
  (92,92,493,24),
  (93,93,387,23),
  (94,94,375,12),
  (95,95,121,15),
  (96,96,140,8),
  (97,97,182,17),
  (98,98,337,9),
  (99,99,482,8),
  (100,100,138,24);

-- 18. MOVIMIENTOS_INVENTARIO (100)
INSERT IGNORE INTO `movimientos_inventario` (`id_movimiento`, `producto_id`, `tipo_movimiento`, `cantidad`, `motivo`, `fecha_movimiento`, `empleado_id`) VALUES
  (1,69,'SALIDA',49,'Merma','2025-01-21 20:17:44',18),
  (2,44,'ENTRADA',62,'Merma','2024-12-25 13:32:04',5),
  (3,59,'ENTRADA',23,'Devolución de cliente','2022-10-18 05:03:05',4),
  (4,41,'SALIDA',65,'Inventario físico','2024-01-02 06:15:04',NULL),
  (5,27,'AJUSTE',59,'Inventario físico','2023-02-25 01:12:02',3),
  (6,80,'ENTRADA',79,'Producción completada','2022-02-04 10:17:12',NULL),
  (7,65,'ENTRADA',5,'Ajuste de inventario','2024-10-24 19:01:54',7),
  (8,32,'ENTRADA',11,'Venta realizada','2020-01-18 14:12:49',7),
  (9,80,'ENTRADA',60,'Donación','2024-03-26 15:47:47',5),
  (10,1,'AJUSTE',73,'Venta realizada','2023-10-24 18:24:46',16),
  (11,85,'AJUSTE',87,'Producción completada','2025-07-11 11:11:40',19),
  (12,58,'ENTRADA',46,'Ajuste de inventario','2023-08-02 15:16:13',NULL),
  (13,81,'ENTRADA',4,'Producción completada','2022-03-13 05:39:39',11),
  (14,48,'AJUSTE',53,'Producción completada','2024-11-20 21:21:18',NULL),
  (15,85,'ENTRADA',53,'Producción completada','2022-04-12 02:03:26',14),
  (16,4,'SALIDA',68,'Ajuste de inventario','2022-03-22 09:25:01',17),
  (17,74,'ENTRADA',52,'Venta realizada','2020-06-03 13:58:49',11),
  (18,83,'AJUSTE',64,'Devolución de cliente','2020-10-05 07:54:14',4),
  (19,95,'ENTRADA',27,'Ajuste de inventario','2025-06-21 11:52:50',11),
  (20,14,'SALIDA',15,'Inventario físico','2022-08-01 19:55:13',11),
  (21,18,'ENTRADA',32,'Merma','2022-01-19 11:16:51',10),
  (22,28,'ENTRADA',5,'Producción completada','2022-11-10 03:52:04',11),
  (23,87,'AJUSTE',41,'Venta realizada','2021-07-15 15:46:18',10),
  (24,100,'AJUSTE',100,'Venta realizada','2022-05-10 14:08:28',NULL),
  (25,93,'AJUSTE',51,'Producción completada','2022-01-17 20:07:15',12),
  (26,28,'SALIDA',93,'Venta realizada','2020-12-31 04:36:44',3),
  (27,32,'ENTRADA',39,'Inventario físico','2020-07-03 00:11:24',11),
  (28,33,'SALIDA',11,'Producción completada','2023-04-20 21:39:13',15),
  (29,20,'SALIDA',88,'Ajuste de inventario','2025-12-23 23:43:12',8),
  (30,89,'SALIDA',81,'Ajuste de inventario','2023-03-17 04:26:25',3),
  (31,72,'AJUSTE',26,'Donación','2021-09-08 13:12:08',14),
  (32,1,'ENTRADA',85,'Donación','2020-10-17 13:27:04',NULL),
  (33,74,'ENTRADA',86,'Donación','2021-10-14 16:28:59',NULL),
  (34,41,'AJUSTE',3,'Producción completada','2025-08-03 12:56:59',14),
  (35,78,'SALIDA',67,'Venta realizada','2020-08-27 00:08:12',14),
  (36,54,'AJUSTE',4,'Ajuste de inventario','2024-10-11 21:29:32',NULL),
  (37,13,'ENTRADA',9,'Donación','2025-06-20 03:50:37',19),
  (38,75,'ENTRADA',64,'Producción completada','2020-03-19 08:51:25',NULL),
  (39,16,'ENTRADA',80,'Devolución de cliente','2020-07-20 17:14:53',1),
  (40,34,'AJUSTE',83,'Producción completada','2022-08-30 10:54:10',15),
  (41,74,'AJUSTE',97,'Devolución de cliente','2024-07-26 10:10:14',12),
  (42,82,'ENTRADA',96,'Devolución de cliente','2022-01-29 13:21:14',1),
  (43,5,'ENTRADA',42,'Inventario físico','2024-06-26 18:39:43',3),
  (44,41,'AJUSTE',27,'Ajuste de inventario','2020-11-19 05:20:21',19),
  (45,87,'ENTRADA',58,'Inventario físico','2025-11-26 19:04:19',5),
  (46,29,'ENTRADA',97,'Devolución de cliente','2020-08-28 08:34:42',5),
  (47,6,'SALIDA',88,'Donación','2020-02-06 19:40:00',18),
  (48,87,'ENTRADA',92,'Merma','2022-07-08 15:29:15',15),
  (49,13,'AJUSTE',100,'Inventario físico','2020-05-07 04:45:12',NULL),
  (50,93,'SALIDA',69,'Devolución de cliente','2025-04-10 15:46:15',NULL),
  (51,13,'ENTRADA',80,'Donación','2024-06-28 18:44:14',NULL),
  (52,54,'SALIDA',47,'Ajuste de inventario','2024-12-26 00:17:13',9),
  (53,92,'ENTRADA',32,'Venta realizada','2021-07-08 21:01:30',NULL),
  (54,19,'AJUSTE',73,'Producción completada','2021-05-28 23:26:31',15),
  (55,73,'SALIDA',52,'Producción completada','2023-08-19 09:02:45',7),
  (56,2,'SALIDA',98,'Venta realizada','2022-02-26 18:04:35',9),
  (57,92,'SALIDA',29,'Inventario físico','2023-05-23 17:20:42',5),
  (58,31,'ENTRADA',85,'Merma','2024-10-22 11:00:53',14),
  (59,20,'SALIDA',26,'Merma','2021-08-23 13:12:30',9),
  (60,52,'ENTRADA',98,'Producción completada','2021-12-09 10:39:10',NULL),
  (61,55,'ENTRADA',31,'Venta realizada','2022-12-07 16:37:42',10),
  (62,96,'SALIDA',26,'Devolución de cliente','2022-02-12 21:46:09',8),
  (63,47,'ENTRADA',23,'Inventario físico','2020-03-24 06:56:42',16),
  (64,8,'ENTRADA',16,'Merma','2021-05-28 17:02:29',8),
  (65,13,'ENTRADA',88,'Donación','2025-06-17 19:23:39',6),
  (66,6,'SALIDA',67,'Ajuste de inventario','2025-12-30 07:38:17',NULL),
  (67,43,'SALIDA',9,'Inventario físico','2023-05-26 06:30:29',19),
  (68,97,'SALIDA',4,'Ajuste de inventario','2023-01-08 21:00:02',17),
  (69,42,'ENTRADA',17,'Venta realizada','2023-06-06 05:10:13',3),
  (70,72,'AJUSTE',54,'Venta realizada','2023-06-24 16:08:07',17),
  (71,94,'ENTRADA',77,'Producción completada','2024-06-02 12:25:58',8),
  (72,77,'AJUSTE',25,'Donación','2023-05-10 02:58:55',3),
  (73,11,'ENTRADA',17,'Devolución de cliente','2021-06-01 17:40:34',6),
  (74,75,'ENTRADA',6,'Ajuste de inventario','2020-08-12 22:55:41',16),
  (75,54,'SALIDA',42,'Venta realizada','2025-06-01 03:40:50',15),
  (76,85,'SALIDA',18,'Ajuste de inventario','2021-03-11 23:04:06',13),
  (77,83,'ENTRADA',55,'Venta realizada','2023-05-20 15:18:34',7),
  (78,46,'SALIDA',76,'Ajuste de inventario','2021-06-24 06:56:40',15),
  (79,81,'AJUSTE',29,'Producción completada','2022-02-05 14:25:23',NULL),
  (80,26,'SALIDA',10,'Inventario físico','2020-07-22 13:34:57',17),
  (81,12,'SALIDA',85,'Donación','2022-02-01 12:30:28',NULL),
  (82,21,'AJUSTE',93,'Merma','2020-03-08 00:58:45',11),
  (83,83,'ENTRADA',95,'Ajuste de inventario','2023-11-03 11:45:24',NULL),
  (84,50,'ENTRADA',64,'Donación','2025-02-07 12:42:18',NULL),
  (85,69,'SALIDA',70,'Venta realizada','2023-07-20 04:09:51',6),
  (86,41,'AJUSTE',70,'Inventario físico','2024-12-09 23:21:11',4),
  (87,50,'AJUSTE',81,'Merma','2025-08-26 06:29:40',NULL),
  (88,39,'ENTRADA',33,'Ajuste de inventario','2020-07-22 04:43:59',9),
  (89,24,'SALIDA',46,'Merma','2023-12-18 22:47:40',20),
  (90,82,'SALIDA',58,'Producción completada','2024-02-28 11:57:36',1),
  (91,85,'AJUSTE',27,'Devolución de cliente','2025-11-24 11:39:09',8),
  (92,37,'AJUSTE',20,'Donación','2025-05-07 07:37:49',NULL),
  (93,21,'SALIDA',33,'Devolución de cliente','2025-09-27 00:48:47',15),
  (94,72,'SALIDA',4,'Ajuste de inventario','2025-05-03 15:34:50',5),
  (95,61,'SALIDA',86,'Venta realizada','2020-09-18 10:23:35',NULL),
  (96,5,'AJUSTE',34,'Merma','2023-02-13 18:12:43',1),
  (97,100,'ENTRADA',32,'Inventario físico','2021-08-19 20:34:53',15),
  (98,57,'ENTRADA',72,'Devolución de cliente','2022-05-02 09:05:33',NULL),
  (99,37,'AJUSTE',17,'Venta realizada','2024-09-28 07:45:30',5),
  (100,17,'SALIDA',78,'Merma','2025-06-12 21:26:03',13);

-- 19. ORDENES_PRODUCCION (100)
INSERT IGNORE INTO `ordenes_produccion` (`id_orden_produccion`, `producto_id`, `empleado_id`, `cantidad_a_producir`, `fecha_orden`, `estado`) VALUES
  (1,81,11,429,'2021-08-21 23:52:42','Cancelada'),
  (2,7,6,394,'2021-07-07 04:00:14','En producción'),
  (3,88,12,34,'2022-11-03 02:51:08','Pendiente'),
  (4,4,8,262,'2025-04-06 11:00:05','Pendiente'),
  (5,54,6,312,'2020-04-12 07:59:18','Completada'),
  (6,86,19,462,'2022-07-14 19:23:14','En producción'),
  (7,56,7,99,'2025-03-06 19:17:59','Cancelada'),
  (8,11,9,100,'2024-08-28 21:30:32','Completada'),
  (9,4,3,10,'2024-08-21 23:06:48','Completada'),
  (10,18,14,309,'2021-01-20 23:45:09','En producción'),
  (11,30,15,438,'2025-01-30 11:49:48','En producción'),
  (12,74,6,280,'2022-04-08 05:15:03','Cancelada'),
  (13,94,4,153,'2022-05-06 07:17:59','En producción'),
  (14,13,4,51,'2023-02-22 08:23:13','En producción'),
  (15,47,6,109,'2022-11-25 07:28:52','Completada'),
  (16,44,7,327,'2021-07-03 23:34:51','Pendiente'),
  (17,22,3,266,'2020-08-29 21:30:55','Pendiente'),
  (18,80,15,99,'2021-04-05 20:09:40','Cancelada'),
  (19,77,1,146,'2022-03-09 01:08:42','En producción'),
  (20,15,9,386,'2021-11-07 14:30:43','Pendiente'),
  (21,78,14,311,'2024-05-01 07:00:25','Completada'),
  (22,81,19,307,'2022-11-04 20:37:59','En producción'),
  (23,22,18,208,'2023-10-16 01:14:19','Completada'),
  (24,39,19,480,'2025-06-25 17:14:40','En producción'),
  (25,87,10,251,'2023-09-28 23:34:09','Pendiente'),
  (26,92,7,136,'2022-11-03 22:09:39','Pendiente'),
  (27,14,19,45,'2022-11-15 13:06:12','Pendiente'),
  (28,29,9,398,'2020-09-27 05:16:02','Completada'),
  (29,69,10,91,'2023-12-10 12:51:16','Cancelada'),
  (30,99,16,86,'2023-10-25 20:38:48','Completada'),
  (31,76,9,447,'2025-01-14 21:15:22','Cancelada'),
  (32,7,4,247,'2022-10-03 20:39:07','Pendiente'),
  (33,16,17,36,'2020-06-15 20:50:43','Pendiente'),
  (34,55,2,284,'2022-09-13 06:32:23','Pendiente'),
  (35,18,8,437,'2021-04-30 01:36:54','En producción'),
  (36,26,17,376,'2025-02-13 00:10:14','Pendiente'),
  (37,29,2,42,'2021-05-20 07:37:01','Cancelada'),
  (38,83,6,174,'2022-10-18 17:43:13','En producción'),
  (39,88,2,341,'2025-04-05 12:49:46','Completada'),
  (40,67,7,443,'2023-11-13 21:51:17','Pendiente'),
  (41,7,15,103,'2024-09-17 22:30:49','Pendiente'),
  (42,82,9,356,'2023-02-16 23:53:40','En producción'),
  (43,3,18,380,'2024-09-13 01:50:04','Pendiente'),
  (44,80,13,11,'2024-09-12 14:37:39','En producción'),
  (45,55,6,322,'2023-05-19 04:51:50','Cancelada'),
  (46,86,6,438,'2022-09-19 02:07:07','Completada'),
  (47,18,11,246,'2020-09-09 08:45:26','Pendiente'),
  (48,41,5,210,'2023-09-23 07:37:50','Completada'),
  (49,54,5,388,'2021-12-15 00:21:35','Cancelada'),
  (50,84,7,109,'2024-11-19 05:05:02','Pendiente'),
  (51,22,7,359,'2021-01-10 10:18:05','Completada'),
  (52,18,4,255,'2025-08-12 21:52:16','Completada'),
  (53,26,17,190,'2020-07-13 17:13:33','Cancelada'),
  (54,93,8,458,'2022-03-16 17:46:58','Completada'),
  (55,60,3,185,'2025-10-14 02:43:50','Completada'),
  (56,90,3,380,'2020-06-16 20:48:48','Pendiente'),
  (57,71,17,474,'2024-09-10 12:18:04','Cancelada'),
  (58,43,5,258,'2022-02-19 16:10:58','Cancelada'),
  (59,22,14,460,'2025-06-29 07:34:53','En producción'),
  (60,47,3,320,'2022-03-24 18:32:32','En producción'),
  (61,60,12,109,'2022-01-27 11:09:38','En producción'),
  (62,17,6,180,'2024-12-27 11:32:01','Cancelada'),
  (63,53,1,52,'2022-03-11 13:13:30','En producción'),
  (64,75,4,240,'2021-02-20 06:07:12','Pendiente'),
  (65,24,17,412,'2023-06-21 00:24:06','Pendiente'),
  (66,63,1,78,'2023-04-17 01:55:59','Cancelada'),
  (67,61,14,405,'2025-02-04 03:24:26','Pendiente'),
  (68,2,8,351,'2021-10-15 22:45:56','Completada'),
  (69,65,19,76,'2021-12-24 16:13:04','Completada'),
  (70,60,7,116,'2021-02-22 10:46:27','Cancelada'),
  (71,48,4,227,'2022-01-28 01:53:23','Cancelada'),
  (72,51,5,473,'2022-05-25 20:28:41','Pendiente'),
  (73,69,13,239,'2025-02-19 07:23:17','Completada'),
  (74,3,3,437,'2025-09-09 01:42:00','Completada'),
  (75,73,16,481,'2025-08-31 08:19:03','En producción'),
  (76,35,18,451,'2025-12-28 04:43:47','Completada'),
  (77,13,9,64,'2022-06-24 04:48:17','En producción'),
  (78,62,3,93,'2024-03-27 05:41:35','En producción'),
  (79,30,20,118,'2023-11-05 06:26:20','Completada'),
  (80,90,10,473,'2025-11-24 15:51:21','Completada'),
  (81,92,16,127,'2022-07-26 19:39:54','Pendiente'),
  (82,92,9,481,'2022-03-09 21:55:18','Cancelada'),
  (83,98,14,416,'2021-04-10 03:47:59','En producción'),
  (84,26,18,470,'2023-05-17 13:45:50','Cancelada'),
  (85,3,17,137,'2024-11-25 22:27:09','Pendiente'),
  (86,34,4,10,'2020-04-30 15:58:06','En producción'),
  (87,98,15,67,'2022-03-28 08:02:34','Pendiente'),
  (88,41,12,362,'2022-09-13 10:35:18','Completada'),
  (89,62,4,199,'2021-09-10 12:49:54','Pendiente'),
  (90,22,17,239,'2021-08-05 21:03:57','Cancelada'),
  (91,63,18,123,'2024-01-01 06:55:46','Cancelada'),
  (92,36,19,71,'2022-08-17 21:54:59','Pendiente'),
  (93,45,8,214,'2023-12-16 16:34:55','Completada'),
  (94,69,8,118,'2020-11-17 05:58:08','Cancelada'),
  (95,100,5,196,'2024-10-13 13:13:02','En producción'),
  (96,18,5,335,'2024-06-23 01:12:25','Cancelada'),
  (97,82,8,15,'2023-12-13 07:41:46','Cancelada'),
  (98,28,19,312,'2023-01-05 07:04:47','Cancelada'),
  (99,18,16,352,'2022-02-06 13:30:39','En producción'),
  (100,82,2,53,'2024-10-02 12:02:00','Cancelada');

-- 20. DET_ORDENES_PRODUCCION (100)
INSERT IGNORE INTO `det_ordenes_produccion` (`id_det_orden`, `orden_produccion_id`, `insumo_id`, `cantidad_consumida`) VALUES
  (1,38,72,28.2097),
  (2,98,62,14.9112),
  (3,20,25,36.6505),
  (4,68,24,25.4826),
  (5,11,33,39.5170),
  (6,13,29,14.0942),
  (7,55,61,28.8545),
  (8,55,68,15.9179),
  (9,68,44,42.5856),
  (10,34,24,4.1858),
  (11,35,3,21.5004),
  (12,61,19,21.7976),
  (13,31,69,2.2959),
  (14,81,67,17.3019),
  (15,78,5,9.5960),
  (16,27,100,21.6954),
  (17,49,15,23.9980),
  (18,31,31,30.0723),
  (19,78,53,38.7857),
  (20,72,32,30.9154),
  (21,58,49,28.1542),
  (22,14,61,21.3769),
  (23,20,80,12.7323),
  (24,18,57,49.8775),
  (25,31,14,26.9845),
  (26,10,52,3.3730),
  (27,57,62,45.8612),
  (28,38,100,46.3415),
  (29,55,73,17.9565),
  (30,29,35,37.5321),
  (31,39,45,7.5584),
  (32,32,36,39.4366),
  (33,8,68,21.4664),
  (34,1,95,9.9055),
  (35,33,89,16.4182),
  (36,56,77,15.9672),
  (37,22,92,2.5511),
  (38,84,90,2.3373),
  (39,97,48,5.6332),
  (40,53,8,21.9628),
  (41,54,80,28.9795),
  (42,86,64,8.8426),
  (43,67,8,43.1205),
  (44,50,20,34.9401),
  (45,9,99,30.5626),
  (46,56,79,8.8717),
  (47,77,57,2.4785),
  (48,35,22,34.8477),
  (49,67,78,37.0295),
  (50,72,98,21.6769),
  (51,39,72,43.3665),
  (52,22,42,4.1603),
  (53,37,100,34.3103),
  (54,60,88,28.5015),
  (55,38,19,22.4033),
  (56,65,46,50.0929),
  (57,16,62,41.5722),
  (58,95,40,11.8109),
  (59,15,23,18.1757),
  (60,83,15,4.4017),
  (61,28,67,23.8506),
  (62,89,21,23.2818),
  (63,49,52,16.4531),
  (64,7,84,18.7434),
  (65,95,13,17.6195),
  (66,54,97,4.7716),
  (67,73,16,14.2006),
  (68,62,27,36.0579),
  (69,32,73,9.1457),
  (70,95,96,48.9840),
  (71,61,70,13.4842),
  (72,34,29,30.9467),
  (73,89,2,17.9694),
  (74,83,10,49.0507),
  (75,86,88,38.8633),
  (76,5,98,24.5133),
  (77,74,6,50.3558),
  (78,95,39,48.7485),
  (79,41,36,24.3626),
  (80,37,90,41.6357),
  (81,38,61,50.0614),
  (82,42,34,17.5690),
  (83,57,53,28.6175),
  (84,48,59,41.1392),
  (85,95,65,36.2576),
  (86,6,95,37.3617),
  (87,70,47,49.2884),
  (88,12,64,11.8380),
  (89,13,55,30.9575),
  (90,55,21,49.7667),
  (91,18,26,20.3348),
  (92,70,73,39.9151),
  (93,6,42,40.7872),
  (94,23,33,26.1585),
  (95,82,53,38.2453),
  (96,35,67,15.6088),
  (97,96,20,20.4474),
  (98,63,5,34.3177),
  (99,76,82,25.8165),
  (100,33,23,9.6744);

-- 21. ASIGNACIONES_VENDEDOR (100)
INSERT IGNORE INTO `asignaciones_vendedor` (`id_asignacion`, `vendedor_id`, `fecha_asignacion`, `estado`) VALUES
  (1,14,'2024-06-27 17:31:42','Activa'),
  (2,4,'2024-04-01 18:06:35','Cancelada'),
  (3,23,'2020-05-04 17:50:23','Activa'),
  (4,4,'2021-07-16 05:35:08','Activa'),
  (5,20,'2025-03-22 08:46:58','Cerrada'),
  (6,7,'2020-05-10 10:48:15','Cerrada'),
  (7,7,'2022-09-07 14:46:52','Activa'),
  (8,30,'2023-03-24 17:45:07','Cancelada'),
  (9,14,'2025-09-28 21:32:08','Activa'),
  (10,15,'2025-08-24 08:57:35','Activa'),
  (11,20,'2022-02-11 02:45:23','Cancelada'),
  (12,5,'2021-02-25 14:55:27','Cancelada'),
  (13,27,'2025-08-03 02:31:01','Cerrada'),
  (14,6,'2021-07-02 01:24:03','Cancelada'),
  (15,29,'2020-06-13 01:20:43','Cerrada'),
  (16,12,'2024-03-07 05:23:14','Activa'),
  (17,1,'2022-09-17 17:03:05','Activa'),
  (18,24,'2025-04-14 04:08:58','Activa'),
  (19,2,'2023-09-28 20:36:39','Cancelada'),
  (20,1,'2024-10-11 10:22:24','Cancelada'),
  (21,7,'2023-10-31 15:40:52','Activa'),
  (22,11,'2023-05-13 00:56:08','Activa'),
  (23,30,'2024-12-18 18:01:22','Cerrada'),
  (24,27,'2025-03-05 09:23:26','Cancelada'),
  (25,16,'2024-09-29 22:43:59','Cerrada'),
  (26,6,'2024-06-18 05:33:37','Cancelada'),
  (27,20,'2022-06-10 23:15:48','Cerrada'),
  (28,1,'2022-12-23 00:05:18','Activa'),
  (29,7,'2025-01-18 03:12:29','Cerrada'),
  (30,8,'2025-12-25 13:59:05','Cancelada'),
  (31,24,'2025-03-06 20:17:29','Cerrada'),
  (32,15,'2022-07-05 21:32:22','Cerrada'),
  (33,17,'2023-02-15 02:21:48','Cerrada'),
  (34,21,'2023-03-21 16:01:18','Cancelada'),
  (35,13,'2021-10-11 10:02:21','Activa'),
  (36,2,'2025-09-17 07:48:31','Cancelada'),
  (37,13,'2022-11-10 18:22:02','Activa'),
  (38,13,'2025-01-25 14:30:07','Cancelada'),
  (39,18,'2023-01-12 23:07:01','Activa'),
  (40,28,'2023-10-19 04:41:16','Cancelada'),
  (41,26,'2024-12-16 22:23:52','Cerrada'),
  (42,27,'2023-04-07 17:47:41','Activa'),
  (43,19,'2025-12-07 13:54:03','Activa'),
  (44,4,'2024-07-10 04:28:03','Cancelada'),
  (45,19,'2025-04-09 06:33:42','Activa'),
  (46,22,'2025-08-11 13:33:08','Cerrada'),
  (47,5,'2024-03-05 17:22:38','Cerrada'),
  (48,4,'2025-04-25 15:37:32','Cerrada'),
  (49,8,'2020-01-10 06:00:37','Cancelada'),
  (50,23,'2025-04-24 21:33:26','Cerrada'),
  (51,5,'2023-11-12 08:07:14','Cerrada'),
  (52,25,'2024-01-17 18:18:06','Cerrada'),
  (53,4,'2025-05-31 11:37:26','Activa'),
  (54,8,'2025-11-24 05:32:49','Cerrada'),
  (55,12,'2024-07-20 22:46:52','Cancelada'),
  (56,6,'2022-09-23 02:26:18','Cancelada'),
  (57,22,'2024-05-26 19:38:32','Activa'),
  (58,24,'2020-10-05 17:53:17','Cancelada'),
  (59,17,'2023-04-19 21:27:03','Cerrada'),
  (60,17,'2022-12-05 15:27:36','Cancelada'),
  (61,30,'2025-02-27 02:36:52','Activa'),
  (62,13,'2025-11-21 08:58:42','Activa'),
  (63,7,'2022-11-06 13:17:33','Cancelada'),
  (64,8,'2025-03-04 20:21:58','Cerrada'),
  (65,13,'2021-01-20 12:02:47','Activa'),
  (66,22,'2025-10-04 23:15:04','Cancelada'),
  (67,14,'2020-08-26 05:47:50','Cancelada'),
  (68,13,'2022-02-12 07:06:49','Cerrada'),
  (69,13,'2021-08-07 17:06:59','Cancelada'),
  (70,11,'2023-12-23 09:39:13','Activa'),
  (71,8,'2022-10-31 03:03:08','Activa'),
  (72,7,'2024-10-04 02:09:48','Activa'),
  (73,26,'2025-03-29 13:50:12','Cerrada'),
  (74,3,'2025-08-27 04:28:48','Cerrada'),
  (75,25,'2020-10-13 08:23:24','Activa'),
  (76,8,'2024-07-06 23:03:55','Cancelada'),
  (77,5,'2022-06-04 21:02:07','Cancelada'),
  (78,22,'2020-02-06 22:25:44','Cancelada'),
  (79,25,'2025-07-21 04:47:52','Cerrada'),
  (80,9,'2023-05-20 18:57:29','Cerrada'),
  (81,3,'2022-10-28 05:32:00','Cerrada'),
  (82,17,'2021-10-19 17:45:45','Activa'),
  (83,14,'2022-08-25 00:27:22','Cerrada'),
  (84,4,'2020-01-07 23:51:29','Cancelada'),
  (85,3,'2024-02-23 12:53:35','Cerrada'),
  (86,18,'2025-04-07 07:26:38','Cerrada'),
  (87,22,'2023-06-09 04:47:17','Activa'),
  (88,3,'2020-12-22 23:36:40','Cerrada'),
  (89,1,'2021-06-07 06:06:36','Activa'),
  (90,11,'2024-10-03 10:07:27','Cerrada'),
  (91,12,'2024-10-22 10:23:27','Activa'),
  (92,29,'2021-12-04 15:23:07','Cerrada'),
  (93,19,'2025-03-21 12:37:37','Cerrada'),
  (94,29,'2023-06-02 00:51:25','Cancelada'),
  (95,15,'2020-03-24 02:13:24','Cerrada'),
  (96,2,'2025-02-02 12:34:32','Cerrada'),
  (97,23,'2022-07-12 22:02:28','Cerrada'),
  (98,29,'2023-11-08 03:24:51','Cerrada'),
  (99,15,'2020-11-03 09:25:47','Cancelada'),
  (100,18,'2022-09-22 05:59:58','Cancelada');

-- 22. DET_ASIGNACIONES (100)
INSERT IGNORE INTO `det_asignaciones` (`id_det_asignacion`, `asignacion_id`, `producto_id`, `cantidad_asignada`) VALUES
  (1,48,1,4),
  (2,36,62,2),
  (3,14,48,33),
  (4,14,32,41),
  (5,84,39,41),
  (6,16,53,22),
  (7,94,10,48),
  (8,11,88,15),
  (9,21,30,35),
  (10,82,51,38),
  (11,67,51,43),
  (12,71,41,21),
  (13,96,60,15),
  (14,61,61,16),
  (15,17,89,11),
  (16,58,54,22),
  (17,6,69,23),
  (18,20,55,23),
  (19,88,50,17),
  (20,4,42,27),
  (21,30,39,23),
  (22,33,70,4),
  (23,20,47,46),
  (24,84,19,40),
  (25,71,33,14),
  (26,78,72,32),
  (27,97,15,48),
  (28,69,94,11),
  (29,14,55,42),
  (30,85,39,16),
  (31,78,100,28),
  (32,1,27,16),
  (33,15,79,12),
  (34,17,70,13),
  (35,56,34,50),
  (36,70,26,38),
  (37,58,74,10),
  (38,47,31,20),
  (39,96,67,2),
  (40,85,33,5),
  (41,63,16,20),
  (42,58,81,47),
  (43,33,37,38),
  (44,62,35,21),
  (45,16,72,18),
  (46,95,43,27),
  (47,26,82,6),
  (48,88,5,29),
  (49,61,89,5),
  (50,32,17,5),
  (51,20,46,10),
  (52,23,41,20),
  (53,70,34,30),
  (54,40,44,20),
  (55,38,28,41),
  (56,39,81,41),
  (57,86,49,47),
  (58,66,78,44),
  (59,14,59,37),
  (60,28,94,4),
  (61,9,41,29),
  (62,60,14,37),
  (63,49,22,2),
  (64,18,82,12),
  (65,54,3,9),
  (66,6,79,39),
  (67,41,59,1),
  (68,82,44,35),
  (69,21,37,43),
  (70,54,97,38),
  (71,11,7,2),
  (72,19,82,31),
  (73,39,44,41),
  (74,56,72,15),
  (75,52,66,39),
  (76,53,59,11),
  (77,87,72,47),
  (78,35,54,18),
  (79,48,99,7),
  (80,85,31,24),
  (81,95,64,12),
  (82,67,82,9),
  (83,59,10,38),
  (84,73,9,32),
  (85,84,31,48),
  (86,43,25,48),
  (87,54,47,24),
  (88,37,40,32),
  (89,92,48,13),
  (90,39,48,31),
  (91,44,35,38),
  (92,26,95,20),
  (93,97,46,40),
  (94,5,98,27),
  (95,51,32,31),
  (96,71,16,12),
  (97,45,48,46),
  (98,69,66,12),
  (99,9,47,29),
  (100,20,46,19);

-- 23. EVENTOS (100)
INSERT IGNORE INTO `eventos` (`id_evento`, `nombre`, `descripcion`, `fecha_inicio`, `fecha_fin`, `escuela_id`, `municipio_id`, `costo_stand`, `activo`) VALUES
  (1,'ExpoArte 1','Evento cultural universitario en el Estado de México','2021-07-15 17:18:52','2021-07-20 17:18:52',160,92,983.52,TRUE),
  (2,'Mercado Freak 2','Evento cultural universitario en el Estado de México','2022-07-22 20:06:48','2022-07-25 20:06:48',79,24,493.82,TRUE),
  (3,'Mercado Artesanal 3','Evento cultural universitario en el Estado de México','2025-08-27 07:19:34','2025-08-31 07:19:34',123,NULL,264.23,FALSE),
  (4,'Feria de Emprendedores 4','Evento cultural universitario en el Estado de México','2023-06-24 05:37:27','2023-06-26 05:37:27',69,65,469.20,FALSE),
  (5,'Comic Con EdoMex 5','Evento cultural universitario en el Estado de México','2023-07-01 20:59:58','2023-07-06 20:59:58',NULL,48,849.44,TRUE),
  (6,'Feria de Diseño 6','Evento cultural universitario en el Estado de México','2024-05-21 13:03:12','2024-05-23 13:03:12',142,64,904.37,TRUE),
  (7,'Comic Con EdoMex 7','Evento cultural universitario en el Estado de México','2020-01-01 11:13:44','2020-01-05 11:13:44',50,70,972.04,TRUE),
  (8,'Comic Con EdoMex 8','Evento cultural universitario en el Estado de México','2021-04-16 13:34:46','2021-04-20 13:34:46',NULL,34,699.57,TRUE),
  (9,'Feria de Emprendedores 9','Evento cultural universitario en el Estado de México','2022-06-22 16:17:31','2022-06-24 16:17:31',141,78,255.45,TRUE),
  (10,'Expo Creativa 10','Evento cultural universitario en el Estado de México','2022-09-24 13:50:56','2022-09-28 13:50:56',65,30,333.27,TRUE),
  (11,'Feria de Emprendedores 11','Evento cultural universitario en el Estado de México','2021-05-09 13:30:57','2021-05-14 13:30:57',182,38,716.85,TRUE),
  (12,'Pop-Up Market 12','Evento cultural universitario en el Estado de México','2023-12-18 09:28:05','2023-12-22 09:28:05',153,15,608.17,TRUE),
  (13,'ExpoArte 13','Evento cultural universitario en el Estado de México','2022-09-19 08:15:49','2022-09-21 08:15:49',28,7,541.17,TRUE),
  (14,'Festival Geek 14','Evento cultural universitario en el Estado de México','2022-01-30 09:36:23','2022-01-31 09:36:23',29,95,911.83,TRUE),
  (15,'ExpoArte 15','Evento cultural universitario en el Estado de México','2025-05-24 05:50:36','2025-05-26 05:50:36',199,42,423.94,TRUE),
  (16,'Feria del Arte Universitario 16','Evento cultural universitario en el Estado de México','2020-05-25 20:34:48','2020-05-29 20:34:48',1,69,505.25,TRUE),
  (17,'Feria del Arte Universitario 17','Evento cultural universitario en el Estado de México','2025-10-03 19:22:05','2025-10-04 19:22:05',141,95,339.54,FALSE),
  (18,'Feria de Diseño 18','Evento cultural universitario en el Estado de México','2024-01-06 10:00:03','2024-01-07 10:00:03',193,68,549.14,TRUE),
  (19,'Bazar Estudiantil 19','Evento cultural universitario en el Estado de México','2020-12-23 00:37:42','2020-12-27 00:37:42',176,84,718.41,TRUE),
  (20,'Pop-Up Market 20','Evento cultural universitario en el Estado de México','2022-09-14 17:19:39','2022-09-18 17:19:39',192,77,938.66,TRUE),
  (21,'Mercado Freak 21','Evento cultural universitario en el Estado de México','2023-06-21 22:41:30','2023-06-24 22:41:30',130,26,403.67,TRUE),
  (22,'Pop-Up Market 22','Evento cultural universitario en el Estado de México','2020-08-09 10:26:03','2020-08-12 10:26:03',NULL,74,772.62,TRUE),
  (23,'Pop-Up Market 23','Evento cultural universitario en el Estado de México','2024-09-27 04:36:40','2024-09-30 04:36:40',170,63,762.43,TRUE),
  (24,'Exposición Cultural 24','Evento cultural universitario en el Estado de México','2025-12-13 14:51:22','2025-12-17 14:51:22',86,31,549.10,TRUE),
  (25,'Festival Geek 25','Evento cultural universitario en el Estado de México','2021-04-30 15:54:55','2021-05-03 15:54:55',28,97,235.42,TRUE),
  (26,'Expo Creativa 26','Evento cultural universitario en el Estado de México','2023-11-17 10:33:03','2023-11-22 10:33:03',3,34,550.96,TRUE),
  (27,'Expo Creativa 27','Evento cultural universitario en el Estado de México','2021-12-10 13:14:32','2021-12-11 13:14:32',154,22,948.83,TRUE),
  (28,'Mercado Freak 28','Evento cultural universitario en el Estado de México','2020-09-12 06:07:44','2020-09-15 06:07:44',38,55,332.35,FALSE),
  (29,'Mercado Freak 29','Evento cultural universitario en el Estado de México','2020-09-18 07:22:39','2020-09-19 07:22:39',140,37,585.89,TRUE),
  (30,'Comic Con EdoMex 30','Evento cultural universitario en el Estado de México','2024-06-22 23:19:12','2024-06-27 23:19:12',192,84,374.61,TRUE),
  (31,'Mercado Freak 31','Evento cultural universitario en el Estado de México','2023-10-20 02:23:42','2023-10-25 02:23:42',120,91,582.06,TRUE),
  (32,'Exposición Cultural 32','Evento cultural universitario en el Estado de México','2025-09-24 23:24:31','2025-09-28 23:24:31',166,100,837.34,TRUE),
  (33,'Mercado Freak 33','Evento cultural universitario en el Estado de México','2020-11-21 15:27:31','2020-11-24 15:27:31',36,97,165.41,FALSE),
  (34,'Feria de Diseño 34','Evento cultural universitario en el Estado de México','2020-12-26 06:38:42','2020-12-28 06:38:42',NULL,65,505.70,TRUE),
  (35,'Bazar Estudiantil 35','Evento cultural universitario en el Estado de México','2022-11-29 12:30:58','2022-12-02 12:30:58',NULL,8,277.47,TRUE),
  (36,'Bazar Estudiantil 36','Evento cultural universitario en el Estado de México','2022-02-19 17:33:25','2022-02-20 17:33:25',186,46,947.50,TRUE),
  (37,'Expo Creativa 37','Evento cultural universitario en el Estado de México','2022-09-29 14:45:43','2022-09-30 14:45:43',35,NULL,939.37,TRUE),
  (38,'Exposición Cultural 38','Evento cultural universitario en el Estado de México','2022-09-12 01:18:54','2022-09-15 01:18:54',126,83,746.12,TRUE),
  (39,'Feria del Arte Universitario 39','Evento cultural universitario en el Estado de México','2020-11-21 12:02:20','2020-11-23 12:02:20',191,11,923.04,TRUE),
  (40,'Feria del Arte Universitario 40','Evento cultural universitario en el Estado de México','2022-05-19 16:57:10','2022-05-20 16:57:10',54,36,393.05,TRUE),
  (41,'Feria de Emprendedores 41','Evento cultural universitario en el Estado de México','2024-06-30 21:17:57','2024-07-04 21:17:57',107,2,499.98,TRUE),
  (42,'Feria de Emprendedores 42','Evento cultural universitario en el Estado de México','2024-02-06 10:49:01','2024-02-11 10:49:01',NULL,NULL,957.65,TRUE),
  (43,'Exposición Cultural 43','Evento cultural universitario en el Estado de México','2025-09-11 17:36:09','2025-09-15 17:36:09',171,45,684.32,TRUE),
  (44,'Festival Geek 44','Evento cultural universitario en el Estado de México','2020-07-21 11:44:40','2020-07-24 11:44:40',103,NULL,235.03,TRUE),
  (45,'Pop-Up Market 45','Evento cultural universitario en el Estado de México','2021-04-24 01:50:41','2021-04-29 01:50:41',27,32,745.89,TRUE),
  (46,'Pop-Up Market 46','Evento cultural universitario en el Estado de México','2020-08-05 13:07:39','2020-08-10 13:07:39',NULL,41,772.42,TRUE),
  (47,'Bazar Estudiantil 47','Evento cultural universitario en el Estado de México','2025-04-08 17:53:29','2025-04-09 17:53:29',36,17,474.93,TRUE),
  (48,'Feria de Diseño 48','Evento cultural universitario en el Estado de México','2024-12-04 06:48:30','2024-12-07 06:48:30',133,55,670.43,TRUE),
  (49,'Exposición Cultural 49','Evento cultural universitario en el Estado de México','2021-06-03 03:04:48','2021-06-05 03:04:48',NULL,74,737.51,TRUE),
  (50,'Pop-Up Market 50','Evento cultural universitario en el Estado de México','2022-08-10 05:15:53','2022-08-11 05:15:53',83,13,555.35,FALSE),
  (51,'Festival Geek 51','Evento cultural universitario en el Estado de México','2024-04-01 09:59:24','2024-04-05 09:59:24',NULL,NULL,167.45,TRUE),
  (52,'Feria del Arte Universitario 52','Evento cultural universitario en el Estado de México','2022-01-24 02:35:31','2022-01-29 02:35:31',NULL,100,337.19,TRUE),
  (53,'Pop-Up Market 53','Evento cultural universitario en el Estado de México','2023-11-26 01:22:21','2023-11-30 01:22:21',NULL,26,533.74,TRUE),
  (54,'Feria de Diseño 54','Evento cultural universitario en el Estado de México','2022-12-30 23:45:40','2023-01-01 23:45:40',178,25,980.23,FALSE),
  (55,'Festival Geek 55','Evento cultural universitario en el Estado de México','2020-06-10 08:26:52','2020-06-11 08:26:52',186,26,965.30,TRUE),
  (56,'ExpoArte 56','Evento cultural universitario en el Estado de México','2025-06-11 17:01:20','2025-06-16 17:01:20',NULL,NULL,370.14,TRUE),
  (57,'Feria del Arte Universitario 57','Evento cultural universitario en el Estado de México','2020-10-05 23:05:40','2020-10-09 23:05:40',179,52,844.21,TRUE),
  (58,'ExpoArte 58','Evento cultural universitario en el Estado de México','2020-03-28 22:34:04','2020-03-31 22:34:04',NULL,30,338.58,TRUE),
  (59,'ExpoArte 59','Evento cultural universitario en el Estado de México','2021-10-08 01:00:20','2021-10-13 01:00:20',89,52,968.92,FALSE),
  (60,'Bazar Estudiantil 60','Evento cultural universitario en el Estado de México','2020-12-29 09:37:21','2021-01-02 09:37:21',NULL,67,495.39,TRUE),
  (61,'Feria del Arte Universitario 61','Evento cultural universitario en el Estado de México','2020-09-08 16:22:21','2020-09-13 16:22:21',189,92,409.10,TRUE),
  (62,'Feria de Emprendedores 62','Evento cultural universitario en el Estado de México','2025-06-20 14:14:08','2025-06-21 14:14:08',196,79,392.57,TRUE),
  (63,'Mercado Artesanal 63','Evento cultural universitario en el Estado de México','2025-08-19 17:48:50','2025-08-20 17:48:50',NULL,18,902.25,TRUE),
  (64,'ExpoArte 64','Evento cultural universitario en el Estado de México','2023-05-09 04:32:21','2023-05-11 04:32:21',NULL,1,926.16,TRUE),
  (65,'Mercado Artesanal 65','Evento cultural universitario en el Estado de México','2022-12-30 00:08:29','2023-01-03 00:08:29',NULL,74,807.07,TRUE),
  (66,'Mercado Artesanal 66','Evento cultural universitario en el Estado de México','2025-04-15 05:49:26','2025-04-16 05:49:26',NULL,9,913.14,TRUE),
  (67,'ExpoArte 67','Evento cultural universitario en el Estado de México','2024-11-03 10:19:14','2024-11-07 10:19:14',141,71,618.27,TRUE),
  (68,'Festival Geek 68','Evento cultural universitario en el Estado de México','2020-08-06 23:38:29','2020-08-09 23:38:29',92,60,248.97,TRUE),
  (69,'Mercado Artesanal 69','Evento cultural universitario en el Estado de México','2021-09-13 20:14:09','2021-09-18 20:14:09',127,60,653.88,TRUE),
  (70,'Mercado Freak 70','Evento cultural universitario en el Estado de México','2023-08-10 15:48:06','2023-08-15 15:48:06',NULL,NULL,955.77,TRUE),
  (71,'Feria de Diseño 71','Evento cultural universitario en el Estado de México','2024-09-19 05:22:00','2024-09-24 05:22:00',NULL,49,616.44,TRUE),
  (72,'Feria del Arte Universitario 72','Evento cultural universitario en el Estado de México','2025-11-10 03:49:29','2025-11-11 03:49:29',6,16,256.62,TRUE),
  (73,'ExpoArte 73','Evento cultural universitario en el Estado de México','2024-04-21 16:51:58','2024-04-25 16:51:58',NULL,66,405.95,TRUE),
  (74,'Mercado Artesanal 74','Evento cultural universitario en el Estado de México','2024-12-08 19:20:01','2024-12-12 19:20:01',153,NULL,612.74,FALSE),
  (75,'Festival Geek 75','Evento cultural universitario en el Estado de México','2020-03-28 16:35:07','2020-03-29 16:35:07',84,29,655.74,TRUE),
  (76,'Comic Con EdoMex 76','Evento cultural universitario en el Estado de México','2022-01-07 02:11:31','2022-01-08 02:11:31',19,96,522.43,TRUE),
  (77,'Comic Con EdoMex 77','Evento cultural universitario en el Estado de México','2021-03-08 18:36:03','2021-03-13 18:36:03',171,35,708.87,TRUE),
  (78,'Bazar Estudiantil 78','Evento cultural universitario en el Estado de México','2024-05-29 19:29:49','2024-06-03 19:29:49',7,45,227.12,TRUE),
  (79,'Exposición Cultural 79','Evento cultural universitario en el Estado de México','2025-03-23 03:44:02','2025-03-26 03:44:02',NULL,34,233.82,TRUE),
  (80,'Feria de Diseño 80','Evento cultural universitario en el Estado de México','2021-01-04 18:38:56','2021-01-08 18:38:56',143,98,837.04,FALSE),
  (81,'Mercado Artesanal 81','Evento cultural universitario en el Estado de México','2020-03-30 04:35:36','2020-04-04 04:35:36',148,7,947.39,TRUE),
  (82,'Pop-Up Market 82','Evento cultural universitario en el Estado de México','2023-05-07 13:07:17','2023-05-10 13:07:17',126,20,993.46,TRUE),
  (83,'Feria del Arte Universitario 83','Evento cultural universitario en el Estado de México','2021-04-06 10:53:56','2021-04-10 10:53:56',NULL,46,977.39,TRUE),
  (84,'Festival Geek 84','Evento cultural universitario en el Estado de México','2025-02-03 08:49:52','2025-02-07 08:49:52',18,90,238.46,FALSE),
  (85,'Festival Geek 85','Evento cultural universitario en el Estado de México','2025-02-22 16:41:47','2025-02-24 16:41:47',4,17,524.75,TRUE),
  (86,'Mercado Freak 86','Evento cultural universitario en el Estado de México','2024-04-03 12:50:37','2024-04-06 12:50:37',112,NULL,720.21,FALSE),
  (87,'Mercado Artesanal 87','Evento cultural universitario en el Estado de México','2022-07-11 14:38:26','2022-07-14 14:38:26',44,43,557.23,TRUE),
  (88,'Bazar Estudiantil 88','Evento cultural universitario en el Estado de México','2025-05-13 07:25:02','2025-05-15 07:25:02',199,82,576.88,TRUE),
  (89,'Festival Geek 89','Evento cultural universitario en el Estado de México','2023-08-27 12:45:21','2023-08-30 12:45:21',124,31,203.03,FALSE),
  (90,'Comic Con EdoMex 90','Evento cultural universitario en el Estado de México','2020-01-08 11:28:02','2020-01-10 11:28:02',99,2,751.80,TRUE),
  (91,'Expo Creativa 91','Evento cultural universitario en el Estado de México','2025-11-17 18:36:47','2025-11-19 18:36:47',157,31,398.85,FALSE),
  (92,'Feria del Arte Universitario 92','Evento cultural universitario en el Estado de México','2020-08-25 12:11:12','2020-08-27 12:11:12',NULL,35,985.56,FALSE),
  (93,'Pop-Up Market 93','Evento cultural universitario en el Estado de México','2025-09-15 02:39:57','2025-09-19 02:39:57',NULL,33,434.81,TRUE),
  (94,'Exposición Cultural 94','Evento cultural universitario en el Estado de México','2020-09-20 04:32:45','2020-09-25 04:32:45',6,90,212.77,TRUE),
  (95,'Comic Con EdoMex 95','Evento cultural universitario en el Estado de México','2024-04-21 14:49:17','2024-04-26 14:49:17',169,38,937.22,TRUE),
  (96,'Comic Con EdoMex 96','Evento cultural universitario en el Estado de México','2024-01-11 18:50:21','2024-01-13 18:50:21',117,NULL,346.99,TRUE),
  (97,'Feria de Diseño 97','Evento cultural universitario en el Estado de México','2022-08-14 20:21:05','2022-08-17 20:21:05',46,1,697.46,TRUE),
  (98,'Mercado Artesanal 98','Evento cultural universitario en el Estado de México','2021-07-04 23:16:22','2021-07-08 23:16:22',117,NULL,205.28,FALSE),
  (99,'Mercado Freak 99','Evento cultural universitario en el Estado de México','2020-10-25 23:43:25','2020-10-30 23:43:25',200,18,155.52,TRUE),
  (100,'Comic Con EdoMex 100','Evento cultural universitario en el Estado de México','2022-11-06 10:09:13','2022-11-08 10:09:13',53,7,813.88,TRUE);

-- 24. PROMOCIONES (1 000)
INSERT IGNORE INTO `promociones` (`id_promocion`, `nombre`, `descripcion`, `tipo_promocion`, `valor_descuento`, `fecha_inicio`, `fecha_fin`, `activa`) VALUES
  (1,'Buen Fin 1','Promoción especial para clientes CONVEME','PORCENTAJE',49.00,'2023-06-12 10:49:07','2023-06-19 10:49:07',TRUE),
  (2,'Bazar Universitario 2','Promoción especial para clientes CONVEME','MONTO_FIJO',28.98,'2025-10-01 21:04:48','2025-10-31 21:04:48',TRUE),
  (3,'Flash Sale 3','Promoción especial para clientes CONVEME','PORCENTAJE',33.00,'2024-09-08 22:59:40','2024-09-11 22:59:40',TRUE),
  (4,'Fidelidad CONVEME 4','Promoción especial para clientes CONVEME','MONTO_FIJO',43.50,'2022-01-10 23:44:27','2022-01-22 23:44:27',TRUE),
  (5,'Pack Especial 5','Promoción especial para clientes CONVEME','PORCENTAJE',38.00,'2025-06-04 05:42:16','2025-06-27 05:42:16',TRUE),
  (6,'Promo Fin de Semana 6','Promoción especial para clientes CONVEME','PORCENTAJE',27.00,'2025-10-13 06:20:01','2025-11-04 06:20:01',TRUE),
  (7,'Promo Fin de Semana 7','Promoción especial para clientes CONVEME','MONTO_FIJO',60.28,'2025-07-02 20:42:06','2025-07-15 20:42:06',TRUE),
  (8,'Promo Fin de Semana 8','Promoción especial para clientes CONVEME','PORCENTAJE',19.00,'2022-12-29 07:19:15','2023-01-08 07:19:15',FALSE),
  (9,'Promo Fin de Semana 9','Promoción especial para clientes CONVEME','MONTO_FIJO',70.96,'2024-04-09 06:25:30','2024-04-28 06:25:30',FALSE),
  (10,'Buen Fin 10','Promoción especial para clientes CONVEME','MONTO_FIJO',99.62,'2021-08-01 18:47:04','2021-08-15 18:47:04',TRUE),
  (11,'Martes de Oferta 11','Promoción especial para clientes CONVEME','MONTO_FIJO',24.70,'2025-03-10 04:39:30','2025-03-28 04:39:30',TRUE),
  (12,'Pack Especial 12','Promoción especial para clientes CONVEME','MONTO_FIJO',32.96,'2022-02-17 09:12:55','2022-03-07 09:12:55',FALSE),
  (13,'Promo Fin de Semana 13','Promoción especial para clientes CONVEME','PORCENTAJE',43.00,'2020-04-16 21:10:03','2020-05-06 21:10:03',TRUE),
  (14,'Bazar Universitario 14','Promoción especial para clientes CONVEME','PORCENTAJE',50.00,'2025-09-22 19:57:54','2025-10-02 19:57:54',FALSE),
  (15,'Pack Especial 15','Promoción especial para clientes CONVEME','PORCENTAJE',17.00,'2021-07-18 14:11:14','2021-08-16 14:11:14',TRUE),
  (16,'Buen Fin 16','Promoción especial para clientes CONVEME','MONTO_FIJO',55.25,'2023-10-27 22:14:20','2023-11-26 22:14:20',TRUE),
  (17,'2x1 Limitado 17','Promoción especial para clientes CONVEME','MONTO_FIJO',30.31,'2021-08-08 18:38:11','2021-08-30 18:38:11',TRUE),
  (18,'Fidelidad CONVEME 18','Promoción especial para clientes CONVEME','PORCENTAJE',17.00,'2024-04-14 07:30:02','2024-04-21 07:30:02',TRUE),
  (19,'Liquidación Temporada 19','Promoción especial para clientes CONVEME','MONTO_FIJO',95.92,'2020-01-05 23:56:01','2020-01-29 23:56:01',FALSE),
  (20,'Flash Sale 20','Promoción especial para clientes CONVEME','PORCENTAJE',14.00,'2025-07-05 10:10:01','2025-07-08 10:10:01',TRUE),
  (21,'Promo Fin de Semana 21','Promoción especial para clientes CONVEME','PORCENTAJE',23.00,'2024-05-23 09:17:22','2024-06-08 09:17:22',TRUE),
  (22,'Día del Amor 22','Promoción especial para clientes CONVEME','MONTO_FIJO',41.42,'2025-10-19 19:28:03','2025-11-10 19:28:03',FALSE),
  (23,'Promo Fin de Semana 23','Promoción especial para clientes CONVEME','PORCENTAJE',8.00,'2021-08-14 06:21:02','2021-08-18 06:21:02',TRUE),
  (24,'Martes de Oferta 24','Promoción especial para clientes CONVEME','MONTO_FIJO',31.55,'2024-11-10 19:20:32','2024-11-17 19:20:32',TRUE),
  (25,'Flash Sale 25','Promoción especial para clientes CONVEME','PORCENTAJE',26.00,'2023-07-18 05:04:14','2023-08-12 05:04:14',TRUE),
  (26,'Fidelidad CONVEME 26','Promoción especial para clientes CONVEME','MONTO_FIJO',44.74,'2023-08-21 05:15:12','2023-09-13 05:15:12',TRUE),
  (27,'Día del Amor 27','Promoción especial para clientes CONVEME','PORCENTAJE',9.00,'2023-04-16 16:40:56','2023-04-27 16:40:56',TRUE),
  (28,'Promo Fin de Semana 28','Promoción especial para clientes CONVEME','MONTO_FIJO',78.66,'2024-04-20 12:47:13','2024-05-14 12:47:13',TRUE),
  (29,'Martes de Oferta 29','Promoción especial para clientes CONVEME','PORCENTAJE',22.00,'2023-08-22 01:38:44','2023-08-31 01:38:44',TRUE),
  (30,'Buen Fin 30','Promoción especial para clientes CONVEME','PORCENTAJE',49.00,'2021-09-10 18:55:00','2021-09-13 18:55:00',TRUE),
  (31,'Flash Sale 31','Promoción especial para clientes CONVEME','PORCENTAJE',19.00,'2024-07-19 12:26:56','2024-08-18 12:26:56',TRUE),
  (32,'Regreso a Clases 32','Promoción especial para clientes CONVEME','PORCENTAJE',37.00,'2020-12-04 02:48:36','2020-12-15 02:48:36',TRUE),
  (33,'Bazar Universitario 33','Promoción especial para clientes CONVEME','PORCENTAJE',23.00,'2020-05-05 07:08:06','2020-06-03 07:08:06',FALSE),
  (34,'Liquidación Temporada 34','Promoción especial para clientes CONVEME','PORCENTAJE',37.00,'2021-07-07 15:02:42','2021-07-17 15:02:42',TRUE),
  (35,'Fidelidad CONVEME 35','Promoción especial para clientes CONVEME','MONTO_FIJO',36.74,'2022-07-30 07:25:50','2022-08-24 07:25:50',FALSE),
  (36,'Promo Fin de Semana 36','Promoción especial para clientes CONVEME','MONTO_FIJO',11.29,'2023-10-11 02:07:05','2023-11-02 02:07:05',FALSE),
  (37,'2x1 Limitado 37','Promoción especial para clientes CONVEME','MONTO_FIJO',23.30,'2024-02-24 21:21:00','2024-02-28 21:21:00',FALSE),
  (38,'Liquidación Temporada 38','Promoción especial para clientes CONVEME','PORCENTAJE',33.00,'2024-10-02 15:06:56','2024-10-23 15:06:56',TRUE),
  (39,'Fidelidad CONVEME 39','Promoción especial para clientes CONVEME','PORCENTAJE',37.00,'2025-08-27 08:09:09','2025-09-24 08:09:09',TRUE),
  (40,'Promo Fin de Semana 40','Promoción especial para clientes CONVEME','MONTO_FIJO',69.88,'2020-07-07 09:25:25','2020-07-13 09:25:25',TRUE),
  (41,'Descuento Estudiantil 41','Promoción especial para clientes CONVEME','MONTO_FIJO',66.07,'2024-07-09 13:31:32','2024-08-07 13:31:32',TRUE),
  (42,'Regreso a Clases 42','Promoción especial para clientes CONVEME','MONTO_FIJO',50.60,'2021-01-09 20:21:13','2021-01-17 20:21:13',TRUE),
  (43,'Pack Especial 43','Promoción especial para clientes CONVEME','MONTO_FIJO',42.53,'2024-12-24 20:52:08','2025-01-16 20:52:08',FALSE),
  (44,'Martes de Oferta 44','Promoción especial para clientes CONVEME','MONTO_FIJO',63.21,'2025-06-14 05:33:18','2025-06-20 05:33:18',FALSE),
  (45,'2x1 Limitado 45','Promoción especial para clientes CONVEME','MONTO_FIJO',87.41,'2020-05-19 18:33:21','2020-06-02 18:33:21',FALSE),
  (46,'Flash Sale 46','Promoción especial para clientes CONVEME','MONTO_FIJO',57.57,'2021-02-14 07:05:35','2021-02-17 07:05:35',TRUE),
  (47,'2x1 Limitado 47','Promoción especial para clientes CONVEME','PORCENTAJE',38.00,'2020-11-13 09:02:48','2020-12-08 09:02:48',FALSE),
  (48,'Día del Amor 48','Promoción especial para clientes CONVEME','PORCENTAJE',20.00,'2022-12-15 08:03:56','2023-01-12 08:03:56',FALSE),
  (49,'Descuento Estudiantil 49','Promoción especial para clientes CONVEME','MONTO_FIJO',72.19,'2020-12-31 15:43:39','2021-01-13 15:43:39',TRUE),
  (50,'Liquidación Temporada 50','Promoción especial para clientes CONVEME','PORCENTAJE',39.00,'2021-08-15 04:38:03','2021-08-30 04:38:03',TRUE),
  (51,'Promo Fin de Semana 51','Promoción especial para clientes CONVEME','PORCENTAJE',31.00,'2025-04-17 17:21:05','2025-04-29 17:21:05',FALSE),
  (52,'Descuento Estudiantil 52','Promoción especial para clientes CONVEME','MONTO_FIJO',61.92,'2022-03-27 16:20:36','2022-04-03 15:20:36',FALSE),
  (53,'Bazar Universitario 53','Promoción especial para clientes CONVEME','PORCENTAJE',46.00,'2023-03-31 21:57:20','2023-04-27 21:57:20',TRUE),
  (54,'Buen Fin 54','Promoción especial para clientes CONVEME','PORCENTAJE',12.00,'2020-11-05 15:36:18','2020-11-28 15:36:18',TRUE),
  (55,'Día del Amor 55','Promoción especial para clientes CONVEME','PORCENTAJE',8.00,'2022-11-11 06:07:49','2022-11-27 06:07:49',TRUE),
  (56,'Fidelidad CONVEME 56','Promoción especial para clientes CONVEME','MONTO_FIJO',45.81,'2025-07-05 15:13:13','2025-08-04 15:13:13',FALSE),
  (57,'Flash Sale 57','Promoción especial para clientes CONVEME','MONTO_FIJO',68.77,'2025-03-20 15:30:56','2025-04-01 15:30:56',FALSE),
  (58,'Fidelidad CONVEME 58','Promoción especial para clientes CONVEME','PORCENTAJE',26.00,'2020-03-24 18:49:06','2020-04-22 17:49:06',FALSE),
  (59,'Pack Especial 59','Promoción especial para clientes CONVEME','MONTO_FIJO',21.76,'2022-02-06 20:23:49','2022-02-27 20:23:49',FALSE),
  (60,'Bazar Universitario 60','Promoción especial para clientes CONVEME','PORCENTAJE',25.00,'2023-07-15 13:04:52','2023-07-24 13:04:52',TRUE),
  (61,'Regreso a Clases 61','Promoción especial para clientes CONVEME','PORCENTAJE',19.00,'2022-03-30 02:16:48','2022-04-05 01:16:48',TRUE),
  (62,'Día del Amor 62','Promoción especial para clientes CONVEME','PORCENTAJE',18.00,'2023-01-06 06:38:01','2023-01-14 06:38:01',TRUE),
  (63,'Regreso a Clases 63','Promoción especial para clientes CONVEME','MONTO_FIJO',17.58,'2023-03-04 21:18:57','2023-03-19 21:18:57',TRUE),
  (64,'Día del Amor 64','Promoción especial para clientes CONVEME','MONTO_FIJO',88.14,'2024-07-07 18:28:25','2024-07-14 18:28:25',TRUE),
  (65,'2x1 Limitado 65','Promoción especial para clientes CONVEME','MONTO_FIJO',49.06,'2021-04-05 08:27:08','2021-04-23 08:27:08',TRUE),
  (66,'Fidelidad CONVEME 66','Promoción especial para clientes CONVEME','MONTO_FIJO',30.63,'2024-05-17 08:48:51','2024-05-25 08:48:51',TRUE),
  (67,'Flash Sale 67','Promoción especial para clientes CONVEME','MONTO_FIJO',67.94,'2021-12-03 04:11:15','2021-12-17 04:11:15',TRUE),
  (68,'Flash Sale 68','Promoción especial para clientes CONVEME','PORCENTAJE',6.00,'2020-05-24 03:13:02','2020-06-07 03:13:02',TRUE),
  (69,'Bazar Universitario 69','Promoción especial para clientes CONVEME','MONTO_FIJO',32.27,'2025-07-28 23:48:00','2025-08-25 23:48:00',FALSE),
  (70,'Buen Fin 70','Promoción especial para clientes CONVEME','MONTO_FIJO',85.94,'2022-11-16 06:53:17','2022-11-20 06:53:17',FALSE),
  (71,'Promo Fin de Semana 71','Promoción especial para clientes CONVEME','MONTO_FIJO',29.48,'2020-04-30 18:55:51','2020-05-24 18:55:51',FALSE),
  (72,'Liquidación Temporada 72','Promoción especial para clientes CONVEME','PORCENTAJE',8.00,'2022-07-02 20:00:46','2022-07-10 20:00:46',FALSE),
  (73,'Día del Amor 73','Promoción especial para clientes CONVEME','PORCENTAJE',18.00,'2025-12-25 15:23:27','2026-01-03 15:23:27',FALSE),
  (74,'Promo Fin de Semana 74','Promoción especial para clientes CONVEME','PORCENTAJE',18.00,'2023-04-26 03:00:23','2023-05-13 03:00:23',TRUE),
  (75,'2x1 Limitado 75','Promoción especial para clientes CONVEME','MONTO_FIJO',55.50,'2025-04-28 21:04:12','2025-05-25 21:04:12',FALSE),
  (76,'Bazar Universitario 76','Promoción especial para clientes CONVEME','PORCENTAJE',22.00,'2022-08-09 18:33:07','2022-09-07 18:33:07',TRUE),
  (77,'Descuento Estudiantil 77','Promoción especial para clientes CONVEME','MONTO_FIJO',48.08,'2022-04-14 11:49:30','2022-05-12 11:49:30',TRUE),
  (78,'Fidelidad CONVEME 78','Promoción especial para clientes CONVEME','MONTO_FIJO',92.69,'2024-12-18 03:18:12','2025-01-02 03:18:12',FALSE),
  (79,'Día del Amor 79','Promoción especial para clientes CONVEME','MONTO_FIJO',48.81,'2023-12-23 09:12:59','2024-01-01 09:12:59',TRUE),
  (80,'Flash Sale 80','Promoción especial para clientes CONVEME','MONTO_FIJO',64.36,'2023-04-24 08:07:36','2023-05-01 08:07:36',TRUE),
  (81,'Martes de Oferta 81','Promoción especial para clientes CONVEME','MONTO_FIJO',29.34,'2021-02-22 17:58:20','2021-02-26 17:58:20',FALSE),
  (82,'Fidelidad CONVEME 82','Promoción especial para clientes CONVEME','MONTO_FIJO',58.73,'2025-02-23 11:45:21','2025-03-14 11:45:21',TRUE),
  (83,'Pack Especial 83','Promoción especial para clientes CONVEME','PORCENTAJE',21.00,'2025-01-21 17:03:17','2025-02-17 17:03:17',TRUE),
  (84,'Flash Sale 84','Promoción especial para clientes CONVEME','MONTO_FIJO',82.37,'2023-11-06 14:44:17','2023-11-26 14:44:17',TRUE),
  (85,'Liquidación Temporada 85','Promoción especial para clientes CONVEME','MONTO_FIJO',56.41,'2022-05-16 00:12:12','2022-06-09 00:12:12',FALSE),
  (86,'Liquidación Temporada 86','Promoción especial para clientes CONVEME','MONTO_FIJO',68.86,'2020-03-25 10:32:31','2020-04-15 09:32:31',TRUE),
  (87,'2x1 Limitado 87','Promoción especial para clientes CONVEME','PORCENTAJE',35.00,'2022-12-30 07:49:38','2023-01-02 07:49:38',TRUE),
  (88,'Día del Amor 88','Promoción especial para clientes CONVEME','MONTO_FIJO',26.62,'2021-03-27 00:42:22','2021-04-24 23:42:22',TRUE),
  (89,'Buen Fin 89','Promoción especial para clientes CONVEME','PORCENTAJE',25.00,'2023-07-09 14:07:37','2023-07-14 14:07:37',TRUE),
  (90,'Regreso a Clases 90','Promoción especial para clientes CONVEME','PORCENTAJE',21.00,'2021-12-13 22:54:02','2022-01-09 22:54:02',TRUE),
  (91,'Regreso a Clases 91','Promoción especial para clientes CONVEME','MONTO_FIJO',59.17,'2022-03-05 07:19:01','2022-03-30 07:19:01',TRUE),
  (92,'Buen Fin 92','Promoción especial para clientes CONVEME','PORCENTAJE',38.00,'2020-10-21 10:46:44','2020-11-01 11:46:44',TRUE),
  (93,'Martes de Oferta 93','Promoción especial para clientes CONVEME','PORCENTAJE',33.00,'2024-11-30 18:49:22','2024-12-28 18:49:22',TRUE),
  (94,'Liquidación Temporada 94','Promoción especial para clientes CONVEME','PORCENTAJE',14.00,'2023-02-27 18:29:31','2023-03-16 18:29:31',FALSE),
  (95,'Regreso a Clases 95','Promoción especial para clientes CONVEME','PORCENTAJE',16.00,'2025-08-20 19:19:58','2025-09-15 19:19:58',TRUE),
  (96,'Bazar Universitario 96','Promoción especial para clientes CONVEME','MONTO_FIJO',71.45,'2020-02-17 16:44:34','2020-03-09 16:44:34',TRUE),
  (97,'Martes de Oferta 97','Promoción especial para clientes CONVEME','MONTO_FIJO',82.99,'2023-01-11 01:34:31','2023-01-31 01:34:31',TRUE),
  (98,'Regreso a Clases 98','Promoción especial para clientes CONVEME','MONTO_FIJO',69.09,'2020-11-24 21:15:18','2020-11-28 21:15:18',TRUE),
  (99,'Flash Sale 99','Promoción especial para clientes CONVEME','PORCENTAJE',28.00,'2024-02-24 11:41:41','2024-03-09 11:41:41',TRUE),
  (100,'Liquidación Temporada 100','Promoción especial para clientes CONVEME','MONTO_FIJO',73.10,'2020-04-16 12:31:49','2020-04-25 12:31:49',TRUE);
INSERT IGNORE INTO `promociones` (`id_promocion`, `nombre`, `descripcion`, `tipo_promocion`, `valor_descuento`, `fecha_inicio`, `fecha_fin`, `activa`) VALUES
  (101,'Fidelidad CONVEME 101','Promoción especial para clientes CONVEME','MONTO_FIJO',74.41,'2022-03-20 05:06:34','2022-04-08 04:06:34',TRUE),
  (102,'Regreso a Clases 102','Promoción especial para clientes CONVEME','MONTO_FIJO',68.29,'2024-11-23 11:46:07','2024-12-14 11:46:07',TRUE),
  (103,'Regreso a Clases 103','Promoción especial para clientes CONVEME','MONTO_FIJO',43.10,'2021-08-21 20:43:00','2021-09-14 20:43:00',TRUE),
  (104,'Buen Fin 104','Promoción especial para clientes CONVEME','PORCENTAJE',5.00,'2022-07-19 23:49:50','2022-07-25 23:49:50',TRUE),
  (105,'Descuento Estudiantil 105','Promoción especial para clientes CONVEME','MONTO_FIJO',32.70,'2022-11-12 09:19:30','2022-11-24 09:19:30',TRUE),
  (106,'Bazar Universitario 106','Promoción especial para clientes CONVEME','MONTO_FIJO',72.66,'2021-05-24 08:06:36','2021-06-10 08:06:36',TRUE),
  (107,'2x1 Limitado 107','Promoción especial para clientes CONVEME','MONTO_FIJO',33.99,'2025-01-05 14:11:29','2025-02-01 14:11:29',TRUE),
  (108,'Bazar Universitario 108','Promoción especial para clientes CONVEME','PORCENTAJE',15.00,'2022-05-17 08:11:55','2022-06-04 08:11:55',TRUE),
  (109,'Liquidación Temporada 109','Promoción especial para clientes CONVEME','PORCENTAJE',6.00,'2021-11-22 03:31:47','2021-12-16 03:31:47',TRUE),
  (110,'Flash Sale 110','Promoción especial para clientes CONVEME','PORCENTAJE',49.00,'2024-05-18 13:12:50','2024-05-25 13:12:50',TRUE),
  (111,'Fidelidad CONVEME 111','Promoción especial para clientes CONVEME','PORCENTAJE',26.00,'2022-05-10 16:52:32','2022-05-20 16:52:32',TRUE),
  (112,'Liquidación Temporada 112','Promoción especial para clientes CONVEME','PORCENTAJE',8.00,'2024-11-10 05:39:52','2024-11-18 05:39:52',TRUE),
  (113,'Buen Fin 113','Promoción especial para clientes CONVEME','PORCENTAJE',14.00,'2025-08-14 09:10:28','2025-08-17 09:10:28',TRUE),
  (114,'Descuento Estudiantil 114','Promoción especial para clientes CONVEME','MONTO_FIJO',21.36,'2022-03-08 20:43:58','2022-03-28 20:43:58',TRUE),
  (115,'Bazar Universitario 115','Promoción especial para clientes CONVEME','PORCENTAJE',42.00,'2021-06-24 18:28:24','2021-07-13 18:28:24',TRUE),
  (116,'Pack Especial 116','Promoción especial para clientes CONVEME','PORCENTAJE',42.00,'2021-07-04 11:50:34','2021-07-29 11:50:34',FALSE),
  (117,'Fidelidad CONVEME 117','Promoción especial para clientes CONVEME','MONTO_FIJO',60.96,'2021-01-12 05:05:17','2021-01-17 05:05:17',FALSE),
  (118,'2x1 Limitado 118','Promoción especial para clientes CONVEME','MONTO_FIJO',96.26,'2023-06-15 07:23:44','2023-07-14 07:23:44',TRUE),
  (119,'Pack Especial 119','Promoción especial para clientes CONVEME','MONTO_FIJO',77.26,'2022-11-19 00:07:17','2022-12-19 00:07:17',TRUE),
  (120,'Buen Fin 120','Promoción especial para clientes CONVEME','PORCENTAJE',36.00,'2024-05-18 05:32:29','2024-05-29 05:32:29',TRUE),
  (121,'Descuento Estudiantil 121','Promoción especial para clientes CONVEME','MONTO_FIJO',14.58,'2025-05-27 19:12:37','2025-06-15 19:12:37',TRUE),
  (122,'Día del Amor 122','Promoción especial para clientes CONVEME','PORCENTAJE',45.00,'2022-06-30 07:52:03','2022-07-12 07:52:03',FALSE),
  (123,'Bazar Universitario 123','Promoción especial para clientes CONVEME','PORCENTAJE',34.00,'2023-01-21 07:22:19','2023-01-30 07:22:19',TRUE),
  (124,'Fidelidad CONVEME 124','Promoción especial para clientes CONVEME','PORCENTAJE',45.00,'2025-08-23 10:52:21','2025-08-30 10:52:21',FALSE),
  (125,'Martes de Oferta 125','Promoción especial para clientes CONVEME','PORCENTAJE',26.00,'2022-04-22 02:49:41','2022-05-17 02:49:41',FALSE),
  (126,'Descuento Estudiantil 126','Promoción especial para clientes CONVEME','MONTO_FIJO',23.98,'2022-01-01 08:06:31','2022-01-07 08:06:31',TRUE),
  (127,'Regreso a Clases 127','Promoción especial para clientes CONVEME','PORCENTAJE',28.00,'2024-03-06 05:40:46','2024-04-01 05:40:46',TRUE),
  (128,'Descuento Estudiantil 128','Promoción especial para clientes CONVEME','PORCENTAJE',30.00,'2020-06-26 01:51:35','2020-07-23 01:51:35',FALSE),
  (129,'Flash Sale 129','Promoción especial para clientes CONVEME','PORCENTAJE',31.00,'2023-12-23 15:18:30','2023-12-27 15:18:30',TRUE),
  (130,'Martes de Oferta 130','Promoción especial para clientes CONVEME','MONTO_FIJO',17.21,'2023-02-24 17:14:05','2023-03-15 17:14:05',TRUE),
  (131,'2x1 Limitado 131','Promoción especial para clientes CONVEME','PORCENTAJE',5.00,'2020-03-07 22:22:56','2020-03-29 22:22:56',TRUE),
  (132,'Descuento Estudiantil 132','Promoción especial para clientes CONVEME','PORCENTAJE',32.00,'2021-05-17 09:32:58','2021-05-23 09:32:58',FALSE),
  (133,'Bazar Universitario 133','Promoción especial para clientes CONVEME','PORCENTAJE',27.00,'2020-02-02 23:19:59','2020-02-22 23:19:59',FALSE),
  (134,'Pack Especial 134','Promoción especial para clientes CONVEME','PORCENTAJE',41.00,'2025-01-26 05:52:28','2025-02-12 05:52:28',TRUE),
  (135,'Pack Especial 135','Promoción especial para clientes CONVEME','PORCENTAJE',35.00,'2025-03-11 23:11:21','2025-04-06 23:11:21',FALSE),
  (136,'Martes de Oferta 136','Promoción especial para clientes CONVEME','PORCENTAJE',12.00,'2021-10-01 23:37:09','2021-10-25 23:37:09',TRUE),
  (137,'Bazar Universitario 137','Promoción especial para clientes CONVEME','MONTO_FIJO',43.44,'2022-11-13 10:38:00','2022-11-28 10:38:00',TRUE),
  (138,'Fidelidad CONVEME 138','Promoción especial para clientes CONVEME','PORCENTAJE',7.00,'2021-09-12 23:01:53','2021-10-03 23:01:53',TRUE),
  (139,'Flash Sale 139','Promoción especial para clientes CONVEME','MONTO_FIJO',60.89,'2024-05-08 03:09:46','2024-06-05 03:09:46',FALSE),
  (140,'2x1 Limitado 140','Promoción especial para clientes CONVEME','MONTO_FIJO',11.29,'2023-01-16 00:29:13','2023-02-08 00:29:13',TRUE),
  (141,'Buen Fin 141','Promoción especial para clientes CONVEME','MONTO_FIJO',49.79,'2022-08-06 14:13:28','2022-09-01 14:13:28',TRUE),
  (142,'Liquidación Temporada 142','Promoción especial para clientes CONVEME','PORCENTAJE',39.00,'2025-12-29 11:26:28','2026-01-02 11:26:28',TRUE),
  (143,'Bazar Universitario 143','Promoción especial para clientes CONVEME','MONTO_FIJO',26.59,'2020-12-29 04:12:15','2021-01-06 04:12:15',TRUE),
  (144,'Martes de Oferta 144','Promoción especial para clientes CONVEME','PORCENTAJE',39.00,'2023-01-28 01:55:16','2023-02-18 01:55:16',TRUE),
  (145,'2x1 Limitado 145','Promoción especial para clientes CONVEME','PORCENTAJE',19.00,'2021-07-02 15:08:22','2021-07-25 15:08:22',FALSE),
  (146,'Pack Especial 146','Promoción especial para clientes CONVEME','PORCENTAJE',15.00,'2025-07-16 17:25:54','2025-08-10 17:25:54',TRUE),
  (147,'Regreso a Clases 147','Promoción especial para clientes CONVEME','MONTO_FIJO',72.13,'2024-03-25 11:02:13','2024-04-22 11:02:13',TRUE),
  (148,'Día del Amor 148','Promoción especial para clientes CONVEME','PORCENTAJE',42.00,'2025-11-13 08:08:59','2025-11-21 08:08:59',TRUE),
  (149,'Liquidación Temporada 149','Promoción especial para clientes CONVEME','MONTO_FIJO',64.80,'2025-12-30 19:39:50','2026-01-03 19:39:50',TRUE),
  (150,'Descuento Estudiantil 150','Promoción especial para clientes CONVEME','MONTO_FIJO',51.12,'2025-07-08 03:16:59','2025-07-17 03:16:59',TRUE),
  (151,'Promo Fin de Semana 151','Promoción especial para clientes CONVEME','MONTO_FIJO',51.32,'2024-11-18 13:41:32','2024-12-18 13:41:32',TRUE),
  (152,'Día del Amor 152','Promoción especial para clientes CONVEME','PORCENTAJE',15.00,'2024-10-15 05:28:08','2024-11-01 05:28:08',TRUE),
  (153,'Descuento Estudiantil 153','Promoción especial para clientes CONVEME','PORCENTAJE',48.00,'2021-04-29 19:04:11','2021-05-21 19:04:11',TRUE),
  (154,'Liquidación Temporada 154','Promoción especial para clientes CONVEME','MONTO_FIJO',11.46,'2023-01-18 06:05:08','2023-01-31 06:05:08',FALSE),
  (155,'Fidelidad CONVEME 155','Promoción especial para clientes CONVEME','PORCENTAJE',48.00,'2025-10-17 20:29:32','2025-11-09 20:29:32',TRUE),
  (156,'2x1 Limitado 156','Promoción especial para clientes CONVEME','PORCENTAJE',20.00,'2025-01-31 12:21:14','2025-02-07 12:21:14',TRUE),
  (157,'Fidelidad CONVEME 157','Promoción especial para clientes CONVEME','PORCENTAJE',13.00,'2024-07-19 19:51:03','2024-07-30 19:51:03',TRUE),
  (158,'Liquidación Temporada 158','Promoción especial para clientes CONVEME','PORCENTAJE',43.00,'2020-12-02 19:06:04','2020-12-20 19:06:04',TRUE),
  (159,'Día del Amor 159','Promoción especial para clientes CONVEME','PORCENTAJE',42.00,'2024-07-13 21:32:06','2024-07-25 21:32:06',TRUE),
  (160,'Liquidación Temporada 160','Promoción especial para clientes CONVEME','PORCENTAJE',10.00,'2021-10-19 20:04:00','2021-10-24 20:04:00',TRUE),
  (161,'Regreso a Clases 161','Promoción especial para clientes CONVEME','MONTO_FIJO',10.11,'2023-12-09 00:27:23','2024-01-08 00:27:23',FALSE),
  (162,'Flash Sale 162','Promoción especial para clientes CONVEME','PORCENTAJE',44.00,'2020-09-10 03:37:12','2020-09-29 03:37:12',TRUE),
  (163,'Promo Fin de Semana 163','Promoción especial para clientes CONVEME','MONTO_FIJO',53.60,'2020-06-11 22:40:45','2020-06-21 22:40:45',TRUE),
  (164,'2x1 Limitado 164','Promoción especial para clientes CONVEME','PORCENTAJE',29.00,'2023-01-20 15:46:02','2023-01-30 15:46:02',TRUE),
  (165,'Buen Fin 165','Promoción especial para clientes CONVEME','MONTO_FIJO',77.85,'2020-09-18 10:31:30','2020-10-14 10:31:30',TRUE),
  (166,'Día del Amor 166','Promoción especial para clientes CONVEME','MONTO_FIJO',37.21,'2025-02-24 07:19:23','2025-03-25 07:19:23',FALSE),
  (167,'Flash Sale 167','Promoción especial para clientes CONVEME','MONTO_FIJO',90.00,'2022-02-08 06:01:42','2022-02-18 06:01:42',TRUE),
  (168,'Buen Fin 168','Promoción especial para clientes CONVEME','MONTO_FIJO',55.29,'2022-09-15 16:07:15','2022-09-25 16:07:15',FALSE),
  (169,'Pack Especial 169','Promoción especial para clientes CONVEME','MONTO_FIJO',76.08,'2023-03-14 04:37:13','2023-03-18 04:37:13',FALSE),
  (170,'Descuento Estudiantil 170','Promoción especial para clientes CONVEME','PORCENTAJE',7.00,'2020-03-04 05:08:18','2020-03-26 05:08:18',TRUE),
  (171,'Descuento Estudiantil 171','Promoción especial para clientes CONVEME','MONTO_FIJO',61.56,'2025-02-17 08:54:50','2025-03-01 08:54:50',TRUE),
  (172,'Día del Amor 172','Promoción especial para clientes CONVEME','PORCENTAJE',43.00,'2024-05-22 15:24:34','2024-06-08 15:24:34',TRUE),
  (173,'2x1 Limitado 173','Promoción especial para clientes CONVEME','PORCENTAJE',34.00,'2023-04-17 10:27:51','2023-04-25 10:27:51',TRUE),
  (174,'Promo Fin de Semana 174','Promoción especial para clientes CONVEME','PORCENTAJE',32.00,'2025-12-08 14:36:10','2025-12-17 14:36:10',TRUE),
  (175,'Flash Sale 175','Promoción especial para clientes CONVEME','MONTO_FIJO',21.89,'2020-05-17 09:22:54','2020-06-05 09:22:54',TRUE),
  (176,'Liquidación Temporada 176','Promoción especial para clientes CONVEME','PORCENTAJE',48.00,'2020-12-03 16:08:21','2020-12-20 16:08:21',TRUE),
  (177,'Fidelidad CONVEME 177','Promoción especial para clientes CONVEME','MONTO_FIJO',49.69,'2021-05-16 07:40:19','2021-06-14 07:40:19',TRUE),
  (178,'Regreso a Clases 178','Promoción especial para clientes CONVEME','PORCENTAJE',42.00,'2025-07-14 05:43:13','2025-08-04 05:43:13',TRUE),
  (179,'Descuento Estudiantil 179','Promoción especial para clientes CONVEME','MONTO_FIJO',94.50,'2020-06-27 02:10:31','2020-07-16 02:10:31',FALSE),
  (180,'Bazar Universitario 180','Promoción especial para clientes CONVEME','PORCENTAJE',13.00,'2025-02-02 22:09:04','2025-02-25 22:09:04',FALSE),
  (181,'Fidelidad CONVEME 181','Promoción especial para clientes CONVEME','MONTO_FIJO',50.97,'2021-07-15 20:59:09','2021-07-18 20:59:09',TRUE),
  (182,'Regreso a Clases 182','Promoción especial para clientes CONVEME','MONTO_FIJO',80.28,'2022-12-04 13:19:17','2022-12-20 13:19:17',TRUE),
  (183,'Pack Especial 183','Promoción especial para clientes CONVEME','MONTO_FIJO',26.91,'2020-11-10 01:13:10','2020-12-08 01:13:10',FALSE),
  (184,'Fidelidad CONVEME 184','Promoción especial para clientes CONVEME','MONTO_FIJO',47.33,'2025-10-23 18:13:50','2025-11-05 18:13:50',TRUE),
  (185,'Descuento Estudiantil 185','Promoción especial para clientes CONVEME','MONTO_FIJO',87.58,'2021-03-29 20:00:37','2021-04-13 19:00:37',TRUE),
  (186,'Promo Fin de Semana 186','Promoción especial para clientes CONVEME','PORCENTAJE',9.00,'2020-04-19 19:55:22','2020-05-02 19:55:22',TRUE),
  (187,'Fidelidad CONVEME 187','Promoción especial para clientes CONVEME','PORCENTAJE',16.00,'2020-12-10 16:36:24','2020-12-21 16:36:24',TRUE),
  (188,'Bazar Universitario 188','Promoción especial para clientes CONVEME','PORCENTAJE',45.00,'2025-08-30 08:12:55','2025-09-02 08:12:55',TRUE),
  (189,'Bazar Universitario 189','Promoción especial para clientes CONVEME','MONTO_FIJO',49.16,'2025-04-17 09:26:46','2025-04-22 09:26:46',TRUE),
  (190,'Pack Especial 190','Promoción especial para clientes CONVEME','MONTO_FIJO',29.37,'2022-10-17 17:05:10','2022-11-04 18:05:10',TRUE),
  (191,'Día del Amor 191','Promoción especial para clientes CONVEME','MONTO_FIJO',42.28,'2021-12-09 06:04:46','2021-12-27 06:04:46',TRUE),
  (192,'Pack Especial 192','Promoción especial para clientes CONVEME','PORCENTAJE',18.00,'2021-10-19 15:36:21','2021-11-16 16:36:21',FALSE),
  (193,'Flash Sale 193','Promoción especial para clientes CONVEME','MONTO_FIJO',66.25,'2024-03-27 21:49:27','2024-04-21 21:49:27',TRUE),
  (194,'Descuento Estudiantil 194','Promoción especial para clientes CONVEME','PORCENTAJE',31.00,'2022-08-04 05:16:43','2022-08-13 05:16:43',TRUE),
  (195,'2x1 Limitado 195','Promoción especial para clientes CONVEME','PORCENTAJE',30.00,'2024-11-10 17:00:57','2024-11-27 17:00:57',TRUE),
  (196,'Día del Amor 196','Promoción especial para clientes CONVEME','MONTO_FIJO',58.89,'2020-03-27 22:40:32','2020-04-03 22:40:32',FALSE),
  (197,'Bazar Universitario 197','Promoción especial para clientes CONVEME','MONTO_FIJO',95.23,'2021-02-09 12:44:25','2021-02-18 12:44:25',TRUE),
  (198,'Promo Fin de Semana 198','Promoción especial para clientes CONVEME','MONTO_FIJO',47.51,'2022-05-22 04:13:51','2022-06-08 04:13:51',TRUE),
  (199,'Pack Especial 199','Promoción especial para clientes CONVEME','MONTO_FIJO',13.40,'2022-12-26 14:54:49','2023-01-11 14:54:49',FALSE),
  (200,'Flash Sale 200','Promoción especial para clientes CONVEME','PORCENTAJE',15.00,'2023-07-05 16:04:40','2023-08-04 16:04:40',TRUE);
INSERT IGNORE INTO `promociones` (`id_promocion`, `nombre`, `descripcion`, `tipo_promocion`, `valor_descuento`, `fecha_inicio`, `fecha_fin`, `activa`) VALUES
  (201,'Martes de Oferta 201','Promoción especial para clientes CONVEME','PORCENTAJE',36.00,'2022-07-24 18:35:26','2022-08-18 18:35:26',FALSE),
  (202,'Buen Fin 202','Promoción especial para clientes CONVEME','MONTO_FIJO',63.70,'2020-04-02 01:47:51','2020-04-20 00:47:51',TRUE),
  (203,'Día del Amor 203','Promoción especial para clientes CONVEME','PORCENTAJE',37.00,'2024-08-27 22:22:28','2024-09-23 22:22:28',TRUE),
  (204,'Flash Sale 204','Promoción especial para clientes CONVEME','PORCENTAJE',9.00,'2021-09-14 18:57:28','2021-09-21 18:57:28',TRUE),
  (205,'Fidelidad CONVEME 205','Promoción especial para clientes CONVEME','MONTO_FIJO',90.58,'2024-05-15 00:48:12','2024-05-23 00:48:12',FALSE),
  (206,'Promo Fin de Semana 206','Promoción especial para clientes CONVEME','MONTO_FIJO',13.73,'2021-11-01 09:18:57','2021-11-04 09:18:57',TRUE),
  (207,'Fidelidad CONVEME 207','Promoción especial para clientes CONVEME','PORCENTAJE',11.00,'2022-06-27 16:35:17','2022-07-06 16:35:17',TRUE),
  (208,'Buen Fin 208','Promoción especial para clientes CONVEME','PORCENTAJE',11.00,'2022-11-17 13:33:36','2022-12-16 13:33:36',TRUE),
  (209,'Bazar Universitario 209','Promoción especial para clientes CONVEME','MONTO_FIJO',77.69,'2021-04-24 00:34:34','2021-05-17 00:34:34',TRUE),
  (210,'Fidelidad CONVEME 210','Promoción especial para clientes CONVEME','MONTO_FIJO',21.18,'2025-12-23 07:27:56','2026-01-21 07:27:56',TRUE),
  (211,'Flash Sale 211','Promoción especial para clientes CONVEME','MONTO_FIJO',82.45,'2022-12-02 17:19:04','2022-12-20 17:19:04',TRUE),
  (212,'Bazar Universitario 212','Promoción especial para clientes CONVEME','MONTO_FIJO',69.06,'2020-11-01 18:20:21','2020-11-16 18:20:21',TRUE),
  (213,'Fidelidad CONVEME 213','Promoción especial para clientes CONVEME','MONTO_FIJO',25.00,'2023-06-02 04:06:30','2023-06-23 04:06:30',TRUE),
  (214,'Pack Especial 214','Promoción especial para clientes CONVEME','PORCENTAJE',42.00,'2025-09-04 22:37:42','2025-09-29 22:37:42',TRUE),
  (215,'Descuento Estudiantil 215','Promoción especial para clientes CONVEME','PORCENTAJE',31.00,'2022-03-04 05:22:59','2022-03-31 05:22:59',FALSE),
  (216,'Bazar Universitario 216','Promoción especial para clientes CONVEME','MONTO_FIJO',15.82,'2020-04-17 07:34:06','2020-05-14 07:34:06',TRUE),
  (217,'Buen Fin 217','Promoción especial para clientes CONVEME','PORCENTAJE',39.00,'2024-08-08 22:20:11','2024-08-15 22:20:11',TRUE),
  (218,'Promo Fin de Semana 218','Promoción especial para clientes CONVEME','PORCENTAJE',34.00,'2024-06-09 21:44:45','2024-07-06 21:44:45',TRUE),
  (219,'Buen Fin 219','Promoción especial para clientes CONVEME','MONTO_FIJO',66.58,'2024-07-18 07:38:44','2024-07-27 07:38:44',FALSE),
  (220,'Martes de Oferta 220','Promoción especial para clientes CONVEME','MONTO_FIJO',53.93,'2023-05-30 09:26:55','2023-06-18 09:26:55',TRUE),
  (221,'Regreso a Clases 221','Promoción especial para clientes CONVEME','PORCENTAJE',8.00,'2025-09-05 01:10:05','2025-09-13 01:10:05',TRUE),
  (222,'Regreso a Clases 222','Promoción especial para clientes CONVEME','MONTO_FIJO',51.21,'2025-12-30 09:40:53','2026-01-03 09:40:53',TRUE),
  (223,'2x1 Limitado 223','Promoción especial para clientes CONVEME','MONTO_FIJO',64.69,'2025-02-16 12:29:33','2025-03-16 12:29:33',TRUE),
  (224,'Liquidación Temporada 224','Promoción especial para clientes CONVEME','PORCENTAJE',14.00,'2025-09-13 22:43:10','2025-09-18 22:43:10',FALSE),
  (225,'Martes de Oferta 225','Promoción especial para clientes CONVEME','PORCENTAJE',15.00,'2021-09-16 18:12:58','2021-09-21 18:12:58',TRUE),
  (226,'Promo Fin de Semana 226','Promoción especial para clientes CONVEME','MONTO_FIJO',17.54,'2021-05-29 17:04:39','2021-06-26 17:04:39',FALSE),
  (227,'Bazar Universitario 227','Promoción especial para clientes CONVEME','PORCENTAJE',9.00,'2022-11-09 03:49:18','2022-11-12 03:49:18',TRUE),
  (228,'Promo Fin de Semana 228','Promoción especial para clientes CONVEME','MONTO_FIJO',94.47,'2021-05-01 15:45:59','2021-05-19 15:45:59',TRUE),
  (229,'Promo Fin de Semana 229','Promoción especial para clientes CONVEME','PORCENTAJE',39.00,'2025-10-15 22:02:02','2025-10-20 22:02:02',FALSE),
  (230,'Martes de Oferta 230','Promoción especial para clientes CONVEME','MONTO_FIJO',68.35,'2021-07-14 02:42:56','2021-08-13 02:42:56',TRUE),
  (231,'Flash Sale 231','Promoción especial para clientes CONVEME','MONTO_FIJO',44.37,'2021-12-11 17:31:30','2021-12-22 17:31:30',TRUE),
  (232,'Promo Fin de Semana 232','Promoción especial para clientes CONVEME','MONTO_FIJO',84.17,'2023-10-03 08:13:56','2023-10-21 08:13:56',FALSE),
  (233,'Regreso a Clases 233','Promoción especial para clientes CONVEME','MONTO_FIJO',82.98,'2021-03-01 01:50:55','2021-03-22 01:50:55',TRUE),
  (234,'Fidelidad CONVEME 234','Promoción especial para clientes CONVEME','MONTO_FIJO',85.71,'2020-11-16 06:22:35','2020-11-30 06:22:35',TRUE),
  (235,'Pack Especial 235','Promoción especial para clientes CONVEME','PORCENTAJE',34.00,'2021-09-22 04:28:26','2021-10-04 04:28:26',TRUE),
  (236,'Martes de Oferta 236','Promoción especial para clientes CONVEME','MONTO_FIJO',43.77,'2023-10-07 19:07:28','2023-10-15 19:07:28',TRUE),
  (237,'Día del Amor 237','Promoción especial para clientes CONVEME','MONTO_FIJO',71.97,'2021-09-21 11:47:48','2021-10-06 11:47:48',TRUE),
  (238,'Fidelidad CONVEME 238','Promoción especial para clientes CONVEME','PORCENTAJE',47.00,'2024-10-24 00:11:51','2024-10-28 00:11:51',FALSE),
  (239,'Descuento Estudiantil 239','Promoción especial para clientes CONVEME','PORCENTAJE',19.00,'2024-10-25 04:00:10','2024-11-03 04:00:10',TRUE),
  (240,'Pack Especial 240','Promoción especial para clientes CONVEME','PORCENTAJE',10.00,'2022-11-29 01:25:36','2022-12-13 01:25:36',TRUE),
  (241,'Bazar Universitario 241','Promoción especial para clientes CONVEME','PORCENTAJE',34.00,'2024-11-24 01:39:25','2024-12-04 01:39:25',TRUE),
  (242,'Pack Especial 242','Promoción especial para clientes CONVEME','PORCENTAJE',33.00,'2020-03-09 14:32:05','2020-03-31 14:32:05',TRUE),
  (243,'Regreso a Clases 243','Promoción especial para clientes CONVEME','PORCENTAJE',40.00,'2021-09-15 03:53:39','2021-09-18 03:53:39',TRUE),
  (244,'Fidelidad CONVEME 244','Promoción especial para clientes CONVEME','PORCENTAJE',10.00,'2022-04-05 03:12:23','2022-04-27 03:12:23',FALSE),
  (245,'Buen Fin 245','Promoción especial para clientes CONVEME','PORCENTAJE',7.00,'2024-11-26 06:05:11','2024-12-24 06:05:11',TRUE),
  (246,'Bazar Universitario 246','Promoción especial para clientes CONVEME','MONTO_FIJO',71.50,'2021-04-12 10:19:13','2021-05-03 10:19:13',TRUE),
  (247,'Bazar Universitario 247','Promoción especial para clientes CONVEME','MONTO_FIJO',55.42,'2023-09-06 14:51:44','2023-09-16 14:51:44',FALSE),
  (248,'Promo Fin de Semana 248','Promoción especial para clientes CONVEME','PORCENTAJE',17.00,'2020-07-30 03:13:29','2020-08-08 03:13:29',TRUE),
  (249,'2x1 Limitado 249','Promoción especial para clientes CONVEME','PORCENTAJE',43.00,'2020-05-15 20:21:10','2020-05-30 20:21:10',FALSE),
  (250,'Día del Amor 250','Promoción especial para clientes CONVEME','PORCENTAJE',24.00,'2023-02-28 01:55:20','2023-03-22 01:55:20',TRUE),
  (251,'Buen Fin 251','Promoción especial para clientes CONVEME','PORCENTAJE',21.00,'2024-02-25 23:32:18','2024-02-29 23:32:18',TRUE),
  (252,'Liquidación Temporada 252','Promoción especial para clientes CONVEME','PORCENTAJE',23.00,'2021-11-09 21:02:48','2021-11-13 21:02:48',FALSE),
  (253,'Descuento Estudiantil 253','Promoción especial para clientes CONVEME','PORCENTAJE',14.00,'2022-05-07 18:34:17','2022-06-01 18:34:17',TRUE),
  (254,'Descuento Estudiantil 254','Promoción especial para clientes CONVEME','PORCENTAJE',5.00,'2024-05-28 22:30:14','2024-06-09 22:30:14',TRUE),
  (255,'Buen Fin 255','Promoción especial para clientes CONVEME','MONTO_FIJO',33.23,'2020-05-05 15:57:14','2020-05-10 15:57:14',TRUE),
  (256,'Descuento Estudiantil 256','Promoción especial para clientes CONVEME','PORCENTAJE',17.00,'2022-03-25 21:38:58','2022-04-16 20:38:58',TRUE),
  (257,'Flash Sale 257','Promoción especial para clientes CONVEME','MONTO_FIJO',84.78,'2020-09-06 18:26:14','2020-09-30 18:26:14',TRUE),
  (258,'Liquidación Temporada 258','Promoción especial para clientes CONVEME','PORCENTAJE',27.00,'2023-03-19 03:53:02','2023-03-30 03:53:02',FALSE),
  (259,'Descuento Estudiantil 259','Promoción especial para clientes CONVEME','MONTO_FIJO',25.94,'2023-05-08 23:31:35','2023-05-27 23:31:35',TRUE),
  (260,'Flash Sale 260','Promoción especial para clientes CONVEME','PORCENTAJE',17.00,'2024-03-30 22:31:57','2024-04-11 22:31:57',FALSE),
  (261,'Regreso a Clases 261','Promoción especial para clientes CONVEME','PORCENTAJE',10.00,'2022-10-11 00:27:36','2022-11-10 01:27:36',TRUE),
  (262,'Promo Fin de Semana 262','Promoción especial para clientes CONVEME','MONTO_FIJO',77.86,'2022-11-03 02:53:40','2022-11-16 02:53:40',TRUE),
  (263,'Fidelidad CONVEME 263','Promoción especial para clientes CONVEME','MONTO_FIJO',49.22,'2020-08-05 23:32:32','2020-08-25 23:32:32',TRUE),
  (264,'Fidelidad CONVEME 264','Promoción especial para clientes CONVEME','PORCENTAJE',49.00,'2024-07-15 19:19:34','2024-08-10 19:19:34',TRUE),
  (265,'Descuento Estudiantil 265','Promoción especial para clientes CONVEME','PORCENTAJE',49.00,'2020-09-15 17:41:59','2020-10-10 17:41:59',TRUE),
  (266,'2x1 Limitado 266','Promoción especial para clientes CONVEME','MONTO_FIJO',28.43,'2022-06-27 06:14:31','2022-07-20 06:14:31',TRUE),
  (267,'Pack Especial 267','Promoción especial para clientes CONVEME','MONTO_FIJO',37.60,'2022-08-20 06:08:32','2022-09-18 06:08:32',TRUE),
  (268,'Pack Especial 268','Promoción especial para clientes CONVEME','MONTO_FIJO',59.66,'2022-11-10 17:54:07','2022-11-24 17:54:07',TRUE),
  (269,'Liquidación Temporada 269','Promoción especial para clientes CONVEME','MONTO_FIJO',79.74,'2024-09-28 15:59:56','2024-10-22 15:59:56',TRUE),
  (270,'Fidelidad CONVEME 270','Promoción especial para clientes CONVEME','MONTO_FIJO',40.20,'2023-07-02 09:51:54','2023-07-10 09:51:54',TRUE),
  (271,'2x1 Limitado 271','Promoción especial para clientes CONVEME','MONTO_FIJO',94.22,'2020-05-07 15:48:20','2020-06-02 15:48:20',TRUE),
  (272,'Liquidación Temporada 272','Promoción especial para clientes CONVEME','MONTO_FIJO',93.13,'2022-06-28 04:58:51','2022-07-15 04:58:51',TRUE),
  (273,'Fidelidad CONVEME 273','Promoción especial para clientes CONVEME','PORCENTAJE',41.00,'2025-03-19 12:43:10','2025-03-25 12:43:10',TRUE),
  (274,'Fidelidad CONVEME 274','Promoción especial para clientes CONVEME','PORCENTAJE',6.00,'2020-12-22 12:47:42','2020-12-29 12:47:42',TRUE),
  (275,'Liquidación Temporada 275','Promoción especial para clientes CONVEME','MONTO_FIJO',61.64,'2020-07-07 23:20:03','2020-07-22 23:20:03',FALSE),
  (276,'Día del Amor 276','Promoción especial para clientes CONVEME','PORCENTAJE',40.00,'2022-01-07 01:14:40','2022-01-12 01:14:40',TRUE),
  (277,'2x1 Limitado 277','Promoción especial para clientes CONVEME','PORCENTAJE',36.00,'2020-10-07 09:58:28','2020-11-04 10:58:28',FALSE),
  (278,'Flash Sale 278','Promoción especial para clientes CONVEME','MONTO_FIJO',79.78,'2022-09-23 21:30:54','2022-10-15 21:30:54',TRUE),
  (279,'Regreso a Clases 279','Promoción especial para clientes CONVEME','PORCENTAJE',10.00,'2021-10-01 12:20:13','2021-10-21 12:20:13',TRUE),
  (280,'Martes de Oferta 280','Promoción especial para clientes CONVEME','PORCENTAJE',21.00,'2022-07-06 04:56:30','2022-08-05 04:56:30',FALSE),
  (281,'Descuento Estudiantil 281','Promoción especial para clientes CONVEME','PORCENTAJE',31.00,'2022-12-30 02:21:52','2023-01-04 02:21:52',FALSE),
  (282,'Bazar Universitario 282','Promoción especial para clientes CONVEME','MONTO_FIJO',57.43,'2023-08-24 16:49:08','2023-09-22 16:49:08',TRUE),
  (283,'Regreso a Clases 283','Promoción especial para clientes CONVEME','MONTO_FIJO',99.05,'2020-10-24 16:12:52','2020-11-10 17:12:52',TRUE),
  (284,'Regreso a Clases 284','Promoción especial para clientes CONVEME','PORCENTAJE',10.00,'2020-01-16 18:00:05','2020-02-10 18:00:05',TRUE),
  (285,'Liquidación Temporada 285','Promoción especial para clientes CONVEME','PORCENTAJE',15.00,'2025-06-11 07:12:40','2025-06-25 07:12:40',FALSE),
  (286,'Día del Amor 286','Promoción especial para clientes CONVEME','MONTO_FIJO',63.14,'2025-05-27 03:10:14','2025-06-23 03:10:14',TRUE),
  (287,'Pack Especial 287','Promoción especial para clientes CONVEME','PORCENTAJE',17.00,'2025-04-25 09:38:35','2025-04-28 09:38:35',TRUE),
  (288,'Buen Fin 288','Promoción especial para clientes CONVEME','MONTO_FIJO',22.02,'2025-08-08 10:38:18','2025-08-13 10:38:18',FALSE),
  (289,'Regreso a Clases 289','Promoción especial para clientes CONVEME','MONTO_FIJO',75.14,'2020-12-26 21:17:31','2021-01-24 21:17:31',TRUE),
  (290,'Liquidación Temporada 290','Promoción especial para clientes CONVEME','PORCENTAJE',12.00,'2023-07-25 20:33:53','2023-08-03 20:33:53',TRUE),
  (291,'Regreso a Clases 291','Promoción especial para clientes CONVEME','MONTO_FIJO',26.80,'2024-10-08 14:33:34','2024-10-19 14:33:34',FALSE),
  (292,'Promo Fin de Semana 292','Promoción especial para clientes CONVEME','MONTO_FIJO',41.38,'2022-05-22 16:27:56','2022-06-16 16:27:56',FALSE),
  (293,'Fidelidad CONVEME 293','Promoción especial para clientes CONVEME','PORCENTAJE',14.00,'2025-08-01 00:04:25','2025-08-23 00:04:25',TRUE),
  (294,'Día del Amor 294','Promoción especial para clientes CONVEME','MONTO_FIJO',76.64,'2022-01-21 22:53:04','2022-01-25 22:53:04',TRUE),
  (295,'Flash Sale 295','Promoción especial para clientes CONVEME','PORCENTAJE',49.00,'2022-01-18 12:38:40','2022-02-11 12:38:40',TRUE),
  (296,'2x1 Limitado 296','Promoción especial para clientes CONVEME','MONTO_FIJO',68.72,'2022-06-16 22:06:07','2022-07-16 22:06:07',TRUE),
  (297,'Bazar Universitario 297','Promoción especial para clientes CONVEME','MONTO_FIJO',30.22,'2024-05-26 03:26:52','2024-06-17 03:26:52',TRUE),
  (298,'Bazar Universitario 298','Promoción especial para clientes CONVEME','PORCENTAJE',21.00,'2021-01-08 06:45:41','2021-01-17 06:45:41',TRUE),
  (299,'Martes de Oferta 299','Promoción especial para clientes CONVEME','MONTO_FIJO',87.22,'2023-03-09 00:18:32','2023-03-12 00:18:32',TRUE),
  (300,'Promo Fin de Semana 300','Promoción especial para clientes CONVEME','PORCENTAJE',39.00,'2024-10-07 11:16:54','2024-11-02 11:16:54',TRUE);
INSERT IGNORE INTO `promociones` (`id_promocion`, `nombre`, `descripcion`, `tipo_promocion`, `valor_descuento`, `fecha_inicio`, `fecha_fin`, `activa`) VALUES
  (301,'Martes de Oferta 301','Promoción especial para clientes CONVEME','MONTO_FIJO',23.81,'2020-04-29 03:57:53','2020-05-11 03:57:53',TRUE),
  (302,'Descuento Estudiantil 302','Promoción especial para clientes CONVEME','MONTO_FIJO',60.83,'2020-01-09 06:56:08','2020-01-26 06:56:08',TRUE),
  (303,'Liquidación Temporada 303','Promoción especial para clientes CONVEME','MONTO_FIJO',65.28,'2021-07-27 18:10:35','2021-08-15 18:10:35',TRUE),
  (304,'Descuento Estudiantil 304','Promoción especial para clientes CONVEME','PORCENTAJE',42.00,'2024-08-01 19:27:54','2024-08-12 19:27:54',FALSE),
  (305,'Flash Sale 305','Promoción especial para clientes CONVEME','PORCENTAJE',8.00,'2022-11-03 05:34:04','2022-11-06 05:34:04',TRUE),
  (306,'Promo Fin de Semana 306','Promoción especial para clientes CONVEME','MONTO_FIJO',41.52,'2024-08-28 06:06:49','2024-09-23 06:06:49',TRUE),
  (307,'Fidelidad CONVEME 307','Promoción especial para clientes CONVEME','MONTO_FIJO',27.39,'2024-07-11 11:04:04','2024-07-30 11:04:04',TRUE),
  (308,'Liquidación Temporada 308','Promoción especial para clientes CONVEME','PORCENTAJE',6.00,'2020-04-09 06:56:44','2020-04-25 06:56:44',TRUE),
  (309,'Promo Fin de Semana 309','Promoción especial para clientes CONVEME','MONTO_FIJO',87.12,'2025-04-09 16:49:38','2025-04-13 16:49:38',TRUE),
  (310,'Martes de Oferta 310','Promoción especial para clientes CONVEME','PORCENTAJE',38.00,'2020-07-12 23:19:46','2020-08-08 23:19:46',TRUE),
  (311,'Martes de Oferta 311','Promoción especial para clientes CONVEME','PORCENTAJE',42.00,'2020-03-28 22:29:13','2020-04-25 21:29:13',TRUE),
  (312,'Bazar Universitario 312','Promoción especial para clientes CONVEME','PORCENTAJE',47.00,'2023-06-10 06:27:42','2023-07-06 06:27:42',TRUE),
  (313,'Regreso a Clases 313','Promoción especial para clientes CONVEME','PORCENTAJE',36.00,'2024-06-06 22:40:32','2024-06-13 22:40:32',TRUE),
  (314,'Fidelidad CONVEME 314','Promoción especial para clientes CONVEME','MONTO_FIJO',28.27,'2022-08-03 20:48:11','2022-09-01 20:48:11',TRUE),
  (315,'2x1 Limitado 315','Promoción especial para clientes CONVEME','PORCENTAJE',19.00,'2023-01-29 03:36:15','2023-02-18 03:36:15',TRUE),
  (316,'Pack Especial 316','Promoción especial para clientes CONVEME','MONTO_FIJO',43.86,'2024-06-29 17:18:17','2024-07-15 17:18:17',TRUE),
  (317,'Día del Amor 317','Promoción especial para clientes CONVEME','PORCENTAJE',40.00,'2022-08-11 02:38:30','2022-09-03 02:38:30',TRUE),
  (318,'Fidelidad CONVEME 318','Promoción especial para clientes CONVEME','PORCENTAJE',10.00,'2025-11-09 13:17:57','2025-11-22 13:17:57',FALSE),
  (319,'Martes de Oferta 319','Promoción especial para clientes CONVEME','MONTO_FIJO',83.98,'2023-04-14 04:44:24','2023-05-11 04:44:24',FALSE),
  (320,'Martes de Oferta 320','Promoción especial para clientes CONVEME','MONTO_FIJO',71.09,'2021-07-17 05:55:42','2021-08-11 05:55:42',FALSE),
  (321,'Martes de Oferta 321','Promoción especial para clientes CONVEME','PORCENTAJE',24.00,'2023-12-14 19:35:06','2023-12-18 19:35:06',TRUE),
  (322,'2x1 Limitado 322','Promoción especial para clientes CONVEME','PORCENTAJE',36.00,'2025-07-12 19:59:15','2025-08-08 19:59:15',TRUE),
  (323,'Buen Fin 323','Promoción especial para clientes CONVEME','MONTO_FIJO',75.19,'2021-01-15 05:21:03','2021-02-02 05:21:03',TRUE),
  (324,'Liquidación Temporada 324','Promoción especial para clientes CONVEME','MONTO_FIJO',29.86,'2022-09-01 13:03:29','2022-09-14 13:03:29',TRUE),
  (325,'2x1 Limitado 325','Promoción especial para clientes CONVEME','PORCENTAJE',27.00,'2025-03-24 18:55:45','2025-04-02 18:55:45',TRUE),
  (326,'Día del Amor 326','Promoción especial para clientes CONVEME','MONTO_FIJO',87.81,'2022-06-11 02:48:10','2022-06-28 02:48:10',TRUE),
  (327,'Fidelidad CONVEME 327','Promoción especial para clientes CONVEME','MONTO_FIJO',98.33,'2024-11-30 06:30:43','2024-12-09 06:30:43',TRUE),
  (328,'Pack Especial 328','Promoción especial para clientes CONVEME','PORCENTAJE',7.00,'2021-08-10 07:18:06','2021-08-21 07:18:06',TRUE),
  (329,'Flash Sale 329','Promoción especial para clientes CONVEME','MONTO_FIJO',95.15,'2024-12-11 10:23:53','2024-12-15 10:23:53',TRUE),
  (330,'Martes de Oferta 330','Promoción especial para clientes CONVEME','MONTO_FIJO',27.21,'2025-12-02 07:18:07','2025-12-29 07:18:07',TRUE),
  (331,'Fidelidad CONVEME 331','Promoción especial para clientes CONVEME','PORCENTAJE',38.00,'2020-09-03 01:54:14','2020-09-13 01:54:14',TRUE),
  (332,'Bazar Universitario 332','Promoción especial para clientes CONVEME','MONTO_FIJO',38.03,'2024-10-09 13:15:24','2024-11-03 13:15:24',TRUE),
  (333,'Liquidación Temporada 333','Promoción especial para clientes CONVEME','PORCENTAJE',8.00,'2020-11-10 08:14:56','2020-11-24 08:14:56',TRUE),
  (334,'2x1 Limitado 334','Promoción especial para clientes CONVEME','PORCENTAJE',13.00,'2024-01-03 02:01:34','2024-01-18 02:01:34',TRUE),
  (335,'Fidelidad CONVEME 335','Promoción especial para clientes CONVEME','PORCENTAJE',12.00,'2024-06-19 19:17:40','2024-07-02 19:17:40',FALSE),
  (336,'Liquidación Temporada 336','Promoción especial para clientes CONVEME','MONTO_FIJO',37.10,'2021-09-02 10:07:16','2021-09-30 10:07:16',TRUE),
  (337,'Liquidación Temporada 337','Promoción especial para clientes CONVEME','PORCENTAJE',34.00,'2025-11-07 18:00:24','2025-12-06 18:00:24',FALSE),
  (338,'Martes de Oferta 338','Promoción especial para clientes CONVEME','PORCENTAJE',40.00,'2023-01-18 16:21:27','2023-02-04 16:21:27',FALSE),
  (339,'Pack Especial 339','Promoción especial para clientes CONVEME','PORCENTAJE',44.00,'2022-05-30 16:31:28','2022-06-11 16:31:28',TRUE),
  (340,'Flash Sale 340','Promoción especial para clientes CONVEME','MONTO_FIJO',63.56,'2024-09-04 08:48:08','2024-10-03 08:48:08',FALSE),
  (341,'2x1 Limitado 341','Promoción especial para clientes CONVEME','PORCENTAJE',34.00,'2024-03-09 21:41:58','2024-03-13 21:41:58',TRUE),
  (342,'Promo Fin de Semana 342','Promoción especial para clientes CONVEME','PORCENTAJE',23.00,'2024-09-07 00:52:52','2024-09-18 00:52:52',FALSE),
  (343,'2x1 Limitado 343','Promoción especial para clientes CONVEME','MONTO_FIJO',30.08,'2024-07-05 15:59:31','2024-07-13 15:59:31',FALSE),
  (344,'Promo Fin de Semana 344','Promoción especial para clientes CONVEME','MONTO_FIJO',81.55,'2022-03-17 19:31:37','2022-04-12 18:31:37',FALSE),
  (345,'Liquidación Temporada 345','Promoción especial para clientes CONVEME','MONTO_FIJO',24.54,'2024-02-20 09:35:28','2024-03-21 09:35:28',FALSE),
  (346,'Descuento Estudiantil 346','Promoción especial para clientes CONVEME','MONTO_FIJO',99.95,'2024-03-06 10:14:31','2024-03-15 10:14:31',FALSE),
  (347,'Buen Fin 347','Promoción especial para clientes CONVEME','PORCENTAJE',22.00,'2022-12-28 21:38:12','2023-01-20 21:38:12',TRUE),
  (348,'2x1 Limitado 348','Promoción especial para clientes CONVEME','PORCENTAJE',12.00,'2025-04-01 05:56:57','2025-04-05 05:56:57',TRUE),
  (349,'Buen Fin 349','Promoción especial para clientes CONVEME','MONTO_FIJO',73.20,'2020-12-26 10:25:05','2021-01-19 10:25:05',TRUE),
  (350,'Liquidación Temporada 350','Promoción especial para clientes CONVEME','PORCENTAJE',41.00,'2024-02-25 12:30:22','2024-03-21 12:30:22',TRUE),
  (351,'Bazar Universitario 351','Promoción especial para clientes CONVEME','PORCENTAJE',22.00,'2022-12-25 06:25:27','2022-12-29 06:25:27',TRUE),
  (352,'Bazar Universitario 352','Promoción especial para clientes CONVEME','PORCENTAJE',7.00,'2021-04-07 17:45:40','2021-04-27 17:45:40',TRUE),
  (353,'Promo Fin de Semana 353','Promoción especial para clientes CONVEME','MONTO_FIJO',76.63,'2020-05-30 00:07:16','2020-06-20 00:07:16',TRUE),
  (354,'Pack Especial 354','Promoción especial para clientes CONVEME','MONTO_FIJO',89.90,'2021-09-03 21:01:10','2021-09-22 21:01:10',FALSE),
  (355,'Buen Fin 355','Promoción especial para clientes CONVEME','PORCENTAJE',34.00,'2025-07-31 18:19:48','2025-08-27 18:19:48',TRUE),
  (356,'Regreso a Clases 356','Promoción especial para clientes CONVEME','PORCENTAJE',13.00,'2021-06-28 21:48:08','2021-07-23 21:48:08',TRUE),
  (357,'2x1 Limitado 357','Promoción especial para clientes CONVEME','PORCENTAJE',33.00,'2020-03-26 01:04:54','2020-04-23 00:04:54',TRUE),
  (358,'2x1 Limitado 358','Promoción especial para clientes CONVEME','MONTO_FIJO',66.99,'2022-09-28 20:46:00','2022-10-16 20:46:00',TRUE),
  (359,'Promo Fin de Semana 359','Promoción especial para clientes CONVEME','MONTO_FIJO',77.74,'2023-04-22 20:49:27','2023-05-14 20:49:27',TRUE),
  (360,'Flash Sale 360','Promoción especial para clientes CONVEME','PORCENTAJE',35.00,'2021-08-01 07:40:03','2021-08-18 07:40:03',TRUE),
  (361,'Descuento Estudiantil 361','Promoción especial para clientes CONVEME','MONTO_FIJO',74.58,'2022-07-20 11:51:19','2022-08-13 11:51:19',FALSE),
  (362,'Pack Especial 362','Promoción especial para clientes CONVEME','MONTO_FIJO',90.13,'2024-02-15 01:13:52','2024-03-11 01:13:52',FALSE),
  (363,'Descuento Estudiantil 363','Promoción especial para clientes CONVEME','MONTO_FIJO',61.40,'2025-11-24 19:51:24','2025-12-13 19:51:24',TRUE),
  (364,'Liquidación Temporada 364','Promoción especial para clientes CONVEME','PORCENTAJE',45.00,'2025-08-29 07:49:07','2025-09-21 07:49:07',TRUE),
  (365,'Bazar Universitario 365','Promoción especial para clientes CONVEME','MONTO_FIJO',12.95,'2022-03-29 07:24:22','2022-04-19 06:24:22',TRUE),
  (366,'2x1 Limitado 366','Promoción especial para clientes CONVEME','MONTO_FIJO',13.08,'2022-07-30 23:45:15','2022-08-16 23:45:15',TRUE),
  (367,'Martes de Oferta 367','Promoción especial para clientes CONVEME','MONTO_FIJO',70.76,'2020-07-11 21:20:22','2020-07-18 21:20:22',TRUE),
  (368,'Regreso a Clases 368','Promoción especial para clientes CONVEME','MONTO_FIJO',25.56,'2025-09-18 08:11:29','2025-10-11 08:11:29',TRUE),
  (369,'Pack Especial 369','Promoción especial para clientes CONVEME','MONTO_FIJO',94.40,'2025-11-01 09:50:28','2025-11-10 09:50:28',TRUE),
  (370,'Buen Fin 370','Promoción especial para clientes CONVEME','PORCENTAJE',41.00,'2021-06-18 11:23:39','2021-06-27 11:23:39',TRUE),
  (371,'Fidelidad CONVEME 371','Promoción especial para clientes CONVEME','PORCENTAJE',8.00,'2022-05-05 11:08:01','2022-06-03 11:08:01',TRUE),
  (372,'Flash Sale 372','Promoción especial para clientes CONVEME','MONTO_FIJO',43.41,'2020-05-24 13:18:24','2020-06-18 13:18:24',TRUE),
  (373,'Martes de Oferta 373','Promoción especial para clientes CONVEME','MONTO_FIJO',41.86,'2022-10-13 13:38:44','2022-11-07 14:38:44',TRUE),
  (374,'Regreso a Clases 374','Promoción especial para clientes CONVEME','PORCENTAJE',48.00,'2022-09-11 05:17:12','2022-09-27 05:17:12',TRUE),
  (375,'Promo Fin de Semana 375','Promoción especial para clientes CONVEME','PORCENTAJE',15.00,'2023-06-05 05:31:53','2023-07-01 05:31:53',TRUE),
  (376,'Descuento Estudiantil 376','Promoción especial para clientes CONVEME','MONTO_FIJO',15.41,'2025-03-01 01:52:45','2025-03-09 01:52:45',TRUE),
  (377,'Flash Sale 377','Promoción especial para clientes CONVEME','PORCENTAJE',14.00,'2023-01-25 05:24:57','2023-02-01 05:24:57',TRUE),
  (378,'Fidelidad CONVEME 378','Promoción especial para clientes CONVEME','PORCENTAJE',37.00,'2022-02-07 23:30:10','2022-03-01 23:30:10',TRUE),
  (379,'Buen Fin 379','Promoción especial para clientes CONVEME','MONTO_FIJO',54.46,'2020-02-09 04:14:31','2020-02-20 04:14:31',TRUE),
  (380,'Buen Fin 380','Promoción especial para clientes CONVEME','PORCENTAJE',38.00,'2025-11-02 12:55:36','2025-11-21 12:55:36',TRUE),
  (381,'Promo Fin de Semana 381','Promoción especial para clientes CONVEME','MONTO_FIJO',22.14,'2023-03-21 06:05:41','2023-04-12 06:05:41',TRUE),
  (382,'Flash Sale 382','Promoción especial para clientes CONVEME','PORCENTAJE',8.00,'2020-02-29 02:24:33','2020-03-16 02:24:33',TRUE),
  (383,'Bazar Universitario 383','Promoción especial para clientes CONVEME','MONTO_FIJO',70.06,'2022-08-25 13:52:31','2022-09-04 13:52:31',TRUE),
  (384,'Pack Especial 384','Promoción especial para clientes CONVEME','PORCENTAJE',36.00,'2025-07-01 02:22:46','2025-07-22 02:22:46',TRUE),
  (385,'Promo Fin de Semana 385','Promoción especial para clientes CONVEME','PORCENTAJE',36.00,'2020-09-08 15:42:18','2020-09-30 15:42:18',FALSE),
  (386,'Martes de Oferta 386','Promoción especial para clientes CONVEME','PORCENTAJE',46.00,'2024-01-23 12:31:39','2024-01-27 12:31:39',TRUE),
  (387,'Día del Amor 387','Promoción especial para clientes CONVEME','MONTO_FIJO',16.15,'2023-04-27 21:55:36','2023-05-03 21:55:36',TRUE),
  (388,'2x1 Limitado 388','Promoción especial para clientes CONVEME','PORCENTAJE',42.00,'2022-10-07 22:11:23','2022-10-10 22:11:23',TRUE),
  (389,'Día del Amor 389','Promoción especial para clientes CONVEME','PORCENTAJE',29.00,'2022-08-11 04:35:08','2022-08-21 04:35:08',TRUE),
  (390,'Fidelidad CONVEME 390','Promoción especial para clientes CONVEME','PORCENTAJE',41.00,'2023-03-19 04:53:36','2023-03-28 04:53:36',FALSE),
  (391,'Martes de Oferta 391','Promoción especial para clientes CONVEME','PORCENTAJE',41.00,'2024-10-31 17:15:39','2024-11-07 17:15:39',FALSE),
  (392,'Buen Fin 392','Promoción especial para clientes CONVEME','PORCENTAJE',13.00,'2023-06-25 01:56:31','2023-07-09 01:56:31',TRUE),
  (393,'Martes de Oferta 393','Promoción especial para clientes CONVEME','MONTO_FIJO',44.37,'2024-11-30 23:07:25','2024-12-04 23:07:25',FALSE),
  (394,'Regreso a Clases 394','Promoción especial para clientes CONVEME','MONTO_FIJO',87.46,'2022-01-25 23:54:56','2022-02-12 23:54:56',TRUE),
  (395,'Promo Fin de Semana 395','Promoción especial para clientes CONVEME','PORCENTAJE',19.00,'2021-03-01 09:05:48','2021-03-06 09:05:48',TRUE),
  (396,'Bazar Universitario 396','Promoción especial para clientes CONVEME','PORCENTAJE',19.00,'2025-09-16 20:57:35','2025-10-03 20:57:35',FALSE),
  (397,'Pack Especial 397','Promoción especial para clientes CONVEME','MONTO_FIJO',80.36,'2021-11-09 21:59:27','2021-12-07 21:59:27',TRUE),
  (398,'Promo Fin de Semana 398','Promoción especial para clientes CONVEME','MONTO_FIJO',24.68,'2022-05-14 22:44:12','2022-06-03 22:44:12',TRUE),
  (399,'Bazar Universitario 399','Promoción especial para clientes CONVEME','PORCENTAJE',26.00,'2020-09-25 20:29:30','2020-10-06 20:29:30',FALSE),
  (400,'Regreso a Clases 400','Promoción especial para clientes CONVEME','PORCENTAJE',25.00,'2020-03-10 14:55:05','2020-03-28 14:55:05',TRUE);
INSERT IGNORE INTO `promociones` (`id_promocion`, `nombre`, `descripcion`, `tipo_promocion`, `valor_descuento`, `fecha_inicio`, `fecha_fin`, `activa`) VALUES
  (401,'Descuento Estudiantil 401','Promoción especial para clientes CONVEME','MONTO_FIJO',62.91,'2021-11-13 06:52:33','2021-11-24 06:52:33',TRUE),
  (402,'Bazar Universitario 402','Promoción especial para clientes CONVEME','MONTO_FIJO',23.07,'2020-09-18 01:05:26','2020-09-26 01:05:26',TRUE),
  (403,'Día del Amor 403','Promoción especial para clientes CONVEME','PORCENTAJE',29.00,'2021-12-29 08:19:31','2022-01-25 08:19:31',TRUE),
  (404,'Regreso a Clases 404','Promoción especial para clientes CONVEME','PORCENTAJE',30.00,'2024-01-30 20:57:03','2024-02-20 20:57:03',TRUE),
  (405,'Buen Fin 405','Promoción especial para clientes CONVEME','MONTO_FIJO',59.34,'2021-10-27 23:43:15','2021-11-12 00:43:15',FALSE),
  (406,'Buen Fin 406','Promoción especial para clientes CONVEME','PORCENTAJE',39.00,'2021-07-24 09:39:49','2021-07-27 09:39:49',TRUE),
  (407,'Liquidación Temporada 407','Promoción especial para clientes CONVEME','PORCENTAJE',50.00,'2025-05-05 21:47:07','2025-05-21 21:47:07',FALSE),
  (408,'Flash Sale 408','Promoción especial para clientes CONVEME','MONTO_FIJO',14.79,'2022-02-25 01:15:39','2022-03-11 01:15:39',TRUE),
  (409,'Descuento Estudiantil 409','Promoción especial para clientes CONVEME','PORCENTAJE',17.00,'2023-09-03 22:27:16','2023-09-18 22:27:16',FALSE),
  (410,'Fidelidad CONVEME 410','Promoción especial para clientes CONVEME','MONTO_FIJO',42.05,'2023-07-22 20:57:10','2023-08-04 20:57:10',TRUE),
  (411,'Regreso a Clases 411','Promoción especial para clientes CONVEME','MONTO_FIJO',26.74,'2021-06-20 23:20:59','2021-06-25 23:20:59',FALSE),
  (412,'Descuento Estudiantil 412','Promoción especial para clientes CONVEME','MONTO_FIJO',59.33,'2025-04-18 13:13:46','2025-05-06 13:13:46',TRUE),
  (413,'Regreso a Clases 413','Promoción especial para clientes CONVEME','PORCENTAJE',25.00,'2021-06-12 07:13:34','2021-06-15 07:13:34',FALSE),
  (414,'Buen Fin 414','Promoción especial para clientes CONVEME','MONTO_FIJO',67.21,'2021-04-06 02:37:32','2021-05-01 02:37:32',FALSE),
  (415,'Bazar Universitario 415','Promoción especial para clientes CONVEME','MONTO_FIJO',64.65,'2022-01-07 20:16:24','2022-01-22 20:16:24',TRUE),
  (416,'Martes de Oferta 416','Promoción especial para clientes CONVEME','MONTO_FIJO',25.93,'2024-06-16 06:01:30','2024-06-24 06:01:30',FALSE),
  (417,'Regreso a Clases 417','Promoción especial para clientes CONVEME','PORCENTAJE',28.00,'2024-08-13 17:08:29','2024-08-23 17:08:29',TRUE),
  (418,'Descuento Estudiantil 418','Promoción especial para clientes CONVEME','PORCENTAJE',8.00,'2022-04-04 01:22:45','2022-04-11 01:22:45',TRUE),
  (419,'Pack Especial 419','Promoción especial para clientes CONVEME','PORCENTAJE',20.00,'2024-09-05 02:34:15','2024-09-18 02:34:15',TRUE),
  (420,'Pack Especial 420','Promoción especial para clientes CONVEME','PORCENTAJE',46.00,'2025-11-26 11:42:48','2025-12-05 11:42:48',TRUE),
  (421,'Liquidación Temporada 421','Promoción especial para clientes CONVEME','PORCENTAJE',25.00,'2021-11-17 09:29:45','2021-11-22 09:29:45',TRUE),
  (422,'Martes de Oferta 422','Promoción especial para clientes CONVEME','MONTO_FIJO',44.33,'2025-08-07 21:18:00','2025-09-03 21:18:00',TRUE),
  (423,'Descuento Estudiantil 423','Promoción especial para clientes CONVEME','PORCENTAJE',44.00,'2020-08-10 23:30:06','2020-09-07 23:30:06',TRUE),
  (424,'2x1 Limitado 424','Promoción especial para clientes CONVEME','PORCENTAJE',30.00,'2023-11-23 10:52:00','2023-11-30 10:52:00',FALSE),
  (425,'Regreso a Clases 425','Promoción especial para clientes CONVEME','MONTO_FIJO',12.86,'2023-04-03 05:30:30','2023-04-16 05:30:30',TRUE),
  (426,'Pack Especial 426','Promoción especial para clientes CONVEME','PORCENTAJE',40.00,'2021-09-12 08:43:22','2021-10-05 08:43:22',FALSE),
  (427,'Pack Especial 427','Promoción especial para clientes CONVEME','PORCENTAJE',12.00,'2020-04-06 14:33:15','2020-04-14 14:33:15',FALSE),
  (428,'Regreso a Clases 428','Promoción especial para clientes CONVEME','MONTO_FIJO',73.97,'2024-09-16 00:40:20','2024-09-21 00:40:20',TRUE),
  (429,'Bazar Universitario 429','Promoción especial para clientes CONVEME','PORCENTAJE',19.00,'2024-08-09 18:33:28','2024-08-19 18:33:28',FALSE),
  (430,'2x1 Limitado 430','Promoción especial para clientes CONVEME','MONTO_FIJO',90.74,'2025-07-01 15:35:27','2025-07-28 15:35:27',FALSE),
  (431,'2x1 Limitado 431','Promoción especial para clientes CONVEME','MONTO_FIJO',19.50,'2025-07-30 06:55:49','2025-08-10 06:55:49',TRUE),
  (432,'2x1 Limitado 432','Promoción especial para clientes CONVEME','PORCENTAJE',23.00,'2020-01-25 01:32:36','2020-02-02 01:32:36',TRUE),
  (433,'Regreso a Clases 433','Promoción especial para clientes CONVEME','MONTO_FIJO',55.41,'2020-07-12 04:54:55','2020-08-11 04:54:55',FALSE),
  (434,'Promo Fin de Semana 434','Promoción especial para clientes CONVEME','MONTO_FIJO',80.54,'2023-02-12 13:18:50','2023-03-13 13:18:50',TRUE),
  (435,'Liquidación Temporada 435','Promoción especial para clientes CONVEME','PORCENTAJE',17.00,'2020-07-16 15:31:45','2020-08-10 15:31:45',TRUE),
  (436,'Promo Fin de Semana 436','Promoción especial para clientes CONVEME','PORCENTAJE',30.00,'2023-11-24 02:13:37','2023-12-07 02:13:37',TRUE),
  (437,'Día del Amor 437','Promoción especial para clientes CONVEME','PORCENTAJE',6.00,'2023-07-30 04:58:46','2023-08-14 04:58:46',FALSE),
  (438,'2x1 Limitado 438','Promoción especial para clientes CONVEME','MONTO_FIJO',47.58,'2023-10-15 05:07:45','2023-11-10 05:07:45',TRUE),
  (439,'2x1 Limitado 439','Promoción especial para clientes CONVEME','PORCENTAJE',45.00,'2022-02-16 17:25:58','2022-03-17 17:25:58',FALSE),
  (440,'Flash Sale 440','Promoción especial para clientes CONVEME','MONTO_FIJO',42.34,'2022-07-08 11:24:51','2022-07-18 11:24:51',TRUE),
  (441,'Flash Sale 441','Promoción especial para clientes CONVEME','MONTO_FIJO',17.34,'2023-11-30 19:00:41','2023-12-29 19:00:41',TRUE),
  (442,'Día del Amor 442','Promoción especial para clientes CONVEME','MONTO_FIJO',31.82,'2025-03-22 04:57:33','2025-04-10 04:57:33',TRUE),
  (443,'Promo Fin de Semana 443','Promoción especial para clientes CONVEME','MONTO_FIJO',33.23,'2023-08-19 00:53:21','2023-08-26 00:53:21',TRUE),
  (444,'Liquidación Temporada 444','Promoción especial para clientes CONVEME','PORCENTAJE',22.00,'2024-02-26 23:50:59','2024-03-17 23:50:59',TRUE),
  (445,'Liquidación Temporada 445','Promoción especial para clientes CONVEME','PORCENTAJE',17.00,'2021-04-25 01:22:02','2021-05-11 01:22:02',TRUE),
  (446,'Liquidación Temporada 446','Promoción especial para clientes CONVEME','PORCENTAJE',24.00,'2024-05-01 02:46:20','2024-05-19 02:46:20',TRUE),
  (447,'Bazar Universitario 447','Promoción especial para clientes CONVEME','MONTO_FIJO',47.04,'2022-05-01 12:47:51','2022-05-25 12:47:51',FALSE),
  (448,'Día del Amor 448','Promoción especial para clientes CONVEME','MONTO_FIJO',50.99,'2021-11-12 20:56:26','2021-12-07 20:56:26',FALSE),
  (449,'Regreso a Clases 449','Promoción especial para clientes CONVEME','MONTO_FIJO',81.73,'2021-07-12 21:14:06','2021-08-05 21:14:06',TRUE),
  (450,'Descuento Estudiantil 450','Promoción especial para clientes CONVEME','PORCENTAJE',50.00,'2025-04-27 12:26:28','2025-04-30 12:26:28',TRUE),
  (451,'Pack Especial 451','Promoción especial para clientes CONVEME','PORCENTAJE',8.00,'2023-08-01 12:41:31','2023-08-31 12:41:31',FALSE),
  (452,'Descuento Estudiantil 452','Promoción especial para clientes CONVEME','PORCENTAJE',27.00,'2025-10-23 05:51:55','2025-11-22 05:51:55',TRUE),
  (453,'Liquidación Temporada 453','Promoción especial para clientes CONVEME','PORCENTAJE',41.00,'2021-01-21 13:52:00','2021-02-03 13:52:00',TRUE),
  (454,'Promo Fin de Semana 454','Promoción especial para clientes CONVEME','PORCENTAJE',33.00,'2021-03-01 10:06:13','2021-03-30 10:06:13',TRUE),
  (455,'Buen Fin 455','Promoción especial para clientes CONVEME','PORCENTAJE',50.00,'2021-03-30 13:13:34','2021-04-13 12:13:34',TRUE),
  (456,'Promo Fin de Semana 456','Promoción especial para clientes CONVEME','MONTO_FIJO',99.82,'2020-12-03 01:11:03','2020-12-09 01:11:03',TRUE),
  (457,'Descuento Estudiantil 457','Promoción especial para clientes CONVEME','PORCENTAJE',5.00,'2022-04-06 10:18:50','2022-04-20 10:18:50',TRUE),
  (458,'Pack Especial 458','Promoción especial para clientes CONVEME','PORCENTAJE',28.00,'2020-06-13 03:01:12','2020-06-26 03:01:12',TRUE),
  (459,'Promo Fin de Semana 459','Promoción especial para clientes CONVEME','MONTO_FIJO',53.23,'2020-07-01 03:09:31','2020-07-19 03:09:31',TRUE),
  (460,'Flash Sale 460','Promoción especial para clientes CONVEME','PORCENTAJE',26.00,'2023-12-09 08:56:55','2024-01-03 08:56:55',TRUE),
  (461,'Pack Especial 461','Promoción especial para clientes CONVEME','MONTO_FIJO',90.42,'2024-11-17 05:39:42','2024-11-22 05:39:42',TRUE),
  (462,'Día del Amor 462','Promoción especial para clientes CONVEME','PORCENTAJE',42.00,'2023-08-08 12:56:03','2023-08-28 12:56:03',TRUE),
  (463,'Regreso a Clases 463','Promoción especial para clientes CONVEME','MONTO_FIJO',49.00,'2025-01-15 12:50:06','2025-01-19 12:50:06',TRUE),
  (464,'Liquidación Temporada 464','Promoción especial para clientes CONVEME','PORCENTAJE',29.00,'2023-10-24 05:18:34','2023-11-22 05:18:34',TRUE),
  (465,'Flash Sale 465','Promoción especial para clientes CONVEME','MONTO_FIJO',85.89,'2023-11-24 17:45:51','2023-12-02 17:45:51',TRUE),
  (466,'Martes de Oferta 466','Promoción especial para clientes CONVEME','PORCENTAJE',48.00,'2020-06-26 21:55:54','2020-07-06 21:55:54',TRUE),
  (467,'Bazar Universitario 467','Promoción especial para clientes CONVEME','PORCENTAJE',26.00,'2024-08-27 10:10:30','2024-09-18 10:10:30',FALSE),
  (468,'Regreso a Clases 468','Promoción especial para clientes CONVEME','MONTO_FIJO',15.23,'2021-06-30 17:37:38','2021-07-04 17:37:38',FALSE),
  (469,'Liquidación Temporada 469','Promoción especial para clientes CONVEME','PORCENTAJE',45.00,'2025-10-23 00:28:35','2025-11-05 00:28:35',TRUE),
  (470,'Fidelidad CONVEME 470','Promoción especial para clientes CONVEME','PORCENTAJE',44.00,'2021-05-17 00:48:01','2021-05-24 00:48:01',TRUE),
  (471,'Liquidación Temporada 471','Promoción especial para clientes CONVEME','MONTO_FIJO',59.51,'2025-02-20 11:09:15','2025-03-06 11:09:15',TRUE),
  (472,'Regreso a Clases 472','Promoción especial para clientes CONVEME','PORCENTAJE',42.00,'2025-02-07 20:04:53','2025-03-03 20:04:53',TRUE),
  (473,'Regreso a Clases 473','Promoción especial para clientes CONVEME','PORCENTAJE',33.00,'2023-03-30 19:23:29','2023-04-29 19:23:29',TRUE),
  (474,'Bazar Universitario 474','Promoción especial para clientes CONVEME','MONTO_FIJO',91.15,'2025-04-16 19:53:20','2025-05-15 19:53:20',TRUE),
  (475,'Pack Especial 475','Promoción especial para clientes CONVEME','MONTO_FIJO',78.06,'2024-08-20 20:47:26','2024-09-13 20:47:26',FALSE),
  (476,'Fidelidad CONVEME 476','Promoción especial para clientes CONVEME','PORCENTAJE',14.00,'2024-06-13 07:46:48','2024-07-03 07:46:48',TRUE),
  (477,'Flash Sale 477','Promoción especial para clientes CONVEME','PORCENTAJE',26.00,'2023-12-18 18:04:23','2023-12-21 18:04:23',TRUE),
  (478,'Pack Especial 478','Promoción especial para clientes CONVEME','MONTO_FIJO',69.20,'2021-09-30 10:27:58','2021-10-22 10:27:58',FALSE),
  (479,'Promo Fin de Semana 479','Promoción especial para clientes CONVEME','PORCENTAJE',29.00,'2020-04-26 20:37:40','2020-05-17 20:37:40',TRUE),
  (480,'Flash Sale 480','Promoción especial para clientes CONVEME','MONTO_FIJO',69.47,'2022-12-11 09:22:04','2022-12-22 09:22:04',TRUE),
  (481,'Día del Amor 481','Promoción especial para clientes CONVEME','MONTO_FIJO',36.58,'2020-04-02 14:47:25','2020-04-28 13:47:25',TRUE),
  (482,'Liquidación Temporada 482','Promoción especial para clientes CONVEME','PORCENTAJE',28.00,'2025-10-27 16:34:52','2025-10-30 16:34:52',TRUE),
  (483,'Bazar Universitario 483','Promoción especial para clientes CONVEME','PORCENTAJE',11.00,'2021-06-15 02:43:10','2021-07-02 02:43:10',TRUE),
  (484,'Flash Sale 484','Promoción especial para clientes CONVEME','MONTO_FIJO',91.02,'2024-11-22 14:08:14','2024-12-20 14:08:14',TRUE),
  (485,'2x1 Limitado 485','Promoción especial para clientes CONVEME','MONTO_FIJO',30.35,'2024-08-30 09:45:11','2024-09-15 09:45:11',FALSE),
  (486,'Martes de Oferta 486','Promoción especial para clientes CONVEME','PORCENTAJE',6.00,'2020-08-26 01:25:18','2020-09-07 01:25:18',TRUE),
  (487,'Regreso a Clases 487','Promoción especial para clientes CONVEME','MONTO_FIJO',47.59,'2020-11-06 02:06:51','2020-11-20 02:06:51',TRUE),
  (488,'Martes de Oferta 488','Promoción especial para clientes CONVEME','PORCENTAJE',50.00,'2020-02-28 05:38:12','2020-03-27 05:38:12',TRUE),
  (489,'Liquidación Temporada 489','Promoción especial para clientes CONVEME','PORCENTAJE',46.00,'2022-02-24 10:50:41','2022-03-01 10:50:41',FALSE),
  (490,'Martes de Oferta 490','Promoción especial para clientes CONVEME','PORCENTAJE',17.00,'2023-04-06 00:10:27','2023-04-27 00:10:27',TRUE),
  (491,'Día del Amor 491','Promoción especial para clientes CONVEME','MONTO_FIJO',97.69,'2020-08-31 07:50:22','2020-09-04 07:50:22',TRUE),
  (492,'Martes de Oferta 492','Promoción especial para clientes CONVEME','PORCENTAJE',12.00,'2020-03-07 05:46:50','2020-03-14 05:46:50',TRUE),
  (493,'Fidelidad CONVEME 493','Promoción especial para clientes CONVEME','MONTO_FIJO',10.39,'2024-07-26 09:51:27','2024-08-23 09:51:27',TRUE),
  (494,'Día del Amor 494','Promoción especial para clientes CONVEME','PORCENTAJE',37.00,'2021-10-19 19:23:00','2021-11-04 20:23:00',TRUE),
  (495,'Liquidación Temporada 495','Promoción especial para clientes CONVEME','PORCENTAJE',29.00,'2022-08-12 16:23:09','2022-08-29 16:23:09',FALSE),
  (496,'Promo Fin de Semana 496','Promoción especial para clientes CONVEME','MONTO_FIJO',68.97,'2025-05-26 09:27:30','2025-06-03 09:27:30',TRUE),
  (497,'Regreso a Clases 497','Promoción especial para clientes CONVEME','PORCENTAJE',5.00,'2023-07-23 05:13:37','2023-08-03 05:13:37',FALSE),
  (498,'Liquidación Temporada 498','Promoción especial para clientes CONVEME','MONTO_FIJO',18.98,'2024-02-19 18:48:38','2024-02-25 18:48:38',TRUE),
  (499,'Regreso a Clases 499','Promoción especial para clientes CONVEME','MONTO_FIJO',68.92,'2024-07-06 11:41:31','2024-07-31 11:41:31',TRUE),
  (500,'2x1 Limitado 500','Promoción especial para clientes CONVEME','MONTO_FIJO',10.22,'2020-01-16 01:38:38','2020-01-19 01:38:38',TRUE);
INSERT IGNORE INTO `promociones` (`id_promocion`, `nombre`, `descripcion`, `tipo_promocion`, `valor_descuento`, `fecha_inicio`, `fecha_fin`, `activa`) VALUES
  (501,'Pack Especial 501','Promoción especial para clientes CONVEME','PORCENTAJE',23.00,'2021-10-16 23:15:58','2021-10-25 23:15:58',TRUE),
  (502,'2x1 Limitado 502','Promoción especial para clientes CONVEME','MONTO_FIJO',26.83,'2025-10-27 23:47:40','2025-11-08 23:47:40',TRUE),
  (503,'Buen Fin 503','Promoción especial para clientes CONVEME','MONTO_FIJO',89.09,'2023-03-29 15:37:44','2023-04-05 15:37:44',TRUE),
  (504,'Bazar Universitario 504','Promoción especial para clientes CONVEME','MONTO_FIJO',54.99,'2024-04-06 09:00:17','2024-04-11 09:00:17',TRUE),
  (505,'Bazar Universitario 505','Promoción especial para clientes CONVEME','MONTO_FIJO',18.21,'2022-08-13 17:53:57','2022-08-19 17:53:57',FALSE),
  (506,'Regreso a Clases 506','Promoción especial para clientes CONVEME','MONTO_FIJO',20.95,'2023-06-16 08:06:34','2023-06-26 08:06:34',TRUE),
  (507,'Buen Fin 507','Promoción especial para clientes CONVEME','PORCENTAJE',49.00,'2024-01-15 16:59:00','2024-01-29 16:59:00',FALSE),
  (508,'Liquidación Temporada 508','Promoción especial para clientes CONVEME','MONTO_FIJO',34.00,'2023-09-17 18:00:43','2023-10-11 18:00:43',TRUE),
  (509,'Regreso a Clases 509','Promoción especial para clientes CONVEME','PORCENTAJE',13.00,'2020-01-15 08:53:51','2020-02-12 08:53:51',TRUE),
  (510,'Bazar Universitario 510','Promoción especial para clientes CONVEME','MONTO_FIJO',77.95,'2025-05-21 03:19:30','2025-06-06 03:19:30',TRUE),
  (511,'Martes de Oferta 511','Promoción especial para clientes CONVEME','MONTO_FIJO',70.45,'2020-03-21 18:56:38','2020-04-15 17:56:38',TRUE),
  (512,'Regreso a Clases 512','Promoción especial para clientes CONVEME','PORCENTAJE',13.00,'2022-05-30 23:32:57','2022-06-21 23:32:57',TRUE),
  (513,'Flash Sale 513','Promoción especial para clientes CONVEME','PORCENTAJE',6.00,'2025-02-12 02:36:44','2025-02-24 02:36:44',TRUE),
  (514,'Día del Amor 514','Promoción especial para clientes CONVEME','MONTO_FIJO',75.67,'2023-10-29 02:39:58','2023-11-24 02:39:58',FALSE),
  (515,'Liquidación Temporada 515','Promoción especial para clientes CONVEME','PORCENTAJE',33.00,'2021-03-20 13:05:01','2021-04-14 12:05:01',TRUE),
  (516,'Regreso a Clases 516','Promoción especial para clientes CONVEME','MONTO_FIJO',70.84,'2021-01-23 16:01:17','2021-01-26 16:01:17',FALSE),
  (517,'Fidelidad CONVEME 517','Promoción especial para clientes CONVEME','MONTO_FIJO',73.82,'2020-09-18 07:12:35','2020-10-15 07:12:35',TRUE),
  (518,'Buen Fin 518','Promoción especial para clientes CONVEME','PORCENTAJE',22.00,'2024-04-24 19:22:16','2024-04-27 19:22:16',TRUE),
  (519,'2x1 Limitado 519','Promoción especial para clientes CONVEME','MONTO_FIJO',70.95,'2021-01-12 23:50:44','2021-02-08 23:50:44',FALSE),
  (520,'Buen Fin 520','Promoción especial para clientes CONVEME','MONTO_FIJO',28.47,'2022-09-13 02:57:58','2022-09-28 02:57:58',TRUE),
  (521,'Bazar Universitario 521','Promoción especial para clientes CONVEME','PORCENTAJE',31.00,'2024-08-14 22:24:21','2024-09-03 22:24:21',TRUE),
  (522,'2x1 Limitado 522','Promoción especial para clientes CONVEME','MONTO_FIJO',52.09,'2024-07-28 11:33:10','2024-07-31 11:33:10',TRUE),
  (523,'Liquidación Temporada 523','Promoción especial para clientes CONVEME','MONTO_FIJO',60.11,'2021-01-24 07:31:35','2021-02-18 07:31:35',FALSE),
  (524,'Pack Especial 524','Promoción especial para clientes CONVEME','PORCENTAJE',37.00,'2023-09-20 17:09:38','2023-10-19 17:09:38',FALSE),
  (525,'Liquidación Temporada 525','Promoción especial para clientes CONVEME','PORCENTAJE',23.00,'2021-01-24 03:41:59','2021-02-15 03:41:59',TRUE),
  (526,'Día del Amor 526','Promoción especial para clientes CONVEME','MONTO_FIJO',70.66,'2020-09-21 09:33:21','2020-10-02 09:33:21',TRUE),
  (527,'Bazar Universitario 527','Promoción especial para clientes CONVEME','PORCENTAJE',37.00,'2023-04-12 13:45:43','2023-04-15 13:45:43',FALSE),
  (528,'Buen Fin 528','Promoción especial para clientes CONVEME','PORCENTAJE',40.00,'2020-04-20 15:13:57','2020-05-10 15:13:57',TRUE),
  (529,'Flash Sale 529','Promoción especial para clientes CONVEME','MONTO_FIJO',69.14,'2024-08-01 17:06:32','2024-08-24 17:06:32',TRUE),
  (530,'Fidelidad CONVEME 530','Promoción especial para clientes CONVEME','PORCENTAJE',50.00,'2022-11-18 13:49:06','2022-12-14 13:49:06',TRUE),
  (531,'Flash Sale 531','Promoción especial para clientes CONVEME','MONTO_FIJO',58.06,'2023-10-15 09:30:37','2023-11-01 09:30:37',TRUE),
  (532,'Regreso a Clases 532','Promoción especial para clientes CONVEME','PORCENTAJE',30.00,'2024-03-09 02:46:09','2024-04-04 02:46:09',TRUE),
  (533,'Buen Fin 533','Promoción especial para clientes CONVEME','MONTO_FIJO',23.34,'2024-04-16 08:24:12','2024-04-23 08:24:12',FALSE),
  (534,'Bazar Universitario 534','Promoción especial para clientes CONVEME','MONTO_FIJO',81.52,'2020-02-20 23:13:43','2020-02-26 23:13:43',TRUE),
  (535,'Descuento Estudiantil 535','Promoción especial para clientes CONVEME','PORCENTAJE',5.00,'2024-10-15 13:32:11','2024-11-12 13:32:11',FALSE),
  (536,'Liquidación Temporada 536','Promoción especial para clientes CONVEME','MONTO_FIJO',77.90,'2021-11-02 01:55:34','2021-11-27 01:55:34',TRUE),
  (537,'Descuento Estudiantil 537','Promoción especial para clientes CONVEME','MONTO_FIJO',97.15,'2024-06-27 02:50:23','2024-07-05 02:50:23',TRUE),
  (538,'Pack Especial 538','Promoción especial para clientes CONVEME','PORCENTAJE',48.00,'2020-11-26 01:59:16','2020-12-15 01:59:16',TRUE),
  (539,'Fidelidad CONVEME 539','Promoción especial para clientes CONVEME','PORCENTAJE',26.00,'2022-11-20 13:23:50','2022-12-18 13:23:50',TRUE),
  (540,'2x1 Limitado 540','Promoción especial para clientes CONVEME','MONTO_FIJO',15.30,'2020-12-22 05:32:17','2021-01-06 05:32:17',TRUE),
  (541,'Liquidación Temporada 541','Promoción especial para clientes CONVEME','PORCENTAJE',40.00,'2025-09-05 15:23:45','2025-09-24 15:23:45',TRUE),
  (542,'Bazar Universitario 542','Promoción especial para clientes CONVEME','PORCENTAJE',24.00,'2024-08-16 00:57:57','2024-08-29 00:57:57',TRUE),
  (543,'Liquidación Temporada 543','Promoción especial para clientes CONVEME','MONTO_FIJO',80.36,'2021-10-09 00:55:31','2021-10-14 00:55:31',TRUE),
  (544,'2x1 Limitado 544','Promoción especial para clientes CONVEME','MONTO_FIJO',72.29,'2022-06-28 13:43:36','2022-07-11 13:43:36',TRUE),
  (545,'Regreso a Clases 545','Promoción especial para clientes CONVEME','PORCENTAJE',19.00,'2023-12-15 07:30:19','2023-12-28 07:30:19',FALSE),
  (546,'Regreso a Clases 546','Promoción especial para clientes CONVEME','PORCENTAJE',5.00,'2020-11-22 01:33:47','2020-12-03 01:33:47',TRUE),
  (547,'Promo Fin de Semana 547','Promoción especial para clientes CONVEME','MONTO_FIJO',89.73,'2021-04-18 06:12:49','2021-05-16 06:12:49',TRUE),
  (548,'2x1 Limitado 548','Promoción especial para clientes CONVEME','PORCENTAJE',33.00,'2025-09-22 09:00:38','2025-10-09 09:00:38',TRUE),
  (549,'2x1 Limitado 549','Promoción especial para clientes CONVEME','PORCENTAJE',24.00,'2022-09-23 10:17:29','2022-10-07 10:17:29',TRUE),
  (550,'Promo Fin de Semana 550','Promoción especial para clientes CONVEME','MONTO_FIJO',69.67,'2021-11-27 10:04:10','2021-12-09 10:04:10',TRUE),
  (551,'2x1 Limitado 551','Promoción especial para clientes CONVEME','MONTO_FIJO',57.57,'2024-11-29 10:05:58','2024-12-03 10:05:58',TRUE),
  (552,'Fidelidad CONVEME 552','Promoción especial para clientes CONVEME','PORCENTAJE',34.00,'2025-02-20 13:54:54','2025-03-17 13:54:54',TRUE),
  (553,'Descuento Estudiantil 553','Promoción especial para clientes CONVEME','MONTO_FIJO',18.39,'2020-11-18 06:18:06','2020-12-04 06:18:06',TRUE),
  (554,'Fidelidad CONVEME 554','Promoción especial para clientes CONVEME','MONTO_FIJO',76.70,'2020-04-29 18:31:22','2020-05-06 18:31:22',TRUE),
  (555,'Bazar Universitario 555','Promoción especial para clientes CONVEME','PORCENTAJE',23.00,'2023-06-30 23:08:58','2023-07-11 23:08:58',TRUE),
  (556,'Pack Especial 556','Promoción especial para clientes CONVEME','MONTO_FIJO',27.31,'2022-05-04 15:04:51','2022-05-12 15:04:51',TRUE),
  (557,'Promo Fin de Semana 557','Promoción especial para clientes CONVEME','MONTO_FIJO',17.27,'2025-04-06 01:44:35','2025-04-21 01:44:35',TRUE),
  (558,'Fidelidad CONVEME 558','Promoción especial para clientes CONVEME','PORCENTAJE',6.00,'2022-07-01 00:04:08','2022-07-09 00:04:08',FALSE),
  (559,'Pack Especial 559','Promoción especial para clientes CONVEME','MONTO_FIJO',58.90,'2021-07-10 19:08:37','2021-07-17 19:08:37',FALSE),
  (560,'Bazar Universitario 560','Promoción especial para clientes CONVEME','MONTO_FIJO',21.94,'2023-06-27 17:52:27','2023-07-04 17:52:27',FALSE),
  (561,'2x1 Limitado 561','Promoción especial para clientes CONVEME','PORCENTAJE',36.00,'2021-07-25 01:12:52','2021-08-04 01:12:52',TRUE),
  (562,'Martes de Oferta 562','Promoción especial para clientes CONVEME','PORCENTAJE',30.00,'2025-01-13 10:49:18','2025-02-09 10:49:18',TRUE),
  (563,'Pack Especial 563','Promoción especial para clientes CONVEME','MONTO_FIJO',18.86,'2021-08-26 11:03:34','2021-09-15 11:03:34',TRUE),
  (564,'Regreso a Clases 564','Promoción especial para clientes CONVEME','PORCENTAJE',12.00,'2022-02-03 15:29:42','2022-02-16 15:29:42',TRUE),
  (565,'Regreso a Clases 565','Promoción especial para clientes CONVEME','MONTO_FIJO',94.30,'2023-07-29 04:56:35','2023-08-16 04:56:35',TRUE),
  (566,'Descuento Estudiantil 566','Promoción especial para clientes CONVEME','MONTO_FIJO',37.89,'2024-10-26 14:13:13','2024-11-08 14:13:13',FALSE),
  (567,'2x1 Limitado 567','Promoción especial para clientes CONVEME','PORCENTAJE',20.00,'2021-08-26 05:33:25','2021-09-10 05:33:25',TRUE),
  (568,'Día del Amor 568','Promoción especial para clientes CONVEME','PORCENTAJE',12.00,'2021-03-03 16:35:17','2021-03-24 16:35:17',TRUE),
  (569,'Fidelidad CONVEME 569','Promoción especial para clientes CONVEME','PORCENTAJE',49.00,'2020-10-24 04:31:03','2020-11-02 05:31:03',FALSE),
  (570,'Flash Sale 570','Promoción especial para clientes CONVEME','MONTO_FIJO',68.22,'2020-04-28 03:53:28','2020-05-08 03:53:28',TRUE),
  (571,'Día del Amor 571','Promoción especial para clientes CONVEME','PORCENTAJE',5.00,'2023-09-23 03:57:43','2023-10-03 03:57:43',FALSE),
  (572,'Regreso a Clases 572','Promoción especial para clientes CONVEME','MONTO_FIJO',38.90,'2022-10-09 11:21:02','2022-10-20 11:21:02',TRUE),
  (573,'Flash Sale 573','Promoción especial para clientes CONVEME','PORCENTAJE',44.00,'2022-07-14 01:07:22','2022-08-07 01:07:22',TRUE),
  (574,'Promo Fin de Semana 574','Promoción especial para clientes CONVEME','PORCENTAJE',32.00,'2022-05-04 17:00:20','2022-05-09 17:00:20',TRUE),
  (575,'Buen Fin 575','Promoción especial para clientes CONVEME','PORCENTAJE',7.00,'2020-03-17 01:45:07','2020-04-09 00:45:07',FALSE),
  (576,'Descuento Estudiantil 576','Promoción especial para clientes CONVEME','PORCENTAJE',7.00,'2020-11-24 20:08:34','2020-12-21 20:08:34',TRUE),
  (577,'Descuento Estudiantil 577','Promoción especial para clientes CONVEME','PORCENTAJE',35.00,'2024-02-03 22:16:27','2024-02-17 22:16:27',TRUE),
  (578,'Descuento Estudiantil 578','Promoción especial para clientes CONVEME','PORCENTAJE',48.00,'2020-02-02 14:08:22','2020-02-22 14:08:22',TRUE),
  (579,'Buen Fin 579','Promoción especial para clientes CONVEME','MONTO_FIJO',59.70,'2021-08-12 10:32:22','2021-08-21 10:32:22',TRUE),
  (580,'Bazar Universitario 580','Promoción especial para clientes CONVEME','MONTO_FIJO',81.72,'2021-10-16 08:35:47','2021-11-12 09:35:47',TRUE),
  (581,'Liquidación Temporada 581','Promoción especial para clientes CONVEME','PORCENTAJE',41.00,'2021-09-20 17:03:09','2021-09-25 17:03:09',TRUE),
  (582,'Pack Especial 582','Promoción especial para clientes CONVEME','PORCENTAJE',11.00,'2022-09-05 09:38:01','2022-09-30 09:38:01',TRUE),
  (583,'Descuento Estudiantil 583','Promoción especial para clientes CONVEME','PORCENTAJE',50.00,'2025-02-04 06:33:22','2025-02-20 06:33:22',TRUE),
  (584,'Descuento Estudiantil 584','Promoción especial para clientes CONVEME','PORCENTAJE',27.00,'2025-07-30 05:13:31','2025-08-11 05:13:31',TRUE),
  (585,'Bazar Universitario 585','Promoción especial para clientes CONVEME','MONTO_FIJO',83.15,'2021-08-20 13:50:14','2021-08-31 13:50:14',FALSE),
  (586,'Pack Especial 586','Promoción especial para clientes CONVEME','PORCENTAJE',5.00,'2025-12-16 20:27:05','2025-12-20 20:27:05',TRUE),
  (587,'Liquidación Temporada 587','Promoción especial para clientes CONVEME','MONTO_FIJO',92.90,'2025-04-03 21:38:18','2025-04-08 21:38:18',TRUE),
  (588,'Regreso a Clases 588','Promoción especial para clientes CONVEME','PORCENTAJE',50.00,'2023-04-28 13:32:01','2023-05-05 13:32:01',TRUE),
  (589,'Día del Amor 589','Promoción especial para clientes CONVEME','PORCENTAJE',18.00,'2025-07-21 12:32:31','2025-08-08 12:32:31',TRUE),
  (590,'2x1 Limitado 590','Promoción especial para clientes CONVEME','PORCENTAJE',19.00,'2024-09-30 01:32:23','2024-10-17 01:32:23',TRUE),
  (591,'Fidelidad CONVEME 591','Promoción especial para clientes CONVEME','MONTO_FIJO',89.14,'2025-05-02 16:42:37','2025-05-24 16:42:37',TRUE),
  (592,'Flash Sale 592','Promoción especial para clientes CONVEME','MONTO_FIJO',36.13,'2021-06-05 06:37:30','2021-06-08 06:37:30',TRUE),
  (593,'Día del Amor 593','Promoción especial para clientes CONVEME','MONTO_FIJO',34.48,'2022-07-27 19:20:53','2022-08-24 19:20:53',TRUE),
  (594,'Pack Especial 594','Promoción especial para clientes CONVEME','MONTO_FIJO',14.94,'2022-06-01 07:41:16','2022-06-05 07:41:16',TRUE),
  (595,'Buen Fin 595','Promoción especial para clientes CONVEME','MONTO_FIJO',62.31,'2024-10-11 17:46:09','2024-10-15 17:46:09',TRUE),
  (596,'Martes de Oferta 596','Promoción especial para clientes CONVEME','PORCENTAJE',27.00,'2021-06-02 04:18:50','2021-06-25 04:18:50',TRUE),
  (597,'Promo Fin de Semana 597','Promoción especial para clientes CONVEME','PORCENTAJE',43.00,'2023-05-29 07:56:22','2023-06-03 07:56:22',TRUE),
  (598,'Día del Amor 598','Promoción especial para clientes CONVEME','MONTO_FIJO',65.33,'2025-11-14 05:53:10','2025-11-24 05:53:10',TRUE),
  (599,'Fidelidad CONVEME 599','Promoción especial para clientes CONVEME','PORCENTAJE',27.00,'2025-03-08 10:22:11','2025-04-05 10:22:11',TRUE),
  (600,'Promo Fin de Semana 600','Promoción especial para clientes CONVEME','PORCENTAJE',30.00,'2021-02-09 16:43:57','2021-02-28 16:43:57',TRUE);
INSERT IGNORE INTO `promociones` (`id_promocion`, `nombre`, `descripcion`, `tipo_promocion`, `valor_descuento`, `fecha_inicio`, `fecha_fin`, `activa`) VALUES
  (601,'Bazar Universitario 601','Promoción especial para clientes CONVEME','MONTO_FIJO',15.02,'2023-01-17 23:14:13','2023-02-05 23:14:13',TRUE),
  (602,'Pack Especial 602','Promoción especial para clientes CONVEME','MONTO_FIJO',80.04,'2025-11-26 10:11:12','2025-12-24 10:11:12',FALSE),
  (603,'2x1 Limitado 603','Promoción especial para clientes CONVEME','PORCENTAJE',36.00,'2024-08-10 00:36:26','2024-09-03 00:36:26',FALSE),
  (604,'Martes de Oferta 604','Promoción especial para clientes CONVEME','PORCENTAJE',7.00,'2025-02-18 22:26:29','2025-02-28 22:26:29',FALSE),
  (605,'Regreso a Clases 605','Promoción especial para clientes CONVEME','MONTO_FIJO',38.60,'2023-09-26 19:37:57','2023-10-11 19:37:57',TRUE),
  (606,'Promo Fin de Semana 606','Promoción especial para clientes CONVEME','PORCENTAJE',26.00,'2022-11-28 11:03:41','2022-12-19 11:03:41',TRUE),
  (607,'Día del Amor 607','Promoción especial para clientes CONVEME','MONTO_FIJO',97.57,'2024-04-07 02:36:12','2024-04-15 02:36:12',TRUE),
  (608,'Bazar Universitario 608','Promoción especial para clientes CONVEME','MONTO_FIJO',50.55,'2022-11-11 05:02:21','2022-12-11 05:02:21',FALSE),
  (609,'Fidelidad CONVEME 609','Promoción especial para clientes CONVEME','PORCENTAJE',43.00,'2022-05-13 09:43:26','2022-06-12 09:43:26',TRUE),
  (610,'Martes de Oferta 610','Promoción especial para clientes CONVEME','MONTO_FIJO',43.84,'2025-12-23 11:15:45','2025-12-29 11:15:45',FALSE),
  (611,'Regreso a Clases 611','Promoción especial para clientes CONVEME','MONTO_FIJO',52.52,'2023-08-06 00:29:26','2023-08-17 00:29:26',TRUE),
  (612,'Pack Especial 612','Promoción especial para clientes CONVEME','MONTO_FIJO',54.95,'2023-09-01 00:16:17','2023-09-27 00:16:17',TRUE),
  (613,'Fidelidad CONVEME 613','Promoción especial para clientes CONVEME','PORCENTAJE',29.00,'2022-03-18 19:32:53','2022-03-26 19:32:53',FALSE),
  (614,'Fidelidad CONVEME 614','Promoción especial para clientes CONVEME','PORCENTAJE',19.00,'2025-05-20 00:10:50','2025-05-29 00:10:50',TRUE),
  (615,'2x1 Limitado 615','Promoción especial para clientes CONVEME','PORCENTAJE',19.00,'2021-09-11 04:53:42','2021-10-08 04:53:42',TRUE),
  (616,'2x1 Limitado 616','Promoción especial para clientes CONVEME','PORCENTAJE',14.00,'2023-08-10 09:38:22','2023-09-02 09:38:22',TRUE),
  (617,'Fidelidad CONVEME 617','Promoción especial para clientes CONVEME','PORCENTAJE',19.00,'2021-02-01 18:19:01','2021-02-06 18:19:01',TRUE),
  (618,'Flash Sale 618','Promoción especial para clientes CONVEME','MONTO_FIJO',50.57,'2022-05-31 10:42:21','2022-06-27 10:42:21',TRUE),
  (619,'Regreso a Clases 619','Promoción especial para clientes CONVEME','MONTO_FIJO',81.53,'2025-02-22 11:55:20','2025-02-28 11:55:20',TRUE),
  (620,'Buen Fin 620','Promoción especial para clientes CONVEME','PORCENTAJE',37.00,'2023-06-14 20:30:39','2023-06-28 20:30:39',TRUE),
  (621,'Bazar Universitario 621','Promoción especial para clientes CONVEME','MONTO_FIJO',58.65,'2023-10-31 14:39:05','2023-11-20 14:39:05',FALSE),
  (622,'Día del Amor 622','Promoción especial para clientes CONVEME','MONTO_FIJO',45.44,'2020-08-08 18:35:07','2020-09-04 18:35:07',TRUE),
  (623,'Bazar Universitario 623','Promoción especial para clientes CONVEME','PORCENTAJE',41.00,'2020-03-14 08:38:29','2020-04-05 08:38:29',TRUE),
  (624,'Liquidación Temporada 624','Promoción especial para clientes CONVEME','PORCENTAJE',5.00,'2020-02-03 12:43:40','2020-02-24 12:43:40',TRUE),
  (625,'Promo Fin de Semana 625','Promoción especial para clientes CONVEME','MONTO_FIJO',81.92,'2025-03-09 07:18:52','2025-04-07 07:18:52',TRUE),
  (626,'Día del Amor 626','Promoción especial para clientes CONVEME','PORCENTAJE',48.00,'2020-05-01 20:17:03','2020-05-13 20:17:03',FALSE),
  (627,'Promo Fin de Semana 627','Promoción especial para clientes CONVEME','MONTO_FIJO',51.93,'2023-05-07 01:04:09','2023-06-06 01:04:09',TRUE),
  (628,'Bazar Universitario 628','Promoción especial para clientes CONVEME','MONTO_FIJO',50.93,'2025-04-26 23:43:04','2025-05-06 23:43:04',TRUE),
  (629,'Martes de Oferta 629','Promoción especial para clientes CONVEME','MONTO_FIJO',22.17,'2023-01-22 06:26:51','2023-02-12 06:26:51',TRUE),
  (630,'2x1 Limitado 630','Promoción especial para clientes CONVEME','PORCENTAJE',43.00,'2022-10-17 01:20:38','2022-10-26 01:20:38',TRUE),
  (631,'Liquidación Temporada 631','Promoción especial para clientes CONVEME','PORCENTAJE',22.00,'2024-04-01 16:39:16','2024-04-23 16:39:16',TRUE),
  (632,'Pack Especial 632','Promoción especial para clientes CONVEME','PORCENTAJE',6.00,'2022-01-01 08:06:06','2022-01-29 08:06:06',FALSE),
  (633,'Martes de Oferta 633','Promoción especial para clientes CONVEME','MONTO_FIJO',50.65,'2020-02-23 05:18:11','2020-03-19 05:18:11',TRUE),
  (634,'Fidelidad CONVEME 634','Promoción especial para clientes CONVEME','PORCENTAJE',10.00,'2025-05-03 11:14:31','2025-05-14 11:14:31',TRUE),
  (635,'Promo Fin de Semana 635','Promoción especial para clientes CONVEME','MONTO_FIJO',76.86,'2025-01-29 09:15:45','2025-02-25 09:15:45',TRUE),
  (636,'Descuento Estudiantil 636','Promoción especial para clientes CONVEME','MONTO_FIJO',52.34,'2025-08-07 19:48:11','2025-08-23 19:48:11',TRUE),
  (637,'Bazar Universitario 637','Promoción especial para clientes CONVEME','PORCENTAJE',18.00,'2025-12-07 22:28:49','2026-01-03 22:28:49',FALSE),
  (638,'Descuento Estudiantil 638','Promoción especial para clientes CONVEME','PORCENTAJE',28.00,'2020-03-17 08:45:03','2020-03-28 08:45:03',FALSE),
  (639,'Promo Fin de Semana 639','Promoción especial para clientes CONVEME','MONTO_FIJO',28.76,'2020-03-08 02:39:34','2020-03-13 02:39:34',TRUE),
  (640,'Flash Sale 640','Promoción especial para clientes CONVEME','PORCENTAJE',16.00,'2023-02-04 20:39:31','2023-02-28 20:39:31',FALSE),
  (641,'Buen Fin 641','Promoción especial para clientes CONVEME','MONTO_FIJO',88.40,'2023-02-04 22:39:31','2023-02-08 22:39:31',TRUE),
  (642,'Bazar Universitario 642','Promoción especial para clientes CONVEME','PORCENTAJE',24.00,'2020-08-17 05:47:57','2020-09-03 05:47:57',TRUE),
  (643,'Flash Sale 643','Promoción especial para clientes CONVEME','MONTO_FIJO',77.94,'2024-02-29 16:29:48','2024-03-30 16:29:48',TRUE),
  (644,'Promo Fin de Semana 644','Promoción especial para clientes CONVEME','PORCENTAJE',18.00,'2023-04-05 11:31:39','2023-04-17 11:31:39',FALSE),
  (645,'Martes de Oferta 645','Promoción especial para clientes CONVEME','MONTO_FIJO',59.97,'2024-03-20 03:49:57','2024-03-31 03:49:57',FALSE),
  (646,'Promo Fin de Semana 646','Promoción especial para clientes CONVEME','MONTO_FIJO',93.93,'2024-04-09 05:49:41','2024-04-30 05:49:41',TRUE),
  (647,'Flash Sale 647','Promoción especial para clientes CONVEME','PORCENTAJE',6.00,'2022-04-27 14:47:44','2022-05-05 14:47:44',FALSE),
  (648,'Día del Amor 648','Promoción especial para clientes CONVEME','PORCENTAJE',27.00,'2020-04-28 05:53:57','2020-05-24 05:53:57',FALSE),
  (649,'Bazar Universitario 649','Promoción especial para clientes CONVEME','PORCENTAJE',26.00,'2020-12-11 11:02:45','2021-01-10 11:02:45',FALSE),
  (650,'Regreso a Clases 650','Promoción especial para clientes CONVEME','MONTO_FIJO',51.68,'2022-02-15 00:39:12','2022-02-20 00:39:12',FALSE),
  (651,'Martes de Oferta 651','Promoción especial para clientes CONVEME','MONTO_FIJO',94.65,'2023-06-18 20:55:52','2023-07-06 20:55:52',TRUE),
  (652,'Descuento Estudiantil 652','Promoción especial para clientes CONVEME','PORCENTAJE',14.00,'2021-01-04 14:00:17','2021-01-26 14:00:17',TRUE),
  (653,'Pack Especial 653','Promoción especial para clientes CONVEME','PORCENTAJE',31.00,'2023-06-28 04:37:34','2023-07-15 04:37:34',TRUE),
  (654,'Flash Sale 654','Promoción especial para clientes CONVEME','MONTO_FIJO',37.52,'2022-09-10 01:49:23','2022-09-16 01:49:23',TRUE),
  (655,'Flash Sale 655','Promoción especial para clientes CONVEME','MONTO_FIJO',62.93,'2023-02-07 15:07:01','2023-02-23 15:07:01',FALSE),
  (656,'Fidelidad CONVEME 656','Promoción especial para clientes CONVEME','MONTO_FIJO',37.54,'2020-12-13 13:25:28','2021-01-04 13:25:28',TRUE),
  (657,'Día del Amor 657','Promoción especial para clientes CONVEME','MONTO_FIJO',93.68,'2022-06-29 14:55:07','2022-07-24 14:55:07',FALSE),
  (658,'Martes de Oferta 658','Promoción especial para clientes CONVEME','MONTO_FIJO',97.98,'2025-08-08 10:28:41','2025-08-11 10:28:41',FALSE),
  (659,'Regreso a Clases 659','Promoción especial para clientes CONVEME','MONTO_FIJO',53.72,'2021-01-08 22:23:21','2021-02-05 22:23:21',TRUE),
  (660,'Bazar Universitario 660','Promoción especial para clientes CONVEME','MONTO_FIJO',32.97,'2020-06-16 02:11:57','2020-07-03 02:11:57',FALSE),
  (661,'Flash Sale 661','Promoción especial para clientes CONVEME','MONTO_FIJO',47.66,'2023-04-19 07:31:19','2023-05-05 07:31:19',TRUE),
  (662,'2x1 Limitado 662','Promoción especial para clientes CONVEME','PORCENTAJE',22.00,'2022-08-02 21:42:37','2022-08-31 21:42:37',TRUE),
  (663,'Buen Fin 663','Promoción especial para clientes CONVEME','MONTO_FIJO',19.97,'2021-03-19 07:05:28','2021-04-01 07:05:28',TRUE),
  (664,'2x1 Limitado 664','Promoción especial para clientes CONVEME','PORCENTAJE',46.00,'2025-09-09 14:26:16','2025-09-14 14:26:16',FALSE),
  (665,'Liquidación Temporada 665','Promoción especial para clientes CONVEME','MONTO_FIJO',66.04,'2020-07-24 11:01:14','2020-08-16 11:01:14',TRUE),
  (666,'Descuento Estudiantil 666','Promoción especial para clientes CONVEME','PORCENTAJE',38.00,'2025-10-23 15:25:25','2025-11-09 15:25:25',TRUE),
  (667,'Martes de Oferta 667','Promoción especial para clientes CONVEME','PORCENTAJE',39.00,'2020-03-11 05:51:27','2020-03-26 05:51:27',FALSE),
  (668,'Fidelidad CONVEME 668','Promoción especial para clientes CONVEME','MONTO_FIJO',18.10,'2023-03-15 02:25:38','2023-03-27 02:25:38',TRUE),
  (669,'Buen Fin 669','Promoción especial para clientes CONVEME','MONTO_FIJO',21.03,'2021-04-10 03:13:14','2021-04-26 03:13:14',TRUE),
  (670,'Buen Fin 670','Promoción especial para clientes CONVEME','PORCENTAJE',22.00,'2021-08-13 05:41:28','2021-08-29 05:41:28',FALSE),
  (671,'Pack Especial 671','Promoción especial para clientes CONVEME','PORCENTAJE',38.00,'2025-09-10 19:05:58','2025-09-23 19:05:58',TRUE),
  (672,'Flash Sale 672','Promoción especial para clientes CONVEME','PORCENTAJE',10.00,'2023-10-28 17:14:35','2023-11-15 17:14:35',TRUE),
  (673,'Pack Especial 673','Promoción especial para clientes CONVEME','PORCENTAJE',7.00,'2020-02-14 11:53:00','2020-03-08 11:53:00',TRUE),
  (674,'Bazar Universitario 674','Promoción especial para clientes CONVEME','PORCENTAJE',24.00,'2023-08-07 04:37:00','2023-08-27 04:37:00',TRUE),
  (675,'Bazar Universitario 675','Promoción especial para clientes CONVEME','PORCENTAJE',39.00,'2021-09-28 20:59:16','2021-10-10 20:59:16',TRUE),
  (676,'Regreso a Clases 676','Promoción especial para clientes CONVEME','MONTO_FIJO',96.18,'2025-12-23 15:51:25','2026-01-11 15:51:25',TRUE),
  (677,'Regreso a Clases 677','Promoción especial para clientes CONVEME','MONTO_FIJO',14.76,'2023-04-03 21:57:38','2023-04-10 21:57:38',TRUE),
  (678,'Martes de Oferta 678','Promoción especial para clientes CONVEME','PORCENTAJE',6.00,'2021-02-04 20:41:34','2021-02-18 20:41:34',TRUE),
  (679,'Bazar Universitario 679','Promoción especial para clientes CONVEME','MONTO_FIJO',90.35,'2024-01-31 15:56:17','2024-02-22 15:56:17',TRUE),
  (680,'2x1 Limitado 680','Promoción especial para clientes CONVEME','PORCENTAJE',20.00,'2024-04-27 14:44:50','2024-05-22 14:44:50',TRUE),
  (681,'Día del Amor 681','Promoción especial para clientes CONVEME','PORCENTAJE',20.00,'2024-05-30 01:19:41','2024-06-14 01:19:41',TRUE),
  (682,'Buen Fin 682','Promoción especial para clientes CONVEME','MONTO_FIJO',74.31,'2021-01-12 19:39:39','2021-01-26 19:39:39',FALSE),
  (683,'Día del Amor 683','Promoción especial para clientes CONVEME','PORCENTAJE',29.00,'2022-01-02 21:35:42','2022-01-25 21:35:42',TRUE),
  (684,'Bazar Universitario 684','Promoción especial para clientes CONVEME','PORCENTAJE',33.00,'2021-10-13 14:00:27','2021-10-17 14:00:27',TRUE),
  (685,'Bazar Universitario 685','Promoción especial para clientes CONVEME','MONTO_FIJO',43.83,'2023-06-01 21:01:14','2023-06-12 21:01:14',TRUE),
  (686,'Martes de Oferta 686','Promoción especial para clientes CONVEME','MONTO_FIJO',43.99,'2021-02-19 15:52:12','2021-03-04 15:52:12',TRUE),
  (687,'Pack Especial 687','Promoción especial para clientes CONVEME','PORCENTAJE',44.00,'2022-07-14 02:19:00','2022-08-01 02:19:00',TRUE),
  (688,'Pack Especial 688','Promoción especial para clientes CONVEME','MONTO_FIJO',51.30,'2020-12-23 03:57:26','2020-12-29 03:57:26',TRUE),
  (689,'Flash Sale 689','Promoción especial para clientes CONVEME','MONTO_FIJO',61.24,'2021-01-25 13:57:55','2021-02-06 13:57:55',FALSE),
  (690,'Flash Sale 690','Promoción especial para clientes CONVEME','PORCENTAJE',9.00,'2022-07-17 06:08:10','2022-08-05 06:08:10',TRUE),
  (691,'Buen Fin 691','Promoción especial para clientes CONVEME','MONTO_FIJO',66.18,'2022-12-26 17:09:31','2023-01-13 17:09:31',TRUE),
  (692,'Martes de Oferta 692','Promoción especial para clientes CONVEME','PORCENTAJE',19.00,'2024-12-26 06:15:00','2025-01-08 06:15:00',FALSE),
  (693,'Bazar Universitario 693','Promoción especial para clientes CONVEME','PORCENTAJE',27.00,'2020-05-22 12:13:03','2020-06-19 12:13:03',TRUE),
  (694,'Martes de Oferta 694','Promoción especial para clientes CONVEME','PORCENTAJE',43.00,'2021-10-03 10:06:10','2021-10-15 10:06:10',TRUE),
  (695,'Día del Amor 695','Promoción especial para clientes CONVEME','PORCENTAJE',9.00,'2025-12-06 06:21:33','2026-01-01 06:21:33',TRUE),
  (696,'Flash Sale 696','Promoción especial para clientes CONVEME','MONTO_FIJO',79.11,'2023-07-11 05:28:58','2023-08-07 05:28:58',TRUE),
  (697,'Regreso a Clases 697','Promoción especial para clientes CONVEME','MONTO_FIJO',35.81,'2022-04-02 22:41:38','2022-04-17 21:41:38',TRUE),
  (698,'Martes de Oferta 698','Promoción especial para clientes CONVEME','MONTO_FIJO',86.86,'2024-01-07 01:05:56','2024-02-05 01:05:56',TRUE),
  (699,'Regreso a Clases 699','Promoción especial para clientes CONVEME','MONTO_FIJO',57.33,'2024-06-28 08:19:20','2024-07-13 08:19:20',TRUE),
  (700,'Bazar Universitario 700','Promoción especial para clientes CONVEME','MONTO_FIJO',67.99,'2024-06-19 11:18:24','2024-07-06 11:18:24',TRUE);
INSERT IGNORE INTO `promociones` (`id_promocion`, `nombre`, `descripcion`, `tipo_promocion`, `valor_descuento`, `fecha_inicio`, `fecha_fin`, `activa`) VALUES
  (701,'Liquidación Temporada 701','Promoción especial para clientes CONVEME','PORCENTAJE',26.00,'2021-05-22 21:24:28','2021-05-25 21:24:28',TRUE),
  (702,'Día del Amor 702','Promoción especial para clientes CONVEME','PORCENTAJE',6.00,'2024-01-03 15:29:57','2024-01-31 15:29:57',TRUE),
  (703,'Flash Sale 703','Promoción especial para clientes CONVEME','MONTO_FIJO',74.75,'2024-01-14 15:06:12','2024-01-22 15:06:12',TRUE),
  (704,'Descuento Estudiantil 704','Promoción especial para clientes CONVEME','PORCENTAJE',48.00,'2022-10-07 11:02:05','2022-11-04 12:02:05',TRUE),
  (705,'Regreso a Clases 705','Promoción especial para clientes CONVEME','PORCENTAJE',48.00,'2020-10-07 18:12:09','2020-10-20 18:12:09',TRUE),
  (706,'Regreso a Clases 706','Promoción especial para clientes CONVEME','PORCENTAJE',49.00,'2025-12-15 08:34:57','2026-01-04 08:34:57',FALSE),
  (707,'Bazar Universitario 707','Promoción especial para clientes CONVEME','PORCENTAJE',9.00,'2022-04-04 18:23:35','2022-04-27 18:23:35',TRUE),
  (708,'Liquidación Temporada 708','Promoción especial para clientes CONVEME','MONTO_FIJO',61.34,'2020-09-25 04:45:07','2020-09-29 04:45:07',TRUE),
  (709,'Flash Sale 709','Promoción especial para clientes CONVEME','PORCENTAJE',26.00,'2022-05-05 23:59:13','2022-05-30 23:59:13',TRUE),
  (710,'Regreso a Clases 710','Promoción especial para clientes CONVEME','PORCENTAJE',43.00,'2025-02-09 08:53:33','2025-03-11 08:53:33',FALSE),
  (711,'Liquidación Temporada 711','Promoción especial para clientes CONVEME','MONTO_FIJO',92.97,'2025-08-06 06:00:06','2025-09-03 06:00:06',TRUE),
  (712,'Regreso a Clases 712','Promoción especial para clientes CONVEME','PORCENTAJE',48.00,'2021-09-13 02:55:31','2021-10-12 02:55:31',FALSE),
  (713,'Pack Especial 713','Promoción especial para clientes CONVEME','MONTO_FIJO',36.24,'2024-03-10 16:28:07','2024-03-18 16:28:07',FALSE),
  (714,'Fidelidad CONVEME 714','Promoción especial para clientes CONVEME','MONTO_FIJO',20.64,'2022-07-31 19:05:46','2022-08-24 19:05:46',TRUE),
  (715,'Martes de Oferta 715','Promoción especial para clientes CONVEME','MONTO_FIJO',98.41,'2024-01-28 04:50:35','2024-02-10 04:50:35',TRUE),
  (716,'Martes de Oferta 716','Promoción especial para clientes CONVEME','PORCENTAJE',19.00,'2021-01-19 10:30:42','2021-02-12 10:30:42',FALSE),
  (717,'Pack Especial 717','Promoción especial para clientes CONVEME','PORCENTAJE',14.00,'2024-01-04 00:23:22','2024-01-16 00:23:22',TRUE),
  (718,'Flash Sale 718','Promoción especial para clientes CONVEME','MONTO_FIJO',26.09,'2025-07-26 23:20:36','2025-07-29 23:20:36',TRUE),
  (719,'Día del Amor 719','Promoción especial para clientes CONVEME','MONTO_FIJO',49.94,'2020-06-22 02:25:12','2020-07-16 02:25:12',FALSE),
  (720,'Día del Amor 720','Promoción especial para clientes CONVEME','MONTO_FIJO',98.95,'2024-08-21 21:34:06','2024-08-26 21:34:06',FALSE),
  (721,'Bazar Universitario 721','Promoción especial para clientes CONVEME','MONTO_FIJO',88.56,'2022-12-29 18:15:31','2023-01-15 18:15:31',TRUE),
  (722,'Promo Fin de Semana 722','Promoción especial para clientes CONVEME','MONTO_FIJO',59.59,'2020-12-17 05:07:34','2021-01-12 05:07:34',TRUE),
  (723,'Liquidación Temporada 723','Promoción especial para clientes CONVEME','MONTO_FIJO',20.33,'2023-11-28 10:48:27','2023-12-24 10:48:27',TRUE),
  (724,'Pack Especial 724','Promoción especial para clientes CONVEME','MONTO_FIJO',37.63,'2022-07-27 00:21:45','2022-08-25 00:21:45',TRUE),
  (725,'2x1 Limitado 725','Promoción especial para clientes CONVEME','PORCENTAJE',23.00,'2024-02-07 15:35:19','2024-02-27 15:35:19',TRUE),
  (726,'2x1 Limitado 726','Promoción especial para clientes CONVEME','MONTO_FIJO',20.46,'2024-04-19 23:38:19','2024-05-07 23:38:19',TRUE),
  (727,'2x1 Limitado 727','Promoción especial para clientes CONVEME','MONTO_FIJO',98.67,'2025-10-07 09:08:18','2025-10-16 09:08:18',TRUE),
  (728,'Día del Amor 728','Promoción especial para clientes CONVEME','MONTO_FIJO',51.70,'2020-05-06 16:58:46','2020-05-16 16:58:46',TRUE),
  (729,'Promo Fin de Semana 729','Promoción especial para clientes CONVEME','PORCENTAJE',23.00,'2024-09-02 16:37:41','2024-09-11 16:37:41',TRUE),
  (730,'Bazar Universitario 730','Promoción especial para clientes CONVEME','MONTO_FIJO',16.01,'2024-02-21 12:38:08','2024-02-26 12:38:08',TRUE),
  (731,'Liquidación Temporada 731','Promoción especial para clientes CONVEME','MONTO_FIJO',17.58,'2024-01-11 04:35:10','2024-01-18 04:35:10',TRUE),
  (732,'Martes de Oferta 732','Promoción especial para clientes CONVEME','PORCENTAJE',10.00,'2025-06-07 09:26:00','2025-07-05 09:26:00',TRUE),
  (733,'Bazar Universitario 733','Promoción especial para clientes CONVEME','PORCENTAJE',12.00,'2021-06-06 10:35:49','2021-06-22 10:35:49',TRUE),
  (734,'Liquidación Temporada 734','Promoción especial para clientes CONVEME','MONTO_FIJO',71.65,'2025-10-04 21:47:31','2025-10-24 21:47:31',TRUE),
  (735,'Pack Especial 735','Promoción especial para clientes CONVEME','MONTO_FIJO',68.45,'2023-12-12 19:51:03','2023-12-16 19:51:03',FALSE),
  (736,'Flash Sale 736','Promoción especial para clientes CONVEME','PORCENTAJE',44.00,'2025-02-21 12:16:33','2025-03-13 12:16:33',FALSE),
  (737,'Descuento Estudiantil 737','Promoción especial para clientes CONVEME','MONTO_FIJO',34.61,'2021-11-13 04:25:17','2021-12-03 04:25:17',TRUE),
  (738,'2x1 Limitado 738','Promoción especial para clientes CONVEME','PORCENTAJE',48.00,'2020-04-07 12:33:48','2020-05-04 12:33:48',TRUE),
  (739,'Liquidación Temporada 739','Promoción especial para clientes CONVEME','MONTO_FIJO',64.89,'2021-02-17 07:08:34','2021-03-12 07:08:34',FALSE),
  (740,'Promo Fin de Semana 740','Promoción especial para clientes CONVEME','MONTO_FIJO',48.48,'2021-12-06 11:42:18','2021-12-23 11:42:18',FALSE),
  (741,'Bazar Universitario 741','Promoción especial para clientes CONVEME','MONTO_FIJO',52.50,'2025-12-31 01:57:59','2026-01-18 01:57:59',TRUE),
  (742,'Pack Especial 742','Promoción especial para clientes CONVEME','PORCENTAJE',44.00,'2023-01-24 00:32:37','2023-02-01 00:32:37',FALSE),
  (743,'Fidelidad CONVEME 743','Promoción especial para clientes CONVEME','PORCENTAJE',22.00,'2020-12-21 00:39:59','2021-01-07 00:39:59',FALSE),
  (744,'Pack Especial 744','Promoción especial para clientes CONVEME','MONTO_FIJO',77.99,'2024-01-20 03:10:33','2024-02-17 03:10:33',TRUE),
  (745,'Descuento Estudiantil 745','Promoción especial para clientes CONVEME','MONTO_FIJO',91.02,'2020-06-28 05:46:20','2020-07-05 05:46:20',FALSE),
  (746,'2x1 Limitado 746','Promoción especial para clientes CONVEME','PORCENTAJE',43.00,'2025-09-14 16:19:32','2025-09-28 16:19:32',TRUE),
  (747,'Liquidación Temporada 747','Promoción especial para clientes CONVEME','MONTO_FIJO',97.31,'2022-06-20 03:36:19','2022-07-01 03:36:19',TRUE),
  (748,'Flash Sale 748','Promoción especial para clientes CONVEME','PORCENTAJE',46.00,'2021-08-07 11:30:32','2021-08-20 11:30:32',TRUE),
  (749,'Liquidación Temporada 749','Promoción especial para clientes CONVEME','MONTO_FIJO',62.11,'2021-02-26 17:17:15','2021-03-07 17:17:15',TRUE),
  (750,'Día del Amor 750','Promoción especial para clientes CONVEME','MONTO_FIJO',57.56,'2023-02-11 04:51:36','2023-03-03 04:51:36',TRUE),
  (751,'Promo Fin de Semana 751','Promoción especial para clientes CONVEME','PORCENTAJE',23.00,'2020-05-30 17:36:24','2020-06-06 17:36:24',TRUE),
  (752,'Regreso a Clases 752','Promoción especial para clientes CONVEME','MONTO_FIJO',70.03,'2025-11-29 01:29:59','2025-12-03 01:29:59',FALSE),
  (753,'Descuento Estudiantil 753','Promoción especial para clientes CONVEME','MONTO_FIJO',32.13,'2025-11-06 11:36:13','2025-11-24 11:36:13',TRUE),
  (754,'Buen Fin 754','Promoción especial para clientes CONVEME','MONTO_FIJO',82.18,'2020-03-05 23:18:54','2020-03-30 23:18:54',TRUE),
  (755,'Descuento Estudiantil 755','Promoción especial para clientes CONVEME','MONTO_FIJO',49.66,'2025-12-17 22:45:55','2026-01-16 22:45:55',TRUE),
  (756,'Día del Amor 756','Promoción especial para clientes CONVEME','PORCENTAJE',12.00,'2022-05-11 15:01:43','2022-05-28 15:01:43',TRUE),
  (757,'Liquidación Temporada 757','Promoción especial para clientes CONVEME','MONTO_FIJO',54.29,'2021-09-15 06:41:24','2021-10-02 06:41:24',TRUE),
  (758,'Bazar Universitario 758','Promoción especial para clientes CONVEME','MONTO_FIJO',41.16,'2023-09-22 17:26:05','2023-09-26 17:26:05',TRUE),
  (759,'Liquidación Temporada 759','Promoción especial para clientes CONVEME','PORCENTAJE',34.00,'2021-08-01 04:06:30','2021-08-27 04:06:30',TRUE),
  (760,'Fidelidad CONVEME 760','Promoción especial para clientes CONVEME','MONTO_FIJO',16.43,'2022-07-03 06:40:10','2022-07-21 06:40:10',TRUE),
  (761,'Día del Amor 761','Promoción especial para clientes CONVEME','PORCENTAJE',14.00,'2022-10-11 11:07:38','2022-11-01 12:07:38',TRUE),
  (762,'Pack Especial 762','Promoción especial para clientes CONVEME','MONTO_FIJO',23.06,'2025-11-15 16:24:00','2025-12-09 16:24:00',FALSE),
  (763,'Bazar Universitario 763','Promoción especial para clientes CONVEME','MONTO_FIJO',75.84,'2024-05-08 00:34:44','2024-05-14 00:34:44',FALSE),
  (764,'Fidelidad CONVEME 764','Promoción especial para clientes CONVEME','MONTO_FIJO',79.54,'2023-08-20 01:47:58','2023-09-11 01:47:58',TRUE),
  (765,'Promo Fin de Semana 765','Promoción especial para clientes CONVEME','PORCENTAJE',22.00,'2024-01-13 18:20:34','2024-01-17 18:20:34',TRUE),
  (766,'Descuento Estudiantil 766','Promoción especial para clientes CONVEME','PORCENTAJE',39.00,'2020-10-02 02:11:14','2020-10-28 03:11:14',TRUE),
  (767,'Promo Fin de Semana 767','Promoción especial para clientes CONVEME','MONTO_FIJO',29.37,'2023-08-30 08:31:18','2023-09-18 08:31:18',TRUE),
  (768,'Martes de Oferta 768','Promoción especial para clientes CONVEME','PORCENTAJE',18.00,'2025-09-04 01:12:30','2025-09-28 01:12:30',TRUE),
  (769,'2x1 Limitado 769','Promoción especial para clientes CONVEME','MONTO_FIJO',18.88,'2021-09-30 23:20:38','2021-10-12 23:20:38',FALSE),
  (770,'2x1 Limitado 770','Promoción especial para clientes CONVEME','MONTO_FIJO',46.53,'2024-08-04 05:25:36','2024-08-08 05:25:36',TRUE),
  (771,'Pack Especial 771','Promoción especial para clientes CONVEME','PORCENTAJE',24.00,'2021-04-15 03:39:58','2021-04-22 03:39:58',TRUE),
  (772,'Fidelidad CONVEME 772','Promoción especial para clientes CONVEME','MONTO_FIJO',17.43,'2021-06-24 16:12:28','2021-07-21 16:12:28',TRUE),
  (773,'Día del Amor 773','Promoción especial para clientes CONVEME','MONTO_FIJO',11.52,'2022-03-29 13:57:13','2022-04-27 12:57:13',TRUE),
  (774,'Buen Fin 774','Promoción especial para clientes CONVEME','PORCENTAJE',45.00,'2021-03-17 19:45:50','2021-03-23 19:45:50',TRUE),
  (775,'2x1 Limitado 775','Promoción especial para clientes CONVEME','MONTO_FIJO',80.50,'2023-10-26 09:36:42','2023-11-13 09:36:42',TRUE),
  (776,'Buen Fin 776','Promoción especial para clientes CONVEME','MONTO_FIJO',54.30,'2020-06-22 18:14:27','2020-07-11 18:14:27',FALSE),
  (777,'Regreso a Clases 777','Promoción especial para clientes CONVEME','PORCENTAJE',5.00,'2021-01-05 08:32:37','2021-01-22 08:32:37',TRUE),
  (778,'Flash Sale 778','Promoción especial para clientes CONVEME','MONTO_FIJO',35.61,'2024-11-04 22:43:02','2024-11-27 22:43:02',TRUE),
  (779,'Buen Fin 779','Promoción especial para clientes CONVEME','MONTO_FIJO',47.22,'2023-06-25 20:48:40','2023-07-18 20:48:40',FALSE),
  (780,'Buen Fin 780','Promoción especial para clientes CONVEME','MONTO_FIJO',30.94,'2021-09-16 18:59:30','2021-10-06 18:59:30',TRUE),
  (781,'Martes de Oferta 781','Promoción especial para clientes CONVEME','PORCENTAJE',15.00,'2024-04-02 20:16:10','2024-04-28 20:16:10',TRUE),
  (782,'Flash Sale 782','Promoción especial para clientes CONVEME','MONTO_FIJO',54.64,'2020-05-25 07:02:16','2020-05-29 07:02:16',TRUE),
  (783,'Bazar Universitario 783','Promoción especial para clientes CONVEME','MONTO_FIJO',15.71,'2021-05-02 20:03:23','2021-05-06 20:03:23',TRUE),
  (784,'2x1 Limitado 784','Promoción especial para clientes CONVEME','MONTO_FIJO',56.54,'2020-04-05 16:59:38','2020-04-28 16:59:38',TRUE),
  (785,'Promo Fin de Semana 785','Promoción especial para clientes CONVEME','PORCENTAJE',20.00,'2022-09-18 19:48:19','2022-09-21 19:48:19',FALSE),
  (786,'Día del Amor 786','Promoción especial para clientes CONVEME','MONTO_FIJO',62.19,'2021-01-01 22:34:11','2021-01-22 22:34:11',FALSE),
  (787,'Bazar Universitario 787','Promoción especial para clientes CONVEME','PORCENTAJE',20.00,'2020-10-28 18:27:42','2020-11-13 18:27:42',FALSE),
  (788,'Fidelidad CONVEME 788','Promoción especial para clientes CONVEME','PORCENTAJE',8.00,'2023-01-07 02:44:28','2023-01-29 02:44:28',TRUE),
  (789,'Regreso a Clases 789','Promoción especial para clientes CONVEME','PORCENTAJE',18.00,'2025-12-18 16:34:36','2026-01-12 16:34:36',FALSE),
  (790,'Descuento Estudiantil 790','Promoción especial para clientes CONVEME','MONTO_FIJO',91.62,'2021-01-11 12:36:30','2021-01-26 12:36:30',TRUE),
  (791,'Martes de Oferta 791','Promoción especial para clientes CONVEME','PORCENTAJE',15.00,'2021-09-26 21:56:56','2021-10-08 21:56:56',TRUE),
  (792,'Martes de Oferta 792','Promoción especial para clientes CONVEME','MONTO_FIJO',93.42,'2025-11-02 22:17:43','2025-11-09 22:17:43',TRUE),
  (793,'Promo Fin de Semana 793','Promoción especial para clientes CONVEME','PORCENTAJE',12.00,'2025-01-07 18:29:48','2025-01-26 18:29:48',TRUE),
  (794,'Descuento Estudiantil 794','Promoción especial para clientes CONVEME','MONTO_FIJO',21.45,'2024-05-28 20:45:36','2024-06-03 20:45:36',TRUE),
  (795,'Descuento Estudiantil 795','Promoción especial para clientes CONVEME','MONTO_FIJO',11.26,'2020-07-04 20:13:49','2020-07-09 20:13:49',TRUE),
  (796,'Bazar Universitario 796','Promoción especial para clientes CONVEME','MONTO_FIJO',17.10,'2024-02-06 11:23:50','2024-02-15 11:23:50',TRUE),
  (797,'Liquidación Temporada 797','Promoción especial para clientes CONVEME','MONTO_FIJO',51.24,'2021-05-07 14:11:59','2021-05-15 14:11:59',FALSE),
  (798,'Pack Especial 798','Promoción especial para clientes CONVEME','MONTO_FIJO',95.50,'2022-05-12 00:18:06','2022-05-16 00:18:06',TRUE),
  (799,'Día del Amor 799','Promoción especial para clientes CONVEME','MONTO_FIJO',43.21,'2022-11-30 22:17:44','2022-12-22 22:17:44',FALSE),
  (800,'Día del Amor 800','Promoción especial para clientes CONVEME','PORCENTAJE',45.00,'2020-08-02 00:04:29','2020-08-23 00:04:29',TRUE);
INSERT IGNORE INTO `promociones` (`id_promocion`, `nombre`, `descripcion`, `tipo_promocion`, `valor_descuento`, `fecha_inicio`, `fecha_fin`, `activa`) VALUES
  (801,'Regreso a Clases 801','Promoción especial para clientes CONVEME','PORCENTAJE',36.00,'2020-03-30 01:46:31','2020-04-22 00:46:31',TRUE),
  (802,'Pack Especial 802','Promoción especial para clientes CONVEME','PORCENTAJE',38.00,'2022-07-01 18:02:24','2022-07-05 18:02:24',TRUE),
  (803,'Regreso a Clases 803','Promoción especial para clientes CONVEME','MONTO_FIJO',90.56,'2021-02-23 18:23:35','2021-02-28 18:23:35',FALSE),
  (804,'Promo Fin de Semana 804','Promoción especial para clientes CONVEME','MONTO_FIJO',40.53,'2024-10-14 15:45:10','2024-10-26 15:45:10',TRUE),
  (805,'Flash Sale 805','Promoción especial para clientes CONVEME','PORCENTAJE',18.00,'2024-08-01 16:00:12','2024-08-24 16:00:12',TRUE),
  (806,'Liquidación Temporada 806','Promoción especial para clientes CONVEME','MONTO_FIJO',90.76,'2021-04-19 12:40:13','2021-04-22 12:40:13',TRUE),
  (807,'Flash Sale 807','Promoción especial para clientes CONVEME','PORCENTAJE',46.00,'2025-03-31 12:31:02','2025-04-09 12:31:02',FALSE),
  (808,'Buen Fin 808','Promoción especial para clientes CONVEME','PORCENTAJE',10.00,'2025-07-24 20:51:47','2025-07-29 20:51:47',TRUE),
  (809,'Descuento Estudiantil 809','Promoción especial para clientes CONVEME','PORCENTAJE',38.00,'2022-12-19 10:05:14','2023-01-11 10:05:14',TRUE),
  (810,'Promo Fin de Semana 810','Promoción especial para clientes CONVEME','PORCENTAJE',10.00,'2021-12-10 19:38:15','2021-12-25 19:38:15',TRUE),
  (811,'Flash Sale 811','Promoción especial para clientes CONVEME','MONTO_FIJO',53.54,'2022-12-02 05:23:26','2023-01-01 05:23:26',TRUE),
  (812,'Martes de Oferta 812','Promoción especial para clientes CONVEME','MONTO_FIJO',49.87,'2021-03-02 04:57:08','2021-03-22 04:57:08',TRUE),
  (813,'Liquidación Temporada 813','Promoción especial para clientes CONVEME','MONTO_FIJO',22.79,'2020-03-11 23:53:25','2020-03-21 23:53:25',FALSE),
  (814,'Día del Amor 814','Promoción especial para clientes CONVEME','MONTO_FIJO',46.07,'2025-07-18 22:29:37','2025-08-02 22:29:37',TRUE),
  (815,'Pack Especial 815','Promoción especial para clientes CONVEME','PORCENTAJE',5.00,'2023-09-23 23:56:56','2023-10-22 23:56:56',TRUE),
  (816,'Día del Amor 816','Promoción especial para clientes CONVEME','PORCENTAJE',42.00,'2022-08-29 15:17:35','2022-09-28 15:17:35',TRUE),
  (817,'Buen Fin 817','Promoción especial para clientes CONVEME','PORCENTAJE',8.00,'2020-03-03 14:40:04','2020-03-24 14:40:04',TRUE),
  (818,'Fidelidad CONVEME 818','Promoción especial para clientes CONVEME','PORCENTAJE',44.00,'2025-10-03 06:45:29','2025-10-06 06:45:29',TRUE),
  (819,'Promo Fin de Semana 819','Promoción especial para clientes CONVEME','MONTO_FIJO',80.40,'2025-09-01 05:19:36','2025-10-01 05:19:36',TRUE),
  (820,'Buen Fin 820','Promoción especial para clientes CONVEME','MONTO_FIJO',49.81,'2024-09-13 05:59:30','2024-09-25 05:59:30',FALSE),
  (821,'Buen Fin 821','Promoción especial para clientes CONVEME','MONTO_FIJO',67.13,'2021-02-23 22:18:10','2021-03-22 22:18:10',TRUE),
  (822,'Martes de Oferta 822','Promoción especial para clientes CONVEME','PORCENTAJE',24.00,'2024-09-19 00:16:37','2024-10-12 00:16:37',TRUE),
  (823,'2x1 Limitado 823','Promoción especial para clientes CONVEME','MONTO_FIJO',21.29,'2024-02-04 15:20:22','2024-02-23 15:20:22',TRUE),
  (824,'Día del Amor 824','Promoción especial para clientes CONVEME','PORCENTAJE',33.00,'2021-09-14 09:35:56','2021-10-12 09:35:56',TRUE),
  (825,'Pack Especial 825','Promoción especial para clientes CONVEME','PORCENTAJE',49.00,'2023-05-11 21:02:27','2023-05-14 21:02:27',TRUE),
  (826,'Liquidación Temporada 826','Promoción especial para clientes CONVEME','MONTO_FIJO',37.09,'2022-06-06 04:04:58','2022-06-22 04:04:58',TRUE),
  (827,'Bazar Universitario 827','Promoción especial para clientes CONVEME','MONTO_FIJO',75.45,'2021-01-18 09:28:12','2021-01-23 09:28:12',TRUE),
  (828,'Fidelidad CONVEME 828','Promoción especial para clientes CONVEME','PORCENTAJE',41.00,'2021-05-14 07:13:07','2021-05-22 07:13:07',TRUE),
  (829,'2x1 Limitado 829','Promoción especial para clientes CONVEME','MONTO_FIJO',12.84,'2025-01-04 09:43:22','2025-01-26 09:43:22',TRUE),
  (830,'Fidelidad CONVEME 830','Promoción especial para clientes CONVEME','PORCENTAJE',14.00,'2021-06-17 05:45:10','2021-07-16 05:45:10',TRUE),
  (831,'Buen Fin 831','Promoción especial para clientes CONVEME','MONTO_FIJO',38.16,'2022-12-12 00:21:07','2022-12-31 00:21:07',TRUE),
  (832,'Bazar Universitario 832','Promoción especial para clientes CONVEME','MONTO_FIJO',56.85,'2025-08-04 01:07:01','2025-08-30 01:07:01',FALSE),
  (833,'Regreso a Clases 833','Promoción especial para clientes CONVEME','MONTO_FIJO',63.32,'2024-09-05 04:31:13','2024-09-10 04:31:13',FALSE),
  (834,'Liquidación Temporada 834','Promoción especial para clientes CONVEME','PORCENTAJE',29.00,'2023-01-19 03:16:12','2023-02-17 03:16:12',TRUE),
  (835,'Buen Fin 835','Promoción especial para clientes CONVEME','MONTO_FIJO',66.47,'2020-08-22 07:45:12','2020-09-19 07:45:12',TRUE),
  (836,'2x1 Limitado 836','Promoción especial para clientes CONVEME','PORCENTAJE',16.00,'2020-10-06 01:49:55','2020-10-21 01:49:55',TRUE),
  (837,'Fidelidad CONVEME 837','Promoción especial para clientes CONVEME','PORCENTAJE',37.00,'2024-01-19 06:10:12','2024-02-18 06:10:12',FALSE),
  (838,'Liquidación Temporada 838','Promoción especial para clientes CONVEME','MONTO_FIJO',23.87,'2020-08-01 15:22:49','2020-08-16 15:22:49',TRUE),
  (839,'Flash Sale 839','Promoción especial para clientes CONVEME','MONTO_FIJO',75.71,'2023-11-15 07:03:47','2023-11-20 07:03:47',TRUE),
  (840,'2x1 Limitado 840','Promoción especial para clientes CONVEME','PORCENTAJE',43.00,'2025-05-31 01:47:02','2025-06-25 01:47:02',TRUE),
  (841,'Descuento Estudiantil 841','Promoción especial para clientes CONVEME','PORCENTAJE',22.00,'2025-01-19 13:42:29','2025-02-05 13:42:29',FALSE),
  (842,'2x1 Limitado 842','Promoción especial para clientes CONVEME','PORCENTAJE',17.00,'2020-06-08 06:27:15','2020-06-25 06:27:15',TRUE),
  (843,'Regreso a Clases 843','Promoción especial para clientes CONVEME','MONTO_FIJO',64.13,'2024-01-28 20:16:23','2024-02-22 20:16:23',FALSE),
  (844,'2x1 Limitado 844','Promoción especial para clientes CONVEME','MONTO_FIJO',90.32,'2021-04-02 07:22:58','2021-04-20 06:22:58',FALSE),
  (845,'Fidelidad CONVEME 845','Promoción especial para clientes CONVEME','MONTO_FIJO',62.87,'2021-05-14 12:42:15','2021-06-09 12:42:15',FALSE),
  (846,'Día del Amor 846','Promoción especial para clientes CONVEME','MONTO_FIJO',83.10,'2024-03-10 13:50:40','2024-03-16 13:50:40',TRUE),
  (847,'Flash Sale 847','Promoción especial para clientes CONVEME','PORCENTAJE',7.00,'2023-07-31 13:27:50','2023-08-22 13:27:50',FALSE),
  (848,'Promo Fin de Semana 848','Promoción especial para clientes CONVEME','MONTO_FIJO',16.47,'2025-07-30 09:38:20','2025-08-03 09:38:20',TRUE),
  (849,'Bazar Universitario 849','Promoción especial para clientes CONVEME','PORCENTAJE',31.00,'2020-04-18 09:59:45','2020-05-02 09:59:45',TRUE),
  (850,'Descuento Estudiantil 850','Promoción especial para clientes CONVEME','MONTO_FIJO',88.22,'2020-03-31 21:44:48','2020-04-19 20:44:48',TRUE),
  (851,'Martes de Oferta 851','Promoción especial para clientes CONVEME','MONTO_FIJO',11.32,'2023-03-02 08:47:22','2023-03-19 08:47:22',FALSE),
  (852,'Flash Sale 852','Promoción especial para clientes CONVEME','PORCENTAJE',49.00,'2023-01-26 13:16:22','2023-02-13 13:16:22',TRUE),
  (853,'Regreso a Clases 853','Promoción especial para clientes CONVEME','PORCENTAJE',31.00,'2023-01-09 18:55:25','2023-01-22 18:55:25',FALSE),
  (854,'Pack Especial 854','Promoción especial para clientes CONVEME','MONTO_FIJO',81.74,'2020-10-15 13:33:27','2020-11-14 14:33:27',FALSE),
  (855,'Liquidación Temporada 855','Promoción especial para clientes CONVEME','PORCENTAJE',49.00,'2022-01-06 02:57:36','2022-01-28 02:57:36',TRUE),
  (856,'Fidelidad CONVEME 856','Promoción especial para clientes CONVEME','MONTO_FIJO',97.33,'2020-12-09 04:19:22','2021-01-01 04:19:22',TRUE),
  (857,'Martes de Oferta 857','Promoción especial para clientes CONVEME','PORCENTAJE',33.00,'2023-03-31 19:03:52','2023-04-12 19:03:52',TRUE),
  (858,'Liquidación Temporada 858','Promoción especial para clientes CONVEME','MONTO_FIJO',28.42,'2024-02-16 10:44:06','2024-02-29 10:44:06',TRUE),
  (859,'Promo Fin de Semana 859','Promoción especial para clientes CONVEME','MONTO_FIJO',92.54,'2024-01-09 04:13:40','2024-01-23 04:13:40',FALSE),
  (860,'Pack Especial 860','Promoción especial para clientes CONVEME','PORCENTAJE',45.00,'2023-06-20 00:15:22','2023-07-07 00:15:22',FALSE),
  (861,'Flash Sale 861','Promoción especial para clientes CONVEME','PORCENTAJE',49.00,'2024-03-02 10:27:58','2024-03-19 10:27:58',TRUE),
  (862,'2x1 Limitado 862','Promoción especial para clientes CONVEME','PORCENTAJE',38.00,'2022-06-06 02:09:28','2022-06-24 02:09:28',TRUE),
  (863,'Pack Especial 863','Promoción especial para clientes CONVEME','MONTO_FIJO',54.91,'2020-06-27 19:52:14','2020-07-20 19:52:14',FALSE),
  (864,'Promo Fin de Semana 864','Promoción especial para clientes CONVEME','MONTO_FIJO',41.59,'2021-11-30 14:34:38','2021-12-07 14:34:38',TRUE),
  (865,'Liquidación Temporada 865','Promoción especial para clientes CONVEME','MONTO_FIJO',61.44,'2025-11-20 18:22:59','2025-11-25 18:22:59',FALSE),
  (866,'Buen Fin 866','Promoción especial para clientes CONVEME','MONTO_FIJO',65.91,'2024-10-23 03:59:02','2024-10-31 03:59:02',TRUE),
  (867,'Fidelidad CONVEME 867','Promoción especial para clientes CONVEME','PORCENTAJE',27.00,'2021-03-09 18:10:35','2021-03-17 18:10:35',TRUE),
  (868,'Bazar Universitario 868','Promoción especial para clientes CONVEME','PORCENTAJE',10.00,'2023-10-25 07:56:16','2023-11-21 07:56:16',FALSE),
  (869,'Liquidación Temporada 869','Promoción especial para clientes CONVEME','MONTO_FIJO',98.15,'2025-02-25 00:30:30','2025-03-26 00:30:30',TRUE),
  (870,'Día del Amor 870','Promoción especial para clientes CONVEME','PORCENTAJE',12.00,'2023-10-26 10:00:38','2023-11-03 10:00:38',TRUE),
  (871,'2x1 Limitado 871','Promoción especial para clientes CONVEME','MONTO_FIJO',59.80,'2025-10-20 08:55:42','2025-11-14 08:55:42',TRUE),
  (872,'Día del Amor 872','Promoción especial para clientes CONVEME','MONTO_FIJO',18.53,'2025-08-14 17:44:45','2025-08-26 17:44:45',TRUE),
  (873,'2x1 Limitado 873','Promoción especial para clientes CONVEME','PORCENTAJE',31.00,'2021-06-24 16:42:38','2021-07-18 16:42:38',TRUE),
  (874,'Día del Amor 874','Promoción especial para clientes CONVEME','PORCENTAJE',45.00,'2025-04-06 00:32:02','2025-04-13 00:32:02',TRUE),
  (875,'Bazar Universitario 875','Promoción especial para clientes CONVEME','MONTO_FIJO',49.39,'2025-10-02 02:23:18','2025-11-01 02:23:18',TRUE),
  (876,'Pack Especial 876','Promoción especial para clientes CONVEME','MONTO_FIJO',27.74,'2024-09-30 10:16:31','2024-10-03 10:16:31',TRUE),
  (877,'Flash Sale 877','Promoción especial para clientes CONVEME','PORCENTAJE',7.00,'2023-09-01 13:15:57','2023-09-08 13:15:57',TRUE),
  (878,'Descuento Estudiantil 878','Promoción especial para clientes CONVEME','PORCENTAJE',30.00,'2021-06-15 09:42:28','2021-07-07 09:42:28',TRUE),
  (879,'Buen Fin 879','Promoción especial para clientes CONVEME','MONTO_FIJO',37.60,'2024-05-16 14:46:52','2024-05-29 14:46:52',TRUE),
  (880,'Pack Especial 880','Promoción especial para clientes CONVEME','PORCENTAJE',8.00,'2022-12-27 07:16:27','2023-01-09 07:16:27',FALSE),
  (881,'Regreso a Clases 881','Promoción especial para clientes CONVEME','PORCENTAJE',18.00,'2020-09-02 13:35:40','2020-09-22 13:35:40',TRUE),
  (882,'Bazar Universitario 882','Promoción especial para clientes CONVEME','MONTO_FIJO',17.33,'2021-10-17 11:24:10','2021-11-01 12:24:10',TRUE),
  (883,'Liquidación Temporada 883','Promoción especial para clientes CONVEME','MONTO_FIJO',56.46,'2021-06-29 00:16:49','2021-07-08 00:16:49',TRUE),
  (884,'Regreso a Clases 884','Promoción especial para clientes CONVEME','PORCENTAJE',31.00,'2021-04-13 07:04:35','2021-05-04 07:04:35',TRUE),
  (885,'Día del Amor 885','Promoción especial para clientes CONVEME','PORCENTAJE',23.00,'2024-11-09 19:29:37','2024-11-18 19:29:37',TRUE),
  (886,'Descuento Estudiantil 886','Promoción especial para clientes CONVEME','PORCENTAJE',11.00,'2020-09-30 07:34:01','2020-10-23 07:34:01',FALSE),
  (887,'Regreso a Clases 887','Promoción especial para clientes CONVEME','MONTO_FIJO',68.55,'2022-05-11 21:29:25','2022-05-15 21:29:25',TRUE),
  (888,'Descuento Estudiantil 888','Promoción especial para clientes CONVEME','MONTO_FIJO',17.02,'2023-11-22 12:12:31','2023-12-21 12:12:31',TRUE),
  (889,'Bazar Universitario 889','Promoción especial para clientes CONVEME','MONTO_FIJO',38.61,'2025-08-21 06:52:19','2025-08-26 06:52:19',TRUE),
  (890,'2x1 Limitado 890','Promoción especial para clientes CONVEME','PORCENTAJE',33.00,'2023-03-12 07:05:03','2023-04-01 07:05:03',TRUE),
  (891,'Martes de Oferta 891','Promoción especial para clientes CONVEME','PORCENTAJE',45.00,'2022-12-23 10:25:59','2023-01-09 10:25:59',TRUE),
  (892,'Martes de Oferta 892','Promoción especial para clientes CONVEME','PORCENTAJE',33.00,'2021-12-06 19:30:06','2021-12-17 19:30:06',TRUE),
  (893,'Descuento Estudiantil 893','Promoción especial para clientes CONVEME','PORCENTAJE',23.00,'2021-06-17 15:59:06','2021-07-13 15:59:06',TRUE),
  (894,'Liquidación Temporada 894','Promoción especial para clientes CONVEME','PORCENTAJE',48.00,'2025-02-21 15:08:01','2025-02-26 15:08:01',FALSE),
  (895,'Buen Fin 895','Promoción especial para clientes CONVEME','PORCENTAJE',33.00,'2025-10-12 08:01:52','2025-11-04 08:01:52',FALSE),
  (896,'Regreso a Clases 896','Promoción especial para clientes CONVEME','PORCENTAJE',40.00,'2022-04-11 20:41:52','2022-05-02 20:41:52',TRUE),
  (897,'Liquidación Temporada 897','Promoción especial para clientes CONVEME','PORCENTAJE',35.00,'2022-03-15 00:10:07','2022-04-03 23:10:07',FALSE),
  (898,'Día del Amor 898','Promoción especial para clientes CONVEME','MONTO_FIJO',21.65,'2021-11-05 09:02:57','2021-11-19 09:02:57',TRUE),
  (899,'Bazar Universitario 899','Promoción especial para clientes CONVEME','PORCENTAJE',30.00,'2025-09-16 18:05:31','2025-10-09 18:05:31',TRUE),
  (900,'Flash Sale 900','Promoción especial para clientes CONVEME','MONTO_FIJO',55.53,'2025-11-06 13:33:45','2025-11-24 13:33:45',TRUE);
INSERT IGNORE INTO `promociones` (`id_promocion`, `nombre`, `descripcion`, `tipo_promocion`, `valor_descuento`, `fecha_inicio`, `fecha_fin`, `activa`) VALUES
  (901,'2x1 Limitado 901','Promoción especial para clientes CONVEME','MONTO_FIJO',12.84,'2021-11-29 09:04:24','2021-12-08 09:04:24',TRUE),
  (902,'Descuento Estudiantil 902','Promoción especial para clientes CONVEME','MONTO_FIJO',71.75,'2025-04-01 20:40:44','2025-04-12 20:40:44',TRUE),
  (903,'Liquidación Temporada 903','Promoción especial para clientes CONVEME','MONTO_FIJO',89.13,'2020-08-26 03:47:36','2020-09-09 03:47:36',TRUE),
  (904,'2x1 Limitado 904','Promoción especial para clientes CONVEME','MONTO_FIJO',66.36,'2021-04-12 23:29:29','2021-05-01 23:29:29',FALSE),
  (905,'Regreso a Clases 905','Promoción especial para clientes CONVEME','MONTO_FIJO',22.66,'2025-12-13 10:23:58','2026-01-05 10:23:58',TRUE),
  (906,'Descuento Estudiantil 906','Promoción especial para clientes CONVEME','PORCENTAJE',21.00,'2024-11-11 13:14:40','2024-12-07 13:14:40',TRUE),
  (907,'Buen Fin 907','Promoción especial para clientes CONVEME','PORCENTAJE',47.00,'2022-04-01 02:39:58','2022-04-25 01:39:58',TRUE),
  (908,'Pack Especial 908','Promoción especial para clientes CONVEME','MONTO_FIJO',30.09,'2023-12-10 15:37:19','2024-01-03 15:37:19',TRUE),
  (909,'Flash Sale 909','Promoción especial para clientes CONVEME','MONTO_FIJO',37.07,'2024-06-26 22:07:50','2024-07-02 22:07:50',TRUE),
  (910,'Descuento Estudiantil 910','Promoción especial para clientes CONVEME','MONTO_FIJO',71.39,'2023-12-19 08:42:02','2023-12-23 08:42:02',TRUE),
  (911,'Buen Fin 911','Promoción especial para clientes CONVEME','PORCENTAJE',7.00,'2025-02-05 00:04:49','2025-02-13 00:04:49',TRUE),
  (912,'2x1 Limitado 912','Promoción especial para clientes CONVEME','PORCENTAJE',43.00,'2022-05-11 09:26:27','2022-05-31 09:26:27',TRUE),
  (913,'Pack Especial 913','Promoción especial para clientes CONVEME','PORCENTAJE',43.00,'2020-05-18 03:16:06','2020-06-11 03:16:06',TRUE),
  (914,'Día del Amor 914','Promoción especial para clientes CONVEME','MONTO_FIJO',30.08,'2025-03-17 09:35:38','2025-04-10 09:35:38',TRUE),
  (915,'Bazar Universitario 915','Promoción especial para clientes CONVEME','PORCENTAJE',5.00,'2024-04-26 17:13:42','2024-05-16 17:13:42',FALSE),
  (916,'Liquidación Temporada 916','Promoción especial para clientes CONVEME','MONTO_FIJO',49.25,'2023-12-29 11:53:41','2024-01-08 11:53:41',TRUE),
  (917,'Bazar Universitario 917','Promoción especial para clientes CONVEME','PORCENTAJE',38.00,'2021-06-03 07:04:02','2021-06-22 07:04:02',TRUE),
  (918,'Bazar Universitario 918','Promoción especial para clientes CONVEME','MONTO_FIJO',85.75,'2025-08-05 03:25:23','2025-08-23 03:25:23',TRUE),
  (919,'Fidelidad CONVEME 919','Promoción especial para clientes CONVEME','PORCENTAJE',19.00,'2021-06-28 05:36:35','2021-07-07 05:36:35',TRUE),
  (920,'Día del Amor 920','Promoción especial para clientes CONVEME','PORCENTAJE',17.00,'2020-05-29 08:59:57','2020-06-28 08:59:57',TRUE),
  (921,'Martes de Oferta 921','Promoción especial para clientes CONVEME','MONTO_FIJO',57.71,'2020-12-27 20:46:06','2021-01-01 20:46:06',TRUE),
  (922,'Descuento Estudiantil 922','Promoción especial para clientes CONVEME','MONTO_FIJO',64.35,'2020-10-25 01:29:52','2020-11-06 02:29:52',TRUE),
  (923,'Día del Amor 923','Promoción especial para clientes CONVEME','PORCENTAJE',12.00,'2024-12-17 04:00:57','2024-12-27 04:00:57',TRUE),
  (924,'Martes de Oferta 924','Promoción especial para clientes CONVEME','PORCENTAJE',26.00,'2021-10-18 15:56:51','2021-10-21 15:56:51',TRUE),
  (925,'Fidelidad CONVEME 925','Promoción especial para clientes CONVEME','MONTO_FIJO',73.93,'2021-01-11 19:50:02','2021-01-18 19:50:02',TRUE),
  (926,'Bazar Universitario 926','Promoción especial para clientes CONVEME','MONTO_FIJO',61.53,'2024-12-24 16:17:52','2024-12-27 16:17:52',TRUE),
  (927,'2x1 Limitado 927','Promoción especial para clientes CONVEME','PORCENTAJE',35.00,'2020-07-23 06:00:49','2020-08-10 06:00:49',TRUE),
  (928,'Pack Especial 928','Promoción especial para clientes CONVEME','MONTO_FIJO',49.70,'2022-11-24 17:43:16','2022-12-14 17:43:16',TRUE),
  (929,'2x1 Limitado 929','Promoción especial para clientes CONVEME','PORCENTAJE',11.00,'2025-06-11 20:40:54','2025-07-06 20:40:54',TRUE),
  (930,'Flash Sale 930','Promoción especial para clientes CONVEME','MONTO_FIJO',45.87,'2021-09-20 01:19:58','2021-10-06 01:19:58',TRUE),
  (931,'Bazar Universitario 931','Promoción especial para clientes CONVEME','MONTO_FIJO',31.11,'2020-08-20 17:55:48','2020-09-09 17:55:48',TRUE),
  (932,'Liquidación Temporada 932','Promoción especial para clientes CONVEME','PORCENTAJE',14.00,'2020-04-11 16:11:52','2020-05-05 16:11:52',FALSE),
  (933,'Día del Amor 933','Promoción especial para clientes CONVEME','PORCENTAJE',7.00,'2021-11-04 11:55:10','2021-11-22 11:55:10',FALSE),
  (934,'Pack Especial 934','Promoción especial para clientes CONVEME','PORCENTAJE',38.00,'2020-08-20 17:30:07','2020-08-25 17:30:07',TRUE),
  (935,'Fidelidad CONVEME 935','Promoción especial para clientes CONVEME','PORCENTAJE',26.00,'2023-07-12 19:20:14','2023-07-18 19:20:14',TRUE),
  (936,'Flash Sale 936','Promoción especial para clientes CONVEME','PORCENTAJE',22.00,'2020-12-27 15:45:45','2021-01-16 15:45:45',TRUE),
  (937,'2x1 Limitado 937','Promoción especial para clientes CONVEME','PORCENTAJE',13.00,'2023-09-03 04:04:46','2023-09-28 04:04:46',TRUE),
  (938,'Buen Fin 938','Promoción especial para clientes CONVEME','MONTO_FIJO',46.45,'2021-03-07 01:57:09','2021-03-15 01:57:09',TRUE),
  (939,'2x1 Limitado 939','Promoción especial para clientes CONVEME','PORCENTAJE',14.00,'2021-05-11 18:02:10','2021-05-27 18:02:10',TRUE),
  (940,'Pack Especial 940','Promoción especial para clientes CONVEME','MONTO_FIJO',17.84,'2024-08-11 19:24:54','2024-09-06 19:24:54',TRUE),
  (941,'Regreso a Clases 941','Promoción especial para clientes CONVEME','MONTO_FIJO',38.51,'2022-09-20 05:51:08','2022-10-14 05:51:08',TRUE),
  (942,'Martes de Oferta 942','Promoción especial para clientes CONVEME','PORCENTAJE',29.00,'2021-11-07 03:26:24','2021-11-17 03:26:24',TRUE),
  (943,'Martes de Oferta 943','Promoción especial para clientes CONVEME','MONTO_FIJO',92.03,'2020-03-28 07:32:27','2020-04-22 06:32:27',TRUE),
  (944,'2x1 Limitado 944','Promoción especial para clientes CONVEME','MONTO_FIJO',66.46,'2020-08-29 11:22:52','2020-09-21 11:22:52',TRUE),
  (945,'Fidelidad CONVEME 945','Promoción especial para clientes CONVEME','MONTO_FIJO',22.18,'2025-12-28 22:49:19','2026-01-16 22:49:19',TRUE),
  (946,'Día del Amor 946','Promoción especial para clientes CONVEME','PORCENTAJE',17.00,'2020-10-21 20:11:13','2020-10-27 21:11:13',TRUE),
  (947,'Pack Especial 947','Promoción especial para clientes CONVEME','PORCENTAJE',28.00,'2024-10-27 19:03:48','2024-11-09 19:03:48',TRUE),
  (948,'Promo Fin de Semana 948','Promoción especial para clientes CONVEME','PORCENTAJE',50.00,'2025-05-12 22:13:13','2025-05-21 22:13:13',TRUE),
  (949,'Día del Amor 949','Promoción especial para clientes CONVEME','PORCENTAJE',19.00,'2020-12-23 06:41:58','2021-01-20 06:41:58',TRUE),
  (950,'Flash Sale 950','Promoción especial para clientes CONVEME','PORCENTAJE',29.00,'2025-10-30 16:14:33','2025-11-14 16:14:33',TRUE),
  (951,'Descuento Estudiantil 951','Promoción especial para clientes CONVEME','MONTO_FIJO',40.69,'2023-04-08 03:59:53','2023-04-14 03:59:53',TRUE),
  (952,'Buen Fin 952','Promoción especial para clientes CONVEME','MONTO_FIJO',22.65,'2025-10-31 12:26:11','2025-11-21 12:26:11',TRUE),
  (953,'Bazar Universitario 953','Promoción especial para clientes CONVEME','MONTO_FIJO',97.98,'2025-04-03 19:03:30','2025-04-17 19:03:30',FALSE),
  (954,'Descuento Estudiantil 954','Promoción especial para clientes CONVEME','PORCENTAJE',24.00,'2025-09-06 20:20:32','2025-10-03 20:20:32',FALSE),
  (955,'Descuento Estudiantil 955','Promoción especial para clientes CONVEME','PORCENTAJE',30.00,'2020-07-11 02:54:20','2020-07-31 02:54:20',TRUE),
  (956,'2x1 Limitado 956','Promoción especial para clientes CONVEME','PORCENTAJE',13.00,'2023-08-06 06:35:10','2023-08-16 06:35:10',TRUE),
  (957,'Liquidación Temporada 957','Promoción especial para clientes CONVEME','MONTO_FIJO',55.26,'2022-07-10 09:34:03','2022-07-19 09:34:03',TRUE),
  (958,'Pack Especial 958','Promoción especial para clientes CONVEME','MONTO_FIJO',58.37,'2024-10-26 19:16:01','2024-11-01 19:16:01',TRUE),
  (959,'Promo Fin de Semana 959','Promoción especial para clientes CONVEME','MONTO_FIJO',80.43,'2024-01-22 00:59:50','2024-02-04 00:59:50',FALSE),
  (960,'Promo Fin de Semana 960','Promoción especial para clientes CONVEME','MONTO_FIJO',32.11,'2021-07-01 21:53:20','2021-07-22 21:53:20',FALSE),
  (961,'Regreso a Clases 961','Promoción especial para clientes CONVEME','PORCENTAJE',30.00,'2024-12-14 00:43:37','2024-12-17 00:43:37',TRUE),
  (962,'Regreso a Clases 962','Promoción especial para clientes CONVEME','MONTO_FIJO',12.61,'2021-06-30 05:42:07','2021-07-18 05:42:07',TRUE),
  (963,'Descuento Estudiantil 963','Promoción especial para clientes CONVEME','MONTO_FIJO',19.14,'2023-11-20 22:07:12','2023-11-30 22:07:12',TRUE),
  (964,'Martes de Oferta 964','Promoción especial para clientes CONVEME','PORCENTAJE',17.00,'2020-01-03 07:20:11','2020-02-01 07:20:11',TRUE),
  (965,'Promo Fin de Semana 965','Promoción especial para clientes CONVEME','PORCENTAJE',26.00,'2021-12-19 07:06:05','2021-12-22 07:06:05',FALSE),
  (966,'Pack Especial 966','Promoción especial para clientes CONVEME','MONTO_FIJO',58.46,'2025-03-23 12:35:50','2025-03-28 12:35:50',TRUE),
  (967,'Buen Fin 967','Promoción especial para clientes CONVEME','MONTO_FIJO',41.33,'2021-01-17 05:14:24','2021-02-02 05:14:24',TRUE),
  (968,'Bazar Universitario 968','Promoción especial para clientes CONVEME','PORCENTAJE',31.00,'2022-11-04 09:18:04','2022-12-02 09:18:04',FALSE),
  (969,'Fidelidad CONVEME 969','Promoción especial para clientes CONVEME','PORCENTAJE',6.00,'2025-05-07 01:03:19','2025-05-29 01:03:19',TRUE),
  (970,'Martes de Oferta 970','Promoción especial para clientes CONVEME','PORCENTAJE',46.00,'2023-08-25 14:01:32','2023-09-03 14:01:32',FALSE),
  (971,'Liquidación Temporada 971','Promoción especial para clientes CONVEME','PORCENTAJE',37.00,'2020-05-21 15:25:41','2020-06-15 15:25:41',TRUE),
  (972,'Bazar Universitario 972','Promoción especial para clientes CONVEME','PORCENTAJE',12.00,'2022-01-17 11:38:49','2022-02-02 11:38:49',TRUE),
  (973,'Descuento Estudiantil 973','Promoción especial para clientes CONVEME','PORCENTAJE',21.00,'2024-10-02 20:59:10','2024-10-18 20:59:10',FALSE),
  (974,'2x1 Limitado 974','Promoción especial para clientes CONVEME','MONTO_FIJO',69.43,'2024-09-26 04:32:36','2024-10-19 04:32:36',TRUE),
  (975,'Bazar Universitario 975','Promoción especial para clientes CONVEME','MONTO_FIJO',71.03,'2023-10-12 21:20:33','2023-11-10 21:20:33',TRUE),
  (976,'Bazar Universitario 976','Promoción especial para clientes CONVEME','PORCENTAJE',50.00,'2022-05-14 02:20:13','2022-06-10 02:20:13',FALSE),
  (977,'Liquidación Temporada 977','Promoción especial para clientes CONVEME','MONTO_FIJO',40.72,'2021-08-07 14:03:35','2021-08-13 14:03:35',TRUE),
  (978,'Regreso a Clases 978','Promoción especial para clientes CONVEME','MONTO_FIJO',50.21,'2024-05-26 17:02:57','2024-06-05 17:02:57',TRUE),
  (979,'Bazar Universitario 979','Promoción especial para clientes CONVEME','PORCENTAJE',15.00,'2023-09-05 07:12:56','2023-09-21 07:12:56',TRUE),
  (980,'Regreso a Clases 980','Promoción especial para clientes CONVEME','MONTO_FIJO',91.24,'2021-01-19 02:32:42','2021-02-07 02:32:42',TRUE),
  (981,'Pack Especial 981','Promoción especial para clientes CONVEME','MONTO_FIJO',31.70,'2021-04-18 13:26:41','2021-05-13 13:26:41',TRUE),
  (982,'Fidelidad CONVEME 982','Promoción especial para clientes CONVEME','MONTO_FIJO',18.56,'2025-06-17 07:08:34','2025-07-04 07:08:34',TRUE),
  (983,'Día del Amor 983','Promoción especial para clientes CONVEME','PORCENTAJE',22.00,'2021-01-19 11:20:07','2021-02-14 11:20:07',TRUE),
  (984,'Regreso a Clases 984','Promoción especial para clientes CONVEME','MONTO_FIJO',56.36,'2021-01-05 10:15:44','2021-02-02 10:15:44',TRUE),
  (985,'Bazar Universitario 985','Promoción especial para clientes CONVEME','PORCENTAJE',33.00,'2025-11-22 02:02:46','2025-12-05 02:02:46',TRUE),
  (986,'Martes de Oferta 986','Promoción especial para clientes CONVEME','PORCENTAJE',33.00,'2023-12-27 11:59:08','2024-01-19 11:59:08',TRUE),
  (987,'Liquidación Temporada 987','Promoción especial para clientes CONVEME','PORCENTAJE',10.00,'2025-09-18 19:01:55','2025-10-16 19:01:55',FALSE),
  (988,'Regreso a Clases 988','Promoción especial para clientes CONVEME','PORCENTAJE',39.00,'2023-05-12 02:24:33','2023-06-10 02:24:33',TRUE),
  (989,'Buen Fin 989','Promoción especial para clientes CONVEME','PORCENTAJE',35.00,'2021-01-28 14:44:25','2021-01-31 14:44:25',FALSE),
  (990,'Liquidación Temporada 990','Promoción especial para clientes CONVEME','PORCENTAJE',6.00,'2023-01-14 07:39:32','2023-01-26 07:39:32',TRUE),
  (991,'Pack Especial 991','Promoción especial para clientes CONVEME','PORCENTAJE',26.00,'2021-01-05 22:09:43','2021-01-25 22:09:43',FALSE),
  (992,'Buen Fin 992','Promoción especial para clientes CONVEME','MONTO_FIJO',40.29,'2023-04-20 19:26:37','2023-05-08 19:26:37',TRUE),
  (993,'Descuento Estudiantil 993','Promoción especial para clientes CONVEME','PORCENTAJE',35.00,'2023-07-21 23:06:32','2023-08-18 23:06:32',FALSE),
  (994,'Buen Fin 994','Promoción especial para clientes CONVEME','PORCENTAJE',45.00,'2025-09-26 17:01:27','2025-09-29 17:01:27',TRUE),
  (995,'Descuento Estudiantil 995','Promoción especial para clientes CONVEME','MONTO_FIJO',12.09,'2024-11-20 05:05:29','2024-11-27 05:05:29',TRUE),
  (996,'Fidelidad CONVEME 996','Promoción especial para clientes CONVEME','MONTO_FIJO',11.85,'2021-06-10 20:28:12','2021-07-06 20:28:12',TRUE),
  (997,'Pack Especial 997','Promoción especial para clientes CONVEME','MONTO_FIJO',99.36,'2020-10-18 10:40:26','2020-11-13 11:40:26',TRUE),
  (998,'Día del Amor 998','Promoción especial para clientes CONVEME','MONTO_FIJO',66.98,'2025-10-08 12:04:54','2025-10-13 12:04:54',TRUE),
  (999,'Pack Especial 999','Promoción especial para clientes CONVEME','PORCENTAJE',40.00,'2025-04-25 01:10:52','2025-05-02 01:10:52',FALSE),
  (1000,'Pack Especial 1000','Promoción especial para clientes CONVEME','MONTO_FIJO',68.65,'2020-06-08 12:50:59','2020-07-08 12:50:59',TRUE);

-- 25. PEDIDOS (100)
INSERT IGNORE INTO `pedidos` (`id_pedido`, `cliente_id`, `fecha_pedido`, `fecha_entrega_estimada`, `monto_total`, `anticipo`, `estado`, `vendedor_id`) VALUES
  (1,NULL,'2021-09-11 10:28:50','2021-09-26',141.37,61.38,'Pendiente',1),
  (2,NULL,'2020-02-28 23:43:50','2020-03-16',1338.48,115.70,'Pendiente',6),
  (3,26,'2022-07-24 13:23:08','2022-07-27',170.11,24.31,'Pendiente',9),
  (4,NULL,'2025-10-19 12:07:57','2025-10-31',1967.34,36.61,'En proceso',28),
  (5,NULL,'2021-03-18 19:39:55','2021-04-04',340.57,75.00,'En proceso',22),
  (6,NULL,'2024-07-24 09:32:47','2024-08-08',1792.25,726.89,'Enviado',16),
  (7,7,'2020-08-19 11:45:28','2020-09-01',434.95,58.07,'En proceso',15),
  (8,34,'2020-02-09 13:30:32','2020-02-23',1739.85,255.39,'Pendiente',4),
  (9,41,'2021-07-25 11:30:48','2021-08-02',507.37,247.71,'Cancelado',25),
  (10,49,'2021-05-27 16:04:17','2021-06-11',1892.25,905.75,'En proceso',7),
  (11,37,'2025-03-12 23:59:01','2025-03-29',139.43,15.58,'Enviado',9),
  (12,32,'2022-06-05 12:47:59','2022-06-21',367.34,81.24,'En proceso',17),
  (13,35,'2024-03-04 20:25:50','2024-03-14',1227.28,414.06,'Pendiente',18),
  (14,21,'2022-06-13 04:14:23','2022-06-24',1367.12,463.14,'Cancelado',9),
  (15,48,'2020-09-09 05:44:17','2020-09-29',1897.39,580.42,'Enviado',27),
  (16,7,'2024-01-28 08:21:02','2024-02-07',1714.05,495.05,'Enviado',29),
  (17,44,'2020-04-04 20:46:57','2020-04-25',740.90,10.41,'Enviado',17),
  (18,NULL,'2023-01-29 09:22:56','2023-02-11',103.43,11.55,'Pendiente',13),
  (19,9,'2025-06-06 01:03:01','2025-06-24',881.78,165.38,'Entregado',4),
  (20,NULL,'2024-05-09 08:41:30','2024-05-23',1032.85,277.22,'Enviado',20),
  (21,22,'2024-08-05 01:38:12','2024-08-23',476.23,235.99,'Pendiente',20),
  (22,13,'2020-11-12 05:09:02','2020-11-29',928.26,156.45,'En proceso',13),
  (23,41,'2024-08-30 11:31:55','2024-09-16',1991.98,964.75,'Pendiente',NULL),
  (24,1,'2021-12-27 02:34:00','2022-01-01',298.06,146.06,'En proceso',17),
  (25,42,'2025-12-06 03:17:13','2025-12-20',1283.87,534.24,'Enviado',NULL),
  (26,NULL,'2024-06-11 09:38:53','2024-06-20',1896.86,872.83,'Pendiente',18),
  (27,16,'2023-07-08 22:41:19','2023-07-19',1453.79,382.03,'Cancelado',20),
  (28,45,'2024-02-20 09:32:27','2024-03-01',633.98,137.61,'Enviado',8),
  (29,18,'2024-05-05 03:03:00','2024-05-11',1317.12,227.03,'Entregado',23),
  (30,6,'2022-11-12 19:26:04','2022-11-22',1851.91,232.99,'En proceso',17),
  (31,40,'2022-10-15 22:29:38','2022-10-24',248.70,77.78,'Entregado',10),
  (32,21,'2023-09-03 14:13:15','2023-09-21',1546.42,205.32,'Enviado',4),
  (33,NULL,'2024-05-18 17:49:06','2024-06-07',1085.89,520.71,'En proceso',17),
  (34,NULL,'2024-07-28 13:18:41','2024-08-12',1366.24,264.66,'Cancelado',8),
  (35,NULL,'2023-07-08 22:08:16','2023-07-29',1384.78,308.99,'Enviado',5),
  (36,7,'2020-06-01 23:34:42','2020-06-16',1677.79,570.57,'Enviado',24),
  (37,13,'2024-11-23 12:53:08','2024-11-26',1466.54,196.55,'En proceso',27),
  (38,35,'2025-09-30 13:45:13','2025-10-09',417.02,109.23,'Pendiente',5),
  (39,25,'2021-04-20 21:39:58','2021-05-03',1629.74,659.19,'Enviado',8),
  (40,NULL,'2022-08-05 07:17:56','2022-08-25',1886.61,4.90,'Cancelado',25),
  (41,24,'2021-11-02 10:27:09','2021-11-18',1375.43,199.10,'Enviado',12),
  (42,28,'2021-06-11 00:48:52','2021-06-20',768.36,46.27,'Pendiente',NULL),
  (43,42,'2023-06-15 00:59:35','2023-06-23',1936.74,900.43,'En proceso',17),
  (44,41,'2024-06-24 09:36:36','2024-07-03',291.93,53.85,'Enviado',17),
  (45,16,'2020-03-17 03:00:47','2020-04-01',1311.67,217.87,'Entregado',9),
  (46,32,'2021-04-11 21:15:26','2021-04-17',1534.29,499.31,'Pendiente',30),
  (47,4,'2023-10-16 04:39:11','2023-10-28',2037.36,211.24,'Cancelado',22),
  (48,14,'2023-10-20 04:23:31','2023-10-24',107.82,45.16,'Enviado',26),
  (49,1,'2023-02-04 12:44:54','2023-02-13',1071.40,494.15,'Enviado',26),
  (50,NULL,'2022-01-25 07:34:59','2022-02-07',1494.49,207.07,'Entregado',14),
  (51,35,'2023-10-26 05:55:22','2023-11-12',87.00,33.35,'Pendiente',7),
  (52,14,'2024-06-19 12:40:16','2024-07-05',1844.48,783.48,'Cancelado',24),
  (53,20,'2020-12-31 08:54:25','2021-01-12',201.96,45.57,'En proceso',14),
  (54,27,'2023-06-26 00:04:41','2023-07-01',1361.62,518.74,'Cancelado',4),
  (55,35,'2022-01-14 21:29:41','2022-01-19',1954.55,764.37,'En proceso',13),
  (56,26,'2021-05-05 10:55:58','2021-05-15',960.16,472.66,'Pendiente',10),
  (57,34,'2024-01-17 08:07:43','2024-01-30',962.80,458.23,'Pendiente',27),
  (58,28,'2021-08-09 01:24:49','2021-08-16',2040.30,178.07,'Pendiente',22),
  (59,NULL,'2022-07-12 22:12:57','2022-07-16',792.71,230.71,'Enviado',5),
  (60,25,'2024-05-22 21:57:59','2024-05-27',1264.32,269.67,'Pendiente',28),
  (61,28,'2021-05-14 01:57:04','2021-05-25',1298.43,138.31,'Entregado',4),
  (62,49,'2022-04-13 22:29:38','2022-05-04',1904.34,420.77,'Cancelado',NULL),
  (63,8,'2024-07-29 07:02:04','2024-08-14',911.66,251.02,'En proceso',14),
  (64,7,'2022-03-29 09:06:20','2022-04-10',1457.67,20.52,'Entregado',17),
  (65,NULL,'2022-07-15 09:58:00','2022-07-26',121.78,43.06,'Enviado',3),
  (66,NULL,'2023-03-16 01:29:58','2023-04-01',382.45,56.87,'Entregado',18),
  (67,6,'2021-03-04 18:47:35','2021-03-11',1463.18,197.71,'Entregado',6),
  (68,25,'2024-08-12 05:28:02','2024-08-15',1794.41,487.60,'En proceso',18),
  (69,13,'2021-06-24 01:38:03','2021-07-07',942.34,32.17,'Enviado',15),
  (70,37,'2020-03-01 13:42:34','2020-03-20',1665.41,427.82,'Pendiente',18),
  (71,3,'2020-05-27 04:03:36','2020-06-03',945.79,435.08,'Cancelado',28),
  (72,18,'2022-05-21 21:07:02','2022-05-31',61.34,16.31,'Pendiente',17),
  (73,40,'2024-04-30 02:52:02','2024-05-19',1493.25,665.19,'En proceso',NULL),
  (74,11,'2022-10-16 20:25:52','2022-11-02',261.54,118.72,'Entregado',20),
  (75,37,'2022-04-30 22:14:31','2022-05-04',779.83,277.35,'Enviado',1),
  (76,2,'2022-09-07 22:26:49','2022-09-26',1470.81,490.71,'Pendiente',NULL),
  (77,8,'2024-09-10 18:17:52','2024-09-28',1431.00,383.07,'Cancelado',30),
  (78,15,'2022-03-07 08:06:19','2022-03-13',1531.65,235.85,'Pendiente',29),
  (79,39,'2024-03-26 20:29:56','2024-04-01',1142.24,347.41,'Cancelado',10),
  (80,27,'2021-01-19 02:40:58','2021-02-08',144.51,63.60,'Enviado',13),
  (81,9,'2025-09-16 21:47:42','2025-10-08',1106.16,32.33,'Entregado',29),
  (82,6,'2022-10-21 22:12:35','2022-11-04',742.91,88.36,'Entregado',12),
  (83,14,'2021-12-26 14:05:56','2022-01-07',1572.22,372.06,'Pendiente',9),
  (84,10,'2020-09-28 04:17:12','2020-10-09',853.56,96.66,'Pendiente',26),
  (85,NULL,'2020-09-24 21:00:17','2020-10-13',798.91,343.71,'Enviado',26),
  (86,36,'2020-03-18 14:08:08','2020-03-29',894.45,176.88,'Pendiente',21),
  (87,NULL,'2024-04-06 06:08:21','2024-04-16',431.92,22.73,'Pendiente',NULL),
  (88,49,'2024-08-15 19:59:14','2024-09-02',888.02,383.47,'Cancelado',20),
  (89,7,'2025-10-14 11:07:56','2025-10-22',1562.67,478.23,'En proceso',5),
  (90,NULL,'2024-08-26 01:49:43','2024-09-12',1421.03,272.62,'Cancelado',8),
  (91,44,'2021-07-10 23:03:07','2021-07-30',168.81,32.01,'Entregado',4),
  (92,43,'2020-11-08 22:02:01','2020-11-18',1154.16,151.25,'Pendiente',7),
  (93,12,'2020-02-18 15:23:44','2020-03-06',91.54,26.44,'Cancelado',20),
  (94,4,'2025-03-09 15:01:54','2025-03-16',1734.83,242.63,'Cancelado',30),
  (95,45,'2025-02-17 00:40:45','2025-03-05',1319.11,348.11,'Cancelado',1),
  (96,20,'2020-07-03 00:12:26','2020-07-16',1146.08,356.75,'En proceso',12),
  (97,2,'2021-12-04 09:09:53','2021-12-19',681.07,83.90,'Cancelado',29),
  (98,30,'2021-02-25 12:09:25','2021-03-02',799.87,175.32,'Enviado',5),
  (99,43,'2025-06-19 07:53:40','2025-07-05',259.21,93.64,'Entregado',24),
  (100,25,'2023-03-17 04:25:05','2023-04-03',411.82,104.98,'Entregado',6);

-- 26. DET_PEDIDOS (100)
INSERT IGNORE INTO `det_pedidos` (`id_det_pedido`, `pedido_id`, `producto_id`, `cantidad`, `precio_unitario`) VALUES
  (1,8,11,10,124.83),
  (2,75,41,11,156.70),
  (3,64,57,9,113.18),
  (4,40,97,16,24.90),
  (5,33,2,4,57.71),
  (6,100,33,15,155.98),
  (7,44,77,15,124.37),
  (8,51,44,14,20.25),
  (9,1,86,7,129.47),
  (10,44,12,4,157.91),
  (11,49,55,19,31.25),
  (12,79,29,13,95.62),
  (13,42,77,17,151.42),
  (14,9,100,18,153.05),
  (15,26,23,3,166.76),
  (16,41,25,16,99.45),
  (17,22,48,14,70.64),
  (18,53,64,19,100.24),
  (19,16,64,10,64.62),
  (20,10,85,10,113.50),
  (21,56,10,15,19.99),
  (22,92,91,17,136.60),
  (23,57,89,12,109.34),
  (24,22,28,16,22.75),
  (25,9,98,2,48.12),
  (26,7,75,5,147.54),
  (27,92,26,4,146.20),
  (28,81,16,7,45.51),
  (29,2,49,15,169.45),
  (30,54,93,8,136.74),
  (31,75,92,13,11.28),
  (32,68,39,8,143.36),
  (33,24,83,2,94.19),
  (34,63,92,16,116.16),
  (35,78,81,11,61.40),
  (36,43,94,19,71.14),
  (37,31,88,10,78.34),
  (38,51,65,11,156.06),
  (39,95,43,6,104.22),
  (40,55,66,18,67.01),
  (41,58,96,20,13.65),
  (42,27,34,5,114.96),
  (43,52,64,11,88.13),
  (44,46,10,15,102.36),
  (45,22,67,13,117.68),
  (46,94,34,7,169.66),
  (47,9,49,19,152.34),
  (48,60,34,4,91.91),
  (49,29,73,3,23.77),
  (50,59,89,13,65.27),
  (51,69,4,10,36.80),
  (52,45,77,13,103.63),
  (53,80,72,12,111.02),
  (54,40,99,1,125.14),
  (55,83,13,6,92.29),
  (56,63,91,17,88.79),
  (57,79,97,15,114.33),
  (58,69,15,19,20.94),
  (59,59,26,1,50.32),
  (60,94,26,7,91.93),
  (61,36,32,15,134.39),
  (62,2,28,20,102.60),
  (63,64,34,11,33.23),
  (64,44,5,3,140.88),
  (65,77,96,15,47.64),
  (66,21,41,8,168.33),
  (67,32,52,7,124.10),
  (68,50,11,3,136.74),
  (69,49,22,8,36.32),
  (70,43,60,14,154.63),
  (71,71,3,5,96.82),
  (72,86,64,18,63.89),
  (73,22,43,5,158.46),
  (74,27,67,5,26.28),
  (75,70,96,18,106.05),
  (76,71,4,19,40.01),
  (77,3,65,13,77.86),
  (78,78,5,17,146.33),
  (79,3,10,6,97.22),
  (80,72,75,12,46.05),
  (81,36,56,20,74.09),
  (82,54,61,2,46.13),
  (83,36,71,11,16.57),
  (84,16,100,7,136.24),
  (85,10,25,11,132.53),
  (86,72,43,4,75.30),
  (87,34,38,1,21.10),
  (88,88,67,8,168.09),
  (89,68,100,15,154.31),
  (90,17,64,8,11.74),
  (91,67,81,11,48.59),
  (92,46,11,10,12.39),
  (93,8,15,20,166.37),
  (94,44,23,14,71.64),
  (95,15,66,5,27.61),
  (96,21,89,2,83.21),
  (97,94,84,3,51.41),
  (98,87,86,1,159.46),
  (99,76,30,12,87.51),
  (100,25,71,6,107.93);

-- 27. VENTAS (100)
INSERT IGNORE INTO `ventas` (`id_venta`, `fecha_venta`, `cliente_id`, `vendedor_id`, `monto_total`, `metodo_pago`, `estado`) VALUES
  (1,'2023-10-10 02:04:33',45,13,1351.87,'Transferencia','Completada'),
  (2,'2023-06-28 07:04:37',35,23,251.58,'Efectivo','Cancelada'),
  (3,'2024-12-02 02:09:57',31,27,166.12,'Tarjeta','Pendiente'),
  (4,'2020-12-08 15:48:01',7,4,733.84,'Efectivo','Completada'),
  (5,'2020-04-22 13:34:22',27,NULL,1044.76,'Transferencia','Completada'),
  (6,'2023-08-11 01:36:15',NULL,5,270.87,'Tarjeta','Pendiente'),
  (7,'2024-08-25 13:03:51',25,10,1523.31,'Tarjeta','Cancelada'),
  (8,'2021-06-19 05:22:33',NULL,21,913.26,'Transferencia','Cancelada'),
  (9,'2023-03-19 14:17:19',23,7,1352.49,'Transferencia','Cancelada'),
  (10,'2024-04-21 04:24:24',23,4,464.27,'Transferencia','Pendiente'),
  (11,'2022-08-05 14:20:20',47,1,1528.51,'Transferencia','Cancelada'),
  (12,'2023-01-14 07:09:30',16,20,1031.24,'Transferencia','Pendiente'),
  (13,'2025-08-08 19:43:41',NULL,1,1684.54,'Transferencia','Completada'),
  (14,'2021-09-20 23:52:21',14,23,2006.49,'Tarjeta','Pendiente'),
  (15,'2025-12-26 07:36:56',32,17,1710.08,'Tarjeta','Pendiente'),
  (16,'2023-03-21 00:45:12',NULL,14,1283.50,'Tarjeta','Pendiente'),
  (17,'2022-04-21 06:23:56',16,NULL,312.03,'Transferencia','Cancelada'),
  (18,'2021-09-24 20:01:06',7,NULL,1680.48,'Efectivo','Cancelada'),
  (19,'2024-09-10 16:26:36',32,26,179.62,'Transferencia','Cancelada'),
  (20,'2021-11-07 11:18:47',NULL,9,1052.71,'Tarjeta','Pendiente'),
  (21,'2024-06-30 21:19:29',38,NULL,953.55,'Efectivo','Completada'),
  (22,'2022-10-23 19:21:58',35,18,2020.24,'Transferencia','Completada'),
  (23,'2021-01-27 11:09:11',NULL,24,1549.06,'Efectivo','Completada'),
  (24,'2020-09-14 04:07:42',5,12,1066.74,'Transferencia','Completada'),
  (25,'2020-05-29 02:30:36',22,8,1223.59,'Efectivo','Pendiente'),
  (26,'2022-08-20 13:09:34',NULL,29,165.16,'Transferencia','Completada'),
  (27,'2021-08-08 19:24:25',5,4,223.80,'Tarjeta','Completada'),
  (28,'2023-09-14 02:06:41',46,3,659.27,'Transferencia','Pendiente'),
  (29,'2025-09-17 00:54:58',20,2,1537.69,'Transferencia','Pendiente'),
  (30,'2024-11-20 22:13:51',NULL,NULL,1434.32,'Efectivo','Completada'),
  (31,'2021-04-14 05:00:47',32,7,192.34,'Transferencia','Pendiente'),
  (32,'2025-02-23 21:07:36',14,21,463.09,'Efectivo','Pendiente'),
  (33,'2022-12-26 19:08:30',NULL,NULL,703.45,'Tarjeta','Completada'),
  (34,'2020-07-10 04:16:39',41,9,769.23,'Transferencia','Cancelada'),
  (35,'2025-11-29 00:52:21',12,13,459.68,'Efectivo','Completada'),
  (36,'2022-06-05 03:08:52',37,24,397.42,'Efectivo','Pendiente'),
  (37,'2025-10-24 21:24:27',23,4,1377.99,'Efectivo','Pendiente'),
  (38,'2025-08-01 20:40:42',23,7,1905.10,'Efectivo','Pendiente'),
  (39,'2021-02-23 07:51:04',36,4,850.73,'Efectivo','Cancelada'),
  (40,'2020-11-06 03:19:16',17,2,1240.30,'Tarjeta','Pendiente'),
  (41,'2021-11-14 17:07:42',29,17,1162.84,'Tarjeta','Completada'),
  (42,'2025-01-05 05:35:56',12,23,1806.13,'Tarjeta','Cancelada'),
  (43,'2024-05-04 00:29:04',40,18,616.85,'Transferencia','Completada'),
  (44,'2025-09-15 02:36:16',1,1,1585.76,'Tarjeta','Pendiente'),
  (45,'2024-11-06 00:20:01',NULL,NULL,1249.88,'Transferencia','Pendiente'),
  (46,'2022-04-13 02:14:13',21,4,1451.07,'Transferencia','Pendiente'),
  (47,'2021-05-22 20:03:14',6,4,397.11,'Transferencia','Completada'),
  (48,'2023-09-02 11:18:23',26,5,1743.64,'Tarjeta','Pendiente'),
  (49,'2022-02-21 23:12:12',42,2,376.91,'Transferencia','Completada'),
  (50,'2022-07-09 06:15:23',NULL,3,1481.64,'Tarjeta','Pendiente'),
  (51,'2020-12-16 05:46:07',22,14,1010.32,'Tarjeta','Pendiente'),
  (52,'2023-03-27 19:26:28',28,30,920.99,'Transferencia','Cancelada'),
  (53,'2023-06-16 03:48:22',NULL,NULL,125.75,'Tarjeta','Pendiente'),
  (54,'2020-09-02 14:17:35',22,25,1542.52,'Tarjeta','Cancelada'),
  (55,'2022-09-18 10:16:22',34,3,609.67,'Transferencia','Pendiente'),
  (56,'2023-04-27 10:59:53',9,NULL,419.95,'Efectivo','Completada'),
  (57,'2024-01-21 03:25:26',NULL,3,981.93,'Tarjeta','Cancelada'),
  (58,'2024-09-17 10:19:48',1,20,1086.49,'Tarjeta','Pendiente'),
  (59,'2020-05-26 21:00:34',15,18,130.09,'Efectivo','Completada'),
  (60,'2022-05-30 05:18:19',NULL,4,460.43,'Transferencia','Pendiente'),
  (61,'2022-10-28 00:12:12',14,30,1927.99,'Transferencia','Completada'),
  (62,'2025-09-06 15:45:31',19,11,1580.33,'Tarjeta','Pendiente'),
  (63,'2022-10-24 22:32:29',20,4,463.13,'Tarjeta','Cancelada'),
  (64,'2024-02-06 18:21:38',8,6,1334.12,'Transferencia','Completada'),
  (65,'2025-09-15 20:36:20',NULL,16,1223.20,'Tarjeta','Completada'),
  (66,'2025-11-11 08:39:07',50,24,1396.60,'Efectivo','Cancelada'),
  (67,'2023-11-24 15:15:31',8,20,1850.42,'Tarjeta','Cancelada'),
  (68,'2025-09-04 05:01:17',50,30,972.16,'Transferencia','Completada'),
  (69,'2021-06-24 06:35:20',43,8,799.34,'Transferencia','Pendiente'),
  (70,'2021-04-05 02:21:57',32,12,1820.30,'Efectivo','Completada'),
  (71,'2024-04-14 08:43:01',17,23,1399.96,'Transferencia','Cancelada'),
  (72,'2025-02-24 10:40:10',20,19,1830.60,'Transferencia','Pendiente'),
  (73,'2024-01-01 08:12:34',NULL,NULL,1550.55,'Efectivo','Cancelada'),
  (74,'2020-05-24 14:50:52',41,24,1205.74,'Efectivo','Completada'),
  (75,'2022-06-17 03:36:40',24,5,775.43,'Efectivo','Cancelada'),
  (76,'2023-05-21 00:54:38',46,11,1875.37,'Tarjeta','Cancelada'),
  (77,'2021-04-09 11:17:58',6,5,1075.04,'Transferencia','Cancelada'),
  (78,'2021-02-12 04:36:40',NULL,3,106.90,'Efectivo','Cancelada'),
  (79,'2024-10-10 03:12:29',24,28,883.88,'Efectivo','Pendiente'),
  (80,'2020-04-04 10:00:22',8,29,1664.88,'Efectivo','Completada'),
  (81,'2022-01-16 18:27:44',46,11,1086.60,'Efectivo','Cancelada'),
  (82,'2025-09-25 13:40:16',37,10,409.87,'Transferencia','Cancelada'),
  (83,'2021-11-21 16:45:19',31,11,1492.35,'Efectivo','Pendiente'),
  (84,'2025-08-17 08:09:47',1,NULL,298.58,'Tarjeta','Completada'),
  (85,'2025-01-13 13:49:16',10,NULL,1717.44,'Efectivo','Completada'),
  (86,'2025-03-04 00:15:11',1,26,1749.41,'Tarjeta','Cancelada'),
  (87,'2025-10-08 09:13:03',14,11,912.05,'Tarjeta','Pendiente'),
  (88,'2025-10-24 16:32:02',36,11,832.00,'Tarjeta','Completada'),
  (89,'2025-07-12 01:14:56',12,10,1438.78,'Tarjeta','Completada'),
  (90,'2023-12-29 00:54:07',28,4,656.16,'Transferencia','Pendiente'),
  (91,'2024-08-22 15:17:26',17,16,218.58,'Efectivo','Pendiente'),
  (92,'2024-08-22 22:44:12',19,4,1612.55,'Efectivo','Cancelada'),
  (93,'2024-02-17 12:51:03',42,2,143.06,'Transferencia','Pendiente'),
  (94,'2025-05-01 11:47:58',29,1,1125.01,'Tarjeta','Completada'),
  (95,'2020-07-31 05:13:30',28,NULL,572.98,'Efectivo','Pendiente'),
  (96,'2025-05-31 22:07:29',37,16,1423.22,'Tarjeta','Cancelada'),
  (97,'2022-12-12 14:07:58',9,15,1707.17,'Tarjeta','Pendiente'),
  (98,'2024-05-10 18:36:29',24,13,529.75,'Tarjeta','Cancelada'),
  (99,'2021-02-19 10:41:03',10,NULL,526.02,'Tarjeta','Cancelada'),
  (100,'2025-09-22 03:14:34',3,11,1929.63,'Efectivo','Completada');

-- 28. DET_VENTAS (100)
INSERT IGNORE INTO `det_ventas` (`id_det_venta`, `venta_id`, `producto_id`, `cantidad`, `precio_unitario`) VALUES
  (1,70,89,3,53.03),
  (2,90,11,18,93.61),
  (3,41,32,5,169.37),
  (4,83,4,16,36.00),
  (5,63,47,14,36.97),
  (6,62,20,11,153.38),
  (7,64,63,7,121.61),
  (8,39,9,14,81.03),
  (9,99,1,8,134.41),
  (10,52,49,3,123.48),
  (11,71,16,16,162.13),
  (12,53,38,16,109.78),
  (13,29,84,8,47.44),
  (14,67,39,9,18.85),
  (15,49,54,6,59.32),
  (16,44,86,19,134.76),
  (17,95,52,7,133.28),
  (18,85,35,16,92.06),
  (19,64,41,6,81.75),
  (20,48,83,2,11.11),
  (21,10,41,17,134.32),
  (22,41,36,9,43.35),
  (23,47,100,9,48.12),
  (24,93,40,16,86.66),
  (25,39,26,18,148.09),
  (26,6,57,18,150.62),
  (27,69,70,17,137.31),
  (28,86,11,12,91.88),
  (29,83,74,1,157.29),
  (30,65,80,3,159.42),
  (31,28,61,6,98.34),
  (32,89,49,3,109.89),
  (33,57,100,14,39.79),
  (34,3,15,4,92.94),
  (35,27,10,15,60.39),
  (36,5,58,13,106.48),
  (37,72,28,10,58.58),
  (38,86,54,2,102.05),
  (39,58,36,9,62.81),
  (40,55,56,5,100.09),
  (41,19,40,16,71.84),
  (42,38,26,8,155.28),
  (43,78,2,7,65.08),
  (44,63,24,1,11.82),
  (45,45,38,10,22.89),
  (46,25,55,11,48.78),
  (47,98,63,9,116.87),
  (48,34,68,14,155.41),
  (49,41,98,18,110.20),
  (50,39,17,20,56.40),
  (51,55,30,1,47.97),
  (52,38,73,13,127.28),
  (53,17,28,14,157.42),
  (54,72,95,14,139.63),
  (55,4,19,1,118.34),
  (56,90,57,8,96.48),
  (57,85,19,7,103.33),
  (58,6,33,5,117.59),
  (59,88,15,7,68.12),
  (60,30,33,17,14.75),
  (61,45,9,10,11.88),
  (62,86,98,9,157.11),
  (63,28,20,1,87.57),
  (64,7,58,13,106.46),
  (65,58,34,1,82.18),
  (66,9,31,7,142.62),
  (67,100,17,16,27.12),
  (68,57,95,7,78.64),
  (69,35,85,14,18.48),
  (70,99,5,14,166.24),
  (71,18,21,5,47.37),
  (72,88,68,19,90.99),
  (73,12,64,6,160.21),
  (74,90,82,5,57.74),
  (75,12,38,2,149.06),
  (76,59,17,2,125.84),
  (77,37,45,18,51.93),
  (78,10,68,1,34.54),
  (79,15,17,13,23.09),
  (80,60,53,6,158.21),
  (81,44,21,5,53.38),
  (82,58,71,16,71.73),
  (83,38,14,19,20.52),
  (84,95,18,8,165.75),
  (85,44,69,2,69.43),
  (86,90,55,20,72.04),
  (87,57,41,4,42.55),
  (88,65,38,17,138.77),
  (89,98,2,10,40.14),
  (90,96,98,10,35.86),
  (91,89,25,3,30.57),
  (92,46,82,18,90.25),
  (93,99,26,19,110.69),
  (94,82,48,15,71.24),
  (95,77,65,2,136.10),
  (96,71,16,3,65.81),
  (97,60,97,2,161.45),
  (98,54,77,18,83.90),
  (99,70,87,12,90.81),
  (100,12,59,12,153.74);

-- 29. CORTES_VENDEDOR (asignacion_id UNIQUE → corte_i = asignacion_i)
INSERT IGNORE INTO `cortes_vendedor` (`id_corte`, `vendedor_id`, `asignacion_id`, `fecha_corte`, `dinero_esperado`, `dinero_total_entregado`, `diferencia_corte`, `observaciones`) VALUES
  (1,26,1,'2024-06-12 12:43:55',3499.38,3638.83,139.45,'Sin observaciones adicionales'),
  (2,29,2,'2022-07-02 10:51:31',2450.19,2406.61,-43.58,'Sin observaciones adicionales'),
  (3,1,3,'2025-12-26 21:41:32',2376.02,1929.98,-446.04,'Sin observaciones adicionales'),
  (4,19,4,'2022-06-14 17:00:10',1108.83,897.41,-211.42,'Sin observaciones adicionales'),
  (5,20,5,'2024-12-01 18:21:32',4722.60,4227.64,-494.96,'Sin observaciones adicionales'),
  (6,17,6,'2022-02-15 20:48:49',1648.76,1758.34,109.58,'Sin observaciones adicionales'),
  (7,25,7,'2023-04-19 00:45:11',1430.68,1427.03,-3.65,'Sin observaciones adicionales'),
  (8,4,8,'2023-07-25 13:32:16',4031.46,3248.74,-782.72,'Sin observaciones adicionales'),
  (9,12,9,'2023-08-21 20:33:14',733.99,622.73,-111.26,'Sin observaciones adicionales'),
  (10,5,10,'2022-10-21 15:18:25',797.37,708.72,-88.65,'Sin observaciones adicionales'),
  (11,18,11,'2025-11-06 04:10:38',2658.68,2272.70,-385.98,'Sin observaciones adicionales'),
  (12,13,12,'2022-01-01 15:27:57',594.30,580.65,-13.65,'Sin observaciones adicionales'),
  (13,27,13,'2021-07-05 16:21:15',1879.71,1835.26,-44.45,'Sin observaciones adicionales'),
  (14,28,14,'2020-11-23 19:24:06',3611.93,3765.07,153.14,'Sin observaciones adicionales'),
  (15,7,15,'2021-07-19 06:12:32',983.58,806.50,-177.08,'Sin observaciones adicionales'),
  (16,28,16,'2023-09-03 09:52:12',922.69,1011.11,88.42,'Sin observaciones adicionales'),
  (17,9,17,'2021-04-10 19:50:13',2637.27,2513.33,-123.94,'Sin observaciones adicionales'),
  (18,28,18,'2025-03-10 14:49:31',2228.78,2083.19,-145.59,'Sin observaciones adicionales'),
  (19,20,19,'2022-10-24 15:22:57',3163.42,2957.82,-205.60,'Sin observaciones adicionales'),
  (20,13,20,'2024-08-03 17:44:48',2015.51,1630.43,-385.08,'Sin observaciones adicionales'),
  (21,19,21,'2024-11-18 00:37:04',1021.79,989.40,-32.39,'Sin observaciones adicionales'),
  (22,8,22,'2024-04-10 22:28:07',1110.90,1006.74,-104.16,'Sin observaciones adicionales'),
  (23,25,23,'2021-12-19 13:01:14',2196.95,1905.52,-291.43,'Sin observaciones adicionales'),
  (24,2,24,'2020-04-07 08:30:24',2651.43,2268.36,-383.07,'Sin observaciones adicionales'),
  (25,25,25,'2024-11-11 14:21:06',4492.23,3804.13,-688.10,'Sin observaciones adicionales'),
  (26,15,26,'2025-12-03 16:53:14',4954.19,5199.53,245.34,'Sin observaciones adicionales'),
  (27,11,27,'2024-08-06 11:44:05',1229.91,1018.92,-210.99,'Sin observaciones adicionales'),
  (28,2,28,'2021-01-26 06:28:30',4795.14,4727.86,-67.28,'Sin observaciones adicionales'),
  (29,14,29,'2025-09-17 21:13:58',4357.65,4212.05,-145.60,'Sin observaciones adicionales'),
  (30,26,30,'2024-06-15 08:48:02',2093.71,1942.04,-151.67,'Sin observaciones adicionales'),
  (31,14,31,'2022-12-11 17:55:36',1461.23,1450.36,-10.87,'Sin observaciones adicionales'),
  (32,13,32,'2025-08-14 05:23:25',1503.63,1324.18,-179.45,'Sin observaciones adicionales'),
  (33,19,33,'2023-04-04 16:29:38',4183.46,4508.77,325.31,'Sin observaciones adicionales'),
  (34,24,34,'2022-02-13 07:35:31',1909.94,2087.10,177.16,'Sin observaciones adicionales'),
  (35,23,35,'2023-04-07 18:17:09',3549.36,3249.32,-300.04,'Sin observaciones adicionales'),
  (36,29,36,'2024-02-21 02:54:20',832.41,889.59,57.18,'Sin observaciones adicionales'),
  (37,19,37,'2020-01-11 16:54:25',3197.65,2946.44,-251.21,'Sin observaciones adicionales'),
  (38,25,38,'2020-06-20 07:48:32',4735.01,4761.57,26.56,'Sin observaciones adicionales'),
  (39,30,39,'2025-03-19 14:17:31',4518.43,4759.06,240.63,'Sin observaciones adicionales'),
  (40,30,40,'2025-11-07 11:05:16',4741.79,4014.69,-727.10,'Sin observaciones adicionales'),
  (41,25,41,'2022-08-24 23:17:01',2197.09,1863.98,-333.11,'Sin observaciones adicionales'),
  (42,14,42,'2023-09-24 23:39:46',3258.95,2781.45,-477.50,'Sin observaciones adicionales'),
  (43,29,43,'2025-03-21 08:42:45',3664.56,3595.12,-69.44,'Sin observaciones adicionales'),
  (44,2,44,'2020-05-04 18:55:06',1503.12,1499.18,-3.94,'Sin observaciones adicionales'),
  (45,19,45,'2021-03-11 06:58:25',4953.72,4645.50,-308.22,'Sin observaciones adicionales'),
  (46,26,46,'2024-03-11 03:31:46',1935.96,1876.59,-59.37,'Sin observaciones adicionales'),
  (47,6,47,'2025-11-07 16:06:19',3962.10,3612.54,-349.56,'Sin observaciones adicionales'),
  (48,30,48,'2022-12-06 02:47:31',3105.00,2510.86,-594.14,'Sin observaciones adicionales'),
  (49,2,49,'2022-07-28 16:22:00',1620.84,1646.72,25.88,'Sin observaciones adicionales'),
  (50,24,50,'2023-07-24 08:26:54',4890.67,4648.50,-242.17,'Sin observaciones adicionales'),
  (51,28,51,'2021-03-18 01:18:59',4469.87,3642.43,-827.44,'Sin observaciones adicionales'),
  (52,13,52,'2024-01-22 09:01:05',1659.62,1812.30,152.68,'Sin observaciones adicionales'),
  (53,19,53,'2023-11-29 19:23:27',1639.35,1598.72,-40.63,'Sin observaciones adicionales'),
  (54,12,54,'2024-05-07 06:37:25',3824.33,3355.31,-469.02,'Sin observaciones adicionales'),
  (55,23,55,'2024-04-12 09:58:53',1737.39,1798.45,61.06,'Sin observaciones adicionales'),
  (56,26,56,'2022-08-28 20:19:11',2308.90,2081.31,-227.59,'Sin observaciones adicionales'),
  (57,8,57,'2021-11-30 10:00:48',3643.98,3980.88,336.90,'Sin observaciones adicionales'),
  (58,26,58,'2021-04-01 03:55:21',1921.13,1983.06,61.93,'Sin observaciones adicionales'),
  (59,19,59,'2022-04-30 11:01:28',4711.18,3822.40,-888.78,'Sin observaciones adicionales'),
  (60,9,60,'2023-07-10 14:20:05',2130.83,1815.86,-314.97,'Sin observaciones adicionales'),
  (61,1,61,'2022-03-30 18:44:28',1369.58,1161.46,-208.12,'Sin observaciones adicionales'),
  (62,16,62,'2022-07-03 06:22:37',1754.41,1786.00,31.59,'Sin observaciones adicionales'),
  (63,12,63,'2022-04-06 03:09:33',4640.98,4618.17,-22.81,'Sin observaciones adicionales'),
  (64,6,64,'2022-09-08 22:06:51',545.67,567.22,21.55,'Sin observaciones adicionales'),
  (65,29,65,'2024-11-24 03:07:10',3057.34,3193.34,136.00,'Sin observaciones adicionales'),
  (66,13,66,'2023-04-14 06:41:00',2192.92,2142.28,-50.64,'Sin observaciones adicionales'),
  (67,29,67,'2024-01-05 01:23:17',3485.98,3728.23,242.25,'Sin observaciones adicionales'),
  (68,6,68,'2022-10-21 18:37:24',722.23,763.60,41.37,'Sin observaciones adicionales'),
  (69,26,69,'2021-08-02 02:13:59',1361.03,1123.16,-237.87,'Sin observaciones adicionales'),
  (70,6,70,'2021-01-23 18:42:05',4307.07,4347.06,39.99,'Sin observaciones adicionales'),
  (71,22,71,'2023-11-26 23:30:11',1821.12,1762.84,-58.28,'Sin observaciones adicionales'),
  (72,26,72,'2024-07-07 05:14:31',1984.09,1819.40,-164.69,'Sin observaciones adicionales'),
  (73,3,73,'2023-02-04 03:12:19',1753.31,1741.71,-11.60,'Sin observaciones adicionales'),
  (74,27,74,'2024-12-29 15:57:18',3775.19,3368.75,-406.44,'Sin observaciones adicionales'),
  (75,24,75,'2024-01-15 04:35:04',4743.30,5184.78,441.48,'Sin observaciones adicionales'),
  (76,23,76,'2023-10-28 20:15:49',1215.87,1296.48,80.61,'Sin observaciones adicionales'),
  (77,15,77,'2020-09-03 23:41:57',1431.89,1475.51,43.62,'Sin observaciones adicionales'),
  (78,26,78,'2023-04-14 14:07:57',1289.76,1288.32,-1.44,'Sin observaciones adicionales'),
  (79,11,79,'2023-08-29 23:30:08',777.64,649.31,-128.33,'Sin observaciones adicionales'),
  (80,27,80,'2021-06-24 05:23:45',3269.47,2968.12,-301.35,'Sin observaciones adicionales'),
  (81,2,81,'2025-05-31 02:24:59',4225.85,3867.35,-358.50,'Sin observaciones adicionales'),
  (82,14,82,'2022-07-24 09:35:10',3963.67,3234.64,-729.03,'Sin observaciones adicionales'),
  (83,28,83,'2022-07-15 01:24:54',3783.74,3747.88,-35.86,'Sin observaciones adicionales'),
  (84,27,84,'2020-05-04 08:15:38',4370.35,4011.78,-358.57,'Sin observaciones adicionales'),
  (85,25,85,'2023-08-08 01:35:53',4001.87,3369.95,-631.92,'Sin observaciones adicionales'),
  (86,25,86,'2021-04-05 13:49:54',4236.46,4508.35,271.89,'Sin observaciones adicionales'),
  (87,25,87,'2024-04-29 00:16:15',4861.91,5259.62,397.71,'Sin observaciones adicionales'),
  (88,16,88,'2022-10-05 00:53:36',2523.72,2184.36,-339.36,'Sin observaciones adicionales'),
  (89,21,89,'2022-02-11 01:31:24',4070.48,3828.40,-242.08,'Sin observaciones adicionales'),
  (90,28,90,'2024-12-29 16:02:59',3780.62,3838.57,57.95,'Sin observaciones adicionales'),
  (91,5,91,'2021-12-19 17:18:24',759.45,664.49,-94.96,'Sin observaciones adicionales'),
  (92,21,92,'2021-12-15 10:14:38',3420.84,3525.65,104.81,'Sin observaciones adicionales'),
  (93,5,93,'2021-10-15 07:00:43',592.30,588.25,-4.05,'Sin observaciones adicionales'),
  (94,1,94,'2025-12-06 17:35:06',1407.75,1284.21,-123.54,'Sin observaciones adicionales'),
  (95,18,95,'2025-01-14 19:32:55',4276.87,4272.31,-4.56,'Sin observaciones adicionales'),
  (96,6,96,'2023-05-21 08:40:35',3845.26,3935.03,89.77,'Sin observaciones adicionales'),
  (97,8,97,'2020-10-17 09:55:18',1984.29,2093.16,108.87,'Sin observaciones adicionales'),
  (98,26,98,'2024-02-29 18:26:43',3474.89,3777.27,302.38,'Sin observaciones adicionales'),
  (99,6,99,'2021-02-23 02:18:40',674.17,582.62,-91.55,'Sin observaciones adicionales'),
  (100,14,100,'2024-02-13 20:28:08',2079.07,2084.14,5.07,'Sin observaciones adicionales');

-- 30. DET_CORTES_INVENTARIO (100)
INSERT IGNORE INTO `det_cortes_inventario` (`id_det_corte`, `corte_id`, `producto_id`, `cantidad_vendida`, `cantidad_devuelta`, `merma_reportada`) VALUES
  (1,25,67,19,1,0),
  (2,85,51,28,0,0),
  (3,58,94,15,2,2),
  (4,99,52,12,1,2),
  (5,52,80,13,1,2),
  (6,21,87,29,4,0),
  (7,12,4,10,0,2),
  (8,40,46,27,4,0),
  (9,87,49,4,2,1),
  (10,34,100,7,4,0),
  (11,63,89,27,0,2),
  (12,62,31,29,4,2),
  (13,4,86,13,0,0),
  (14,73,61,3,0,1),
  (15,95,24,3,2,1),
  (16,83,82,16,2,0),
  (17,43,49,18,0,1),
  (18,56,27,5,3,1),
  (19,20,37,14,2,0),
  (20,17,68,24,1,2),
  (21,83,66,20,2,0),
  (22,21,14,25,0,2),
  (23,22,37,25,0,1),
  (24,42,4,15,1,1),
  (25,11,94,14,5,0),
  (26,30,27,3,2,0),
  (27,83,75,2,0,1),
  (28,40,33,27,5,0),
  (29,66,28,29,1,1),
  (30,67,47,18,1,0),
  (31,82,35,9,1,0),
  (32,12,9,4,1,2),
  (33,1,13,27,1,0),
  (34,93,74,28,4,2),
  (35,20,45,4,0,1),
  (36,92,30,27,0,1),
  (37,7,20,3,2,1),
  (38,62,76,9,0,0),
  (39,27,70,9,0,1),
  (40,39,66,11,3,0),
  (41,72,89,12,3,1),
  (42,14,8,5,5,0),
  (43,49,2,28,0,2),
  (44,64,53,13,0,0),
  (45,84,58,0,0,1),
  (46,94,81,24,2,1),
  (47,20,74,6,4,2),
  (48,24,67,12,1,2),
  (49,5,18,16,5,2),
  (50,63,6,30,1,2),
  (51,62,79,4,1,0),
  (52,91,86,5,4,1),
  (53,60,69,8,0,1),
  (54,97,43,6,0,2),
  (55,76,27,6,5,1),
  (56,83,14,23,5,0),
  (57,22,74,12,0,0),
  (58,98,27,3,1,1),
  (59,21,15,6,5,1),
  (60,9,24,6,2,0),
  (61,96,27,28,3,0),
  (62,57,54,28,5,1),
  (63,76,79,17,1,0),
  (64,64,34,14,3,0),
  (65,28,81,25,5,2),
  (66,46,43,4,3,2),
  (67,48,32,6,4,0),
  (68,81,33,9,5,2),
  (69,83,9,27,3,1),
  (70,27,16,25,0,2),
  (71,68,38,10,4,1),
  (72,20,23,1,0,1),
  (73,85,90,15,0,1),
  (74,100,52,20,1,0),
  (75,83,66,19,4,0),
  (76,66,34,10,0,0),
  (77,4,45,3,3,2),
  (78,46,15,11,0,0),
  (79,44,6,13,4,0),
  (80,38,30,22,5,1),
  (81,22,62,28,0,0),
  (82,15,65,14,0,1),
  (83,35,66,8,2,0),
  (84,59,26,26,4,0),
  (85,36,85,20,3,0),
  (86,73,82,3,2,0),
  (87,6,72,25,4,1),
  (88,24,63,22,4,1),
  (89,66,60,30,2,2),
  (90,18,87,30,5,2),
  (91,4,36,16,4,2),
  (92,72,32,11,5,0),
  (93,75,62,20,1,0),
  (94,14,29,26,1,0),
  (95,4,67,8,4,0),
  (96,45,28,15,2,2),
  (97,20,43,16,0,2),
  (98,16,66,17,0,2),
  (99,93,42,21,5,2),
  (100,86,83,7,4,0);

-- 31. CUENTAS_BANCARIAS_VENDEDOR (100)
INSERT IGNORE INTO `cuentas_bancarias_vendedor` (`id_cuenta`, `vendedor_id`, `banco`, `titular_cuenta`, `numero_cuenta`, `clabe_interbancaria`, `activa`) VALUES
  (1,30,'Banco Azteca','Arturo Martínez Ortega','7040471782','000000000000000020',TRUE),
  (2,5,'BanBajío','Adriana Jiménez Vargas','3315449240','000000000000000037',FALSE),
  (3,4,'Santander','José González Morales','3329828473','000000000000000054',TRUE),
  (4,21,'Banco Azteca','Verónica Sánchez González','3904600671','000000000000000071',FALSE),
  (5,23,'Banorte','Iván Castillo Martínez','1598938155','000000000000000088',FALSE),
  (6,14,'HSBC','Guadalupe Ruiz Ramírez','5717947332','000000000000000105',TRUE),
  (7,30,'Bansí','Patricia Vargas Ramírez','7966948220','000000000000000122',TRUE),
  (8,4,'Banco Azteca','Roberto Martínez Romero','7500702227','000000000000000139',FALSE),
  (9,17,'BanBajío','Natalia Flores Díaz','1800217749','000000000000000156',FALSE),
  (10,28,'Bansí','Fernando González López','5681364306','000000000000000173',TRUE),
  (11,18,'Banorte','Carlos López Pérez','2447995245','000000000000000190',TRUE),
  (12,14,'Santander','Arturo Guerrero Jiménez','5360226702','000000000000000207',FALSE),
  (13,16,'Santander','Ana Torres Gutiérrez','4647667260','000000000000000224',FALSE),
  (14,17,'Banco Azteca','Miguel García Díaz','4272204403','000000000000000241',TRUE),
  (15,15,'Santander','Andrés Morales Martínez','5449553556','000000000000000258',TRUE),
  (16,2,'HSBC','Adriana Ortega Vega','5665265575','000000000000000275',FALSE),
  (17,17,'Citibanamex','Sergio López Sánchez','1199700907','000000000000000292',TRUE),
  (18,14,'Inbursa','Arturo Pérez Romero','1821883513','000000000000000309',FALSE),
  (19,25,'Inbursa','Guadalupe Hernández Guerrero','8768541782','000000000000000326',TRUE),
  (20,15,'Bansí','Omar Medina Cruz','8791746530','000000000000000343',FALSE),
  (21,4,'HSBC','Gabriela García Medina','6386135653','000000000000000360',FALSE),
  (22,22,'BanBajío','Brenda Delgado Gómez','6611970881','000000000000000377',TRUE),
  (23,20,'HSBC','Laura Vega Medina','2203499798','000000000000000394',FALSE),
  (24,7,'Scotiabank','Ángel Castillo Cruz','9178757197','000000000000000411',TRUE),
  (25,5,'BBVA','Valentina Martínez Hernández','8606762975','000000000000000428',TRUE),
  (26,8,'Scotiabank','Héctor Torres Delgado','7814313611','000000000000000445',TRUE),
  (27,8,'Santander','Raúl Sánchez Ruiz','8429039416','000000000000000462',TRUE),
  (28,3,'HSBC','Sofía Vega Jiménez','9757439190','000000000000000479',FALSE),
  (29,23,'Bansí','Ángel Ramírez Martínez','2096522209','000000000000000496',TRUE),
  (30,11,'HSBC','Patricia Sánchez Martínez','3107918992','000000000000000513',TRUE),
  (31,25,'Citibanamex','Diego Romero Hernández','8472834114','000000000000000530',FALSE),
  (32,15,'Scotiabank','Pedro Díaz Morales','5486327465','000000000000000547',FALSE),
  (33,29,'BBVA','Laura Ortega Pérez','6291650456','000000000000000564',FALSE),
  (34,19,'BanBajío','Daniela García Ruiz','2644469643','000000000000000581',FALSE),
  (35,15,'Banorte','Guadalupe Rodríguez Delgado','9654522862','000000000000000598',FALSE),
  (36,21,'BBVA','Jorge López Delgado','2790009988','000000000000000615',TRUE),
  (37,13,'BanBajío','Sofía Reyes Mendoza','5681184035','000000000000000632',FALSE),
  (38,13,'Banco Azteca','Daniela Vargas Rivera','5284346452','000000000000000649',FALSE),
  (39,6,'Bansí','Jorge López Rodríguez','6095902981','000000000000000666',FALSE),
  (40,24,'Scotiabank','Ricardo Gómez Ramos','8947982716','000000000000000683',TRUE),
  (41,4,'Inbursa','Verónica Díaz Ramos','6878186519','000000000000000700',TRUE),
  (42,22,'Santander','Elena Castillo Guerrero','8275034340','000000000000000717',TRUE),
  (43,26,'Banorte','Valentina Martínez Reyes','7161787086','000000000000000734',TRUE),
  (44,15,'Banorte','Sofía Cruz Ramírez','8730574881','000000000000000751',TRUE),
  (45,10,'Inbursa','Patricia Romero Vega','6895078326','000000000000000768',TRUE),
  (46,12,'Citibanamex','Sofía Rodríguez Vega','5793785837','000000000000000785',TRUE),
  (47,9,'Scotiabank','Omar Reyes Hernández','5440899073','000000000000000802',FALSE),
  (48,8,'Banorte','Sofía Delgado Pérez','1828819609','000000000000000819',FALSE),
  (49,11,'Santander','Camila García Rodríguez','1857442863','000000000000000836',TRUE),
  (50,27,'Banorte','Elena Morales Gómez','6026417471','000000000000000853',FALSE),
  (51,6,'Bansí','Guadalupe Vega Flores','1126184185','000000000000000870',TRUE),
  (52,22,'Banorte','Diego Ruiz González','5875144834','000000000000000887',TRUE),
  (53,1,'Banco Azteca','Sofía Guerrero Ruiz','5640684254','000000000000000904',TRUE),
  (54,8,'Citibanamex','Ana García García','8704113963','000000000000000921',TRUE),
  (55,20,'Inbursa','Ana Díaz Guerrero','3903908131','000000000000000938',TRUE),
  (56,25,'Citibanamex','Jorge Ramírez Vega','4101759521','000000000000000955',FALSE),
  (57,20,'Bansí','Héctor Medina Cruz','5163911602','000000000000000972',FALSE),
  (58,23,'Scotiabank','Paulina Vargas Cruz','4270115238','000000000000000989',TRUE),
  (59,28,'Santander','Camila Vargas Rivera','7710920264','000000000000001006',FALSE),
  (60,6,'Bansí','Héctor Flores Medina','7933610217','000000000000001023',FALSE),
  (61,7,'Santander','Ana Rodríguez Cruz','6325424841','000000000000001040',TRUE),
  (62,15,'Citibanamex','Natalia Delgado Vega','4098161258','000000000000001057',TRUE),
  (63,29,'Banco Azteca','Iván Martínez Guerrero','7969455834','000000000000001074',TRUE),
  (64,16,'Banorte','Andrés Ramos Rivera','2062782901','000000000000001091',TRUE),
  (65,23,'HSBC','Juan Rivera Romero','2814177130','000000000000001108',FALSE),
  (66,23,'Scotiabank','Diego Delgado Ortega','5434569645','000000000000001125',TRUE),
  (67,19,'Banco Azteca','Manuel Jiménez Ortega','7158852297','000000000000001142',TRUE),
  (68,19,'BanBajío','Alejandra Cruz Ramírez','9801225163','000000000000001159',TRUE),
  (69,14,'Bansí','Camila Vargas Jiménez','8281588827','000000000000001176',TRUE),
  (70,8,'Citibanamex','Verónica Sánchez Jiménez','3985821141','000000000000001193',TRUE),
  (71,8,'Bansí','Laura Pérez García','1833554678','000000000000001210',TRUE),
  (72,9,'Santander','Paulina Rodríguez Romero','5758663663','000000000000001227',TRUE),
  (73,20,'Inbursa','Miguel Sánchez Jiménez','6608088005','000000000000001244',TRUE),
  (74,10,'BanBajío','Manuel Ruiz Ramos','7323527867','000000000000001261',FALSE),
  (75,23,'Scotiabank','Ángel Guerrero Rodríguez','9446785019','000000000000001278',TRUE),
  (76,17,'Santander','Gabriela Pérez Pérez','8142591951','000000000000001295',TRUE),
  (77,25,'HSBC','Carlos Romero Flores','1248752550','000000000000001312',FALSE),
  (78,15,'Inbursa','José Vargas Vega','4528659392','000000000000001329',TRUE),
  (79,23,'HSBC','Fernando Martínez Rivera','6589250855','000000000000001346',TRUE),
  (80,13,'HSBC','Elena Morales Díaz','1227203547','000000000000001363',TRUE),
  (81,18,'BanBajío','Ana Pérez Vargas','4892428816','000000000000001380',FALSE),
  (82,14,'Bansí','Laura Ramos Gutiérrez','2746901630','000000000000001397',TRUE),
  (83,18,'Bansí','Alejandra Rivera Cruz','3502267791','000000000000001414',TRUE),
  (84,22,'BBVA','Natalia Flores Reyes','6788145381','000000000000001431',TRUE),
  (85,30,'Inbursa','Raúl Gutiérrez Cruz','1918701827','000000000000001448',TRUE),
  (86,4,'Scotiabank','Daniela Martínez López','9577023531','000000000000001465',TRUE),
  (87,20,'Banorte','Fernando Rivera Castillo','4974671115','000000000000001482',TRUE),
  (88,11,'BanBajío','José Gómez Díaz','4549966504','000000000000001499',TRUE),
  (89,8,'BanBajío','Ricardo Medina Vargas','8387092068','000000000000001516',TRUE),
  (90,7,'Santander','Verónica Rivera Hernández','4464126591','000000000000001533',TRUE),
  (91,23,'BanBajío','Luis Ramírez Martínez','5982891482','000000000000001550',FALSE),
  (92,30,'BBVA','Héctor Flores Ruiz','6943137147','000000000000001567',TRUE),
  (93,19,'Citibanamex','Fernando Jiménez Delgado','5542853815','000000000000001584',TRUE),
  (94,17,'Inbursa','Camila Rivera Vargas','7519652188','000000000000001601',TRUE),
  (95,17,'HSBC','Mariana Flores Mendoza','1683569657','000000000000001618',TRUE),
  (96,8,'Banorte','Héctor Sánchez Vega','1717513065','000000000000001635',FALSE),
  (97,12,'BBVA','Natalia Vega Torres','2073750045','000000000000001652',FALSE),
  (98,10,'Citibanamex','Alejandra Cruz Gutiérrez','5440021704','000000000000001669',TRUE),
  (99,26,'Citibanamex','Natalia Cruz Vega','2618085334','000000000000001686',TRUE),
  (100,26,'Banco Azteca','Héctor Pérez Torres','9209120214','000000000000001703',FALSE);

-- 32. SALDO_VENDEDORES (vendedor_id UNIQUE → 1 saldo por vendedor, 30 filas)
INSERT IGNORE INTO `saldo_vendedores` (`id_saldo`, `vendedor_id`, `saldo_actual`) VALUES
  (1,1,1029.62),
  (2,2,1264.38),
  (3,3,4863.15),
  (4,4,1094.71),
  (5,5,4856.45),
  (6,6,2556.77),
  (7,7,2196.20),
  (8,8,3762.54),
  (9,9,2284.64),
  (10,10,4749.75),
  (11,11,4725.09),
  (12,12,4651.89),
  (13,13,4692.10),
  (14,14,3079.82),
  (15,15,4793.39),
  (16,16,2544.06),
  (17,17,890.78),
  (18,18,2931.62),
  (19,19,2247.21),
  (20,20,1243.54),
  (21,21,2367.41),
  (22,22,311.94),
  (23,23,1065.15),
  (24,24,1861.08),
  (25,25,2181.57),
  (26,26,2367.55),
  (27,27,4059.52),
  (28,28,2523.41),
  (29,29,2911.49),
  (30,30,3025.18);

-- 33. PAGOS_VENDEDORES (100)
INSERT IGNORE INTO `pagos_vendedores` (`id_pago`, `vendedor_id`, `fecha_pago`, `monto_pagado`, `metodo_pago`, `referencia_o_comprobante`) VALUES
  (1,10,'2024-06-15 06:32:54',382.68,'Efectivo','REF-00000001'),
  (2,13,'2024-06-05 10:13:01',501.95,'Efectivo','REF-00000002'),
  (3,8,'2025-08-23 11:56:23',4680.49,'Tarjeta','REF-00000003'),
  (4,16,'2022-04-28 17:18:45',2863.98,'Tarjeta','REF-00000004'),
  (5,14,'2024-01-28 12:38:21',812.97,'Transferencia','REF-00000005'),
  (6,13,'2020-03-30 20:12:26',930.31,'Efectivo','REF-00000006'),
  (7,29,'2023-07-28 19:39:55',4435.02,'Tarjeta','REF-00000007'),
  (8,25,'2021-07-07 20:07:40',965.73,'Tarjeta','REF-00000008'),
  (9,22,'2025-01-30 09:37:45',1121.17,'Efectivo','REF-00000009'),
  (10,21,'2022-07-05 06:33:26',2070.76,'Transferencia','REF-00000010'),
  (11,10,'2024-08-16 23:41:11',2993.07,'Tarjeta','REF-00000011'),
  (12,9,'2024-04-13 13:26:18',2124.80,'Efectivo','REF-00000012'),
  (13,27,'2023-08-16 00:59:33',1528.35,'Efectivo','REF-00000013'),
  (14,17,'2020-08-08 05:52:33',2810.55,'Tarjeta','REF-00000014'),
  (15,13,'2021-07-31 18:39:11',2750.59,'Transferencia','REF-00000015'),
  (16,24,'2022-04-24 05:20:29',3919.68,'Tarjeta','REF-00000016'),
  (17,12,'2021-03-10 02:10:47',2700.63,'Efectivo','REF-00000017'),
  (18,20,'2022-02-07 21:22:26',1639.74,'Tarjeta','REF-00000018'),
  (19,19,'2021-09-29 10:26:30',1189.15,'Efectivo','REF-00000019'),
  (20,18,'2025-08-30 05:47:09',622.31,'Tarjeta','REF-00000020'),
  (21,18,'2024-12-30 15:07:08',4830.39,'Efectivo','REF-00000021'),
  (22,9,'2023-02-28 21:21:48',632.45,'Transferencia','REF-00000022'),
  (23,27,'2023-05-04 14:39:19',4657.25,'Tarjeta','REF-00000023'),
  (24,25,'2021-02-28 01:04:19',1879.34,'Efectivo','REF-00000024'),
  (25,3,'2024-05-16 02:42:47',1817.52,'Efectivo','REF-00000025'),
  (26,22,'2020-11-11 09:45:29',4528.18,'Transferencia','REF-00000026'),
  (27,2,'2021-11-15 07:07:26',2951.50,'Tarjeta','REF-00000027'),
  (28,23,'2020-10-03 00:21:08',2393.38,'Transferencia','REF-00000028'),
  (29,5,'2021-02-07 07:20:37',4850.70,'Transferencia','REF-00000029'),
  (30,18,'2025-08-13 00:34:22',212.96,'Transferencia','REF-00000030'),
  (31,8,'2022-07-08 18:24:14',2697.93,'Transferencia','REF-00000031'),
  (32,3,'2025-11-26 10:07:46',604.23,'Tarjeta','REF-00000032'),
  (33,25,'2023-11-01 05:22:01',2288.60,'Transferencia','REF-00000033'),
  (34,29,'2025-07-09 16:25:30',4800.69,'Efectivo','REF-00000034'),
  (35,7,'2022-06-25 12:16:39',1933.21,'Efectivo','REF-00000035'),
  (36,10,'2021-12-12 08:45:34',2670.19,'Transferencia','REF-00000036'),
  (37,15,'2024-06-06 01:37:00',2841.19,'Tarjeta','REF-00000037'),
  (38,30,'2022-10-01 15:01:58',1014.34,'Transferencia','REF-00000038'),
  (39,13,'2023-05-21 04:15:17',3885.89,'Transferencia','REF-00000039'),
  (40,27,'2020-06-23 16:56:54',1949.21,'Efectivo','REF-00000040'),
  (41,28,'2022-05-12 03:54:13',350.93,'Transferencia','REF-00000041'),
  (42,28,'2021-11-30 07:42:57',4867.21,'Efectivo','REF-00000042'),
  (43,19,'2025-08-19 12:04:16',1357.69,'Tarjeta','REF-00000043'),
  (44,24,'2023-09-21 00:15:17',2580.24,'Transferencia','REF-00000044'),
  (45,26,'2025-01-23 21:30:50',2274.09,'Tarjeta','REF-00000045'),
  (46,19,'2024-06-11 09:53:46',1044.17,'Tarjeta','REF-00000046'),
  (47,1,'2022-10-19 06:11:22',304.69,'Transferencia','REF-00000047'),
  (48,17,'2024-11-27 11:35:17',3864.43,'Efectivo','REF-00000048'),
  (49,3,'2024-05-02 15:42:40',4261.91,'Tarjeta','REF-00000049'),
  (50,23,'2022-12-19 15:35:48',782.96,'Tarjeta','REF-00000050'),
  (51,19,'2025-12-26 04:17:56',4218.64,'Tarjeta','REF-00000051'),
  (52,25,'2020-08-25 21:42:36',4246.37,'Transferencia','REF-00000052'),
  (53,27,'2020-09-08 18:14:05',3941.94,'Efectivo','REF-00000053'),
  (54,7,'2025-09-02 19:56:30',1755.35,'Efectivo','REF-00000054'),
  (55,16,'2022-03-19 21:48:53',3408.18,'Transferencia','REF-00000055'),
  (56,14,'2023-04-26 13:44:00',395.36,'Efectivo','REF-00000056'),
  (57,9,'2023-09-27 09:48:07',4899.23,'Efectivo','REF-00000057'),
  (58,8,'2020-09-12 17:39:28',1848.49,'Tarjeta','REF-00000058'),
  (59,10,'2022-10-15 22:22:46',3480.09,'Tarjeta','REF-00000059'),
  (60,3,'2025-05-28 05:37:21',986.68,'Efectivo','REF-00000060'),
  (61,14,'2022-07-29 14:36:18',1057.60,'Efectivo','REF-00000061'),
  (62,2,'2024-07-02 01:34:21',3146.09,'Efectivo','REF-00000062'),
  (63,8,'2021-09-05 12:21:43',4820.55,'Tarjeta','REF-00000063'),
  (64,5,'2023-12-03 00:41:37',1282.79,'Tarjeta','REF-00000064'),
  (65,28,'2022-02-20 02:48:50',260.90,'Efectivo','REF-00000065'),
  (66,23,'2022-03-24 09:06:55',1209.68,'Tarjeta','REF-00000066'),
  (67,22,'2025-11-20 15:21:26',1676.38,'Efectivo','REF-00000067'),
  (68,12,'2020-09-30 10:06:51',1814.62,'Efectivo','REF-00000068'),
  (69,26,'2025-08-04 09:04:28',3754.24,'Efectivo','REF-00000069'),
  (70,30,'2022-02-03 00:49:01',3759.89,'Tarjeta','REF-00000070'),
  (71,12,'2025-10-31 22:41:14',836.30,'Efectivo','REF-00000071'),
  (72,5,'2023-01-11 03:24:12',2562.81,'Efectivo','REF-00000072'),
  (73,17,'2022-09-13 11:00:35',365.25,'Tarjeta','REF-00000073'),
  (74,4,'2025-10-03 02:48:36',357.69,'Tarjeta','REF-00000074'),
  (75,19,'2025-09-20 15:54:03',1112.16,'Efectivo','REF-00000075'),
  (76,19,'2025-07-14 02:55:55',2038.95,'Tarjeta','REF-00000076'),
  (77,19,'2020-03-14 23:43:07',4785.33,'Transferencia','REF-00000077'),
  (78,15,'2022-09-12 09:19:42',685.60,'Transferencia','REF-00000078'),
  (79,25,'2025-11-30 13:16:21',2220.23,'Transferencia','REF-00000079'),
  (80,5,'2023-01-16 10:25:21',1266.84,'Transferencia','REF-00000080'),
  (81,8,'2024-03-08 02:16:37',2750.90,'Tarjeta','REF-00000081'),
  (82,26,'2020-08-03 05:12:27',4229.00,'Efectivo','REF-00000082'),
  (83,20,'2023-04-27 20:18:15',3862.40,'Tarjeta','REF-00000083'),
  (84,21,'2022-09-18 05:26:54',2863.73,'Transferencia','REF-00000084'),
  (85,20,'2022-06-17 08:14:14',4024.66,'Efectivo','REF-00000085'),
  (86,17,'2021-09-01 12:23:05',4257.35,'Tarjeta','REF-00000086'),
  (87,13,'2023-10-02 04:13:26',4807.47,'Efectivo','REF-00000087'),
  (88,27,'2020-06-17 15:56:07',321.58,'Tarjeta','REF-00000088'),
  (89,10,'2020-12-09 16:07:43',2276.81,'Tarjeta','REF-00000089'),
  (90,30,'2023-02-13 16:23:56',1605.43,'Efectivo','REF-00000090'),
  (91,9,'2024-04-23 12:29:11',1972.37,'Tarjeta','REF-00000091'),
  (92,19,'2025-04-30 20:39:36',1588.33,'Tarjeta','REF-00000092'),
  (93,7,'2020-01-06 07:57:22',3566.34,'Tarjeta','REF-00000093'),
  (94,24,'2023-06-12 12:53:24',3754.60,'Transferencia','REF-00000094'),
  (95,23,'2025-10-06 03:16:22',4203.44,'Efectivo','REF-00000095'),
  (96,4,'2023-11-15 19:45:05',3649.09,'Transferencia','REF-00000096'),
  (97,11,'2020-11-30 19:42:07',922.24,'Efectivo','REF-00000097'),
  (98,7,'2022-11-03 06:06:00',4314.07,'Efectivo','REF-00000098'),
  (99,25,'2020-11-29 11:59:28',1957.66,'Tarjeta','REF-00000099'),
  (100,15,'2022-07-10 09:11:21',1407.45,'Efectivo','REF-00000100');

-- 34. GASTOS_OPERATIVOS (100)
INSERT IGNORE INTO `gastos_operativos` (`id_gasto`, `categoria_id`, `empleado_id`, `fecha_gasto`, `monto`, `descripcion`, `comprobante_url`) VALUES
  (1,9,12,'2020-02-02 19:05:30',1953.06,'Pago de publicidad en redes','https://gastos.conveme.mx/1.pdf'),
  (2,4,NULL,'2021-12-13 14:44:56',4191.92,'Renta de stand en evento','https://gastos.conveme.mx/2.pdf'),
  (3,2,NULL,'2023-12-19 03:18:19',1444.59,'Material de oficina','https://gastos.conveme.mx/3.pdf'),
  (4,4,12,'2023-07-12 23:35:18',3558.62,'Material de oficina','https://gastos.conveme.mx/4.pdf'),
  (5,7,7,'2021-12-09 01:59:16',258.33,'Impresión de etiquetas','https://gastos.conveme.mx/5.pdf'),
  (6,5,7,'2024-12-30 00:15:18',2352.31,'Gastos de logística','https://gastos.conveme.mx/6.pdf'),
  (7,7,2,'2020-08-28 09:59:04',4101.01,'Compra de bases metálicas','https://gastos.conveme.mx/7.pdf'),
  (8,4,NULL,'2024-11-21 12:45:19',2336.16,'Material de oficina','https://gastos.conveme.mx/8.pdf'),
  (9,6,NULL,'2023-04-21 13:50:03',3571.63,'Compra de bases metálicas','https://gastos.conveme.mx/9.pdf'),
  (10,10,6,'2023-04-08 08:01:09',2053.09,'Material de empaque holográfico','https://gastos.conveme.mx/10.pdf'),
  (11,9,13,'2023-11-10 12:07:42',4419.64,'Mantenimiento de equipo','https://gastos.conveme.mx/11.pdf'),
  (12,5,5,'2022-11-09 17:56:19',4387.95,'Servicio de mensajería','https://gastos.conveme.mx/12.pdf'),
  (13,3,3,'2021-06-24 05:28:24',389.35,'Compra de bases metálicas','https://gastos.conveme.mx/13.pdf'),
  (14,9,5,'2025-05-22 07:29:25',272.61,'Servicio de mensajería','https://gastos.conveme.mx/14.pdf'),
  (15,10,2,'2025-06-25 17:43:46',1588.16,'Material de oficina','https://gastos.conveme.mx/15.pdf'),
  (16,8,1,'2023-06-26 16:15:24',1352.04,'Renta de stand en evento','https://gastos.conveme.mx/16.pdf'),
  (17,10,2,'2025-12-03 09:38:41',3665.53,'Mantenimiento de equipo','https://gastos.conveme.mx/17.pdf'),
  (18,4,NULL,'2024-04-25 05:29:19',1504.66,'Servicio de mensajería','https://gastos.conveme.mx/18.pdf'),
  (19,1,10,'2021-07-10 14:40:08',2591.16,'Renta de stand en evento','https://gastos.conveme.mx/19.pdf'),
  (20,1,20,'2025-12-26 14:10:10',1478.46,'Transporte a facultad','https://gastos.conveme.mx/20.pdf'),
  (21,3,13,'2025-01-07 02:24:37',1882.26,'Pago de publicidad en redes','https://gastos.conveme.mx/21.pdf'),
  (22,5,6,'2021-03-17 21:03:02',4272.94,'Pago de publicidad en redes','https://gastos.conveme.mx/22.pdf'),
  (23,8,NULL,'2024-07-10 18:40:49',4259.66,'Compra de bases metálicas','https://gastos.conveme.mx/23.pdf'),
  (24,1,9,'2023-05-19 12:47:57',4184.01,'Renta de stand en evento','https://gastos.conveme.mx/24.pdf'),
  (25,8,18,'2024-01-31 16:28:00',2214.30,'Material de empaque holográfico','https://gastos.conveme.mx/25.pdf'),
  (26,3,19,'2022-04-13 06:40:21',574.82,'Gastos de logística','https://gastos.conveme.mx/26.pdf'),
  (27,7,17,'2023-05-01 09:08:41',1867.69,'Material de oficina','https://gastos.conveme.mx/27.pdf'),
  (28,1,10,'2022-12-12 20:41:56',3438.00,'Transporte a facultad','https://gastos.conveme.mx/28.pdf'),
  (29,5,NULL,'2021-12-03 17:25:49',3068.00,'Material de oficina','https://gastos.conveme.mx/29.pdf'),
  (30,6,1,'2021-09-30 00:04:10',3066.97,'Pago de publicidad en redes','https://gastos.conveme.mx/30.pdf'),
  (31,2,14,'2021-04-24 18:58:18',188.80,'Impresión de etiquetas','https://gastos.conveme.mx/31.pdf'),
  (32,3,5,'2024-09-26 18:47:07',2853.44,'Renta de stand en evento','https://gastos.conveme.mx/32.pdf'),
  (33,3,NULL,'2023-01-12 11:32:55',269.95,'Transporte a facultad','https://gastos.conveme.mx/33.pdf'),
  (34,9,18,'2020-06-06 08:09:05',4227.75,'Mantenimiento de equipo','https://gastos.conveme.mx/34.pdf'),
  (35,2,13,'2020-02-23 18:42:17',271.55,'Impresión de etiquetas','https://gastos.conveme.mx/35.pdf'),
  (36,6,NULL,'2023-12-23 21:03:37',799.11,'Material de oficina','https://gastos.conveme.mx/36.pdf'),
  (37,3,NULL,'2021-01-15 13:44:44',1488.98,'Mantenimiento de equipo','https://gastos.conveme.mx/37.pdf'),
  (38,7,13,'2022-02-16 20:51:48',2742.33,'Pago de publicidad en redes','https://gastos.conveme.mx/38.pdf'),
  (39,10,18,'2020-03-11 07:17:12',3475.80,'Servicio de mensajería','https://gastos.conveme.mx/39.pdf'),
  (40,3,20,'2024-10-29 07:18:36',3791.88,'Material de oficina','https://gastos.conveme.mx/40.pdf'),
  (41,5,8,'2024-11-21 11:12:11',1622.11,'Transporte a facultad','https://gastos.conveme.mx/41.pdf'),
  (42,6,13,'2024-05-03 21:14:25',3004.72,'Material de empaque holográfico','https://gastos.conveme.mx/42.pdf'),
  (43,5,16,'2020-12-23 12:12:11',712.96,'Impresión de etiquetas','https://gastos.conveme.mx/43.pdf'),
  (44,10,5,'2022-07-28 19:10:40',1221.07,'Material de empaque holográfico','https://gastos.conveme.mx/44.pdf'),
  (45,3,NULL,'2025-10-05 02:03:55',4541.90,'Impresión de etiquetas','https://gastos.conveme.mx/45.pdf'),
  (46,3,NULL,'2024-02-06 10:02:46',2312.48,'Material de empaque holográfico','https://gastos.conveme.mx/46.pdf'),
  (47,5,NULL,'2021-06-03 12:00:11',4271.31,'Mantenimiento de equipo','https://gastos.conveme.mx/47.pdf'),
  (48,7,14,'2025-01-12 15:39:28',1357.57,'Pago de publicidad en redes','https://gastos.conveme.mx/48.pdf'),
  (49,8,3,'2020-08-31 21:46:16',251.76,'Renta de stand en evento','https://gastos.conveme.mx/49.pdf'),
  (50,2,NULL,'2023-11-08 23:10:08',4734.31,'Pago de publicidad en redes','https://gastos.conveme.mx/50.pdf'),
  (51,2,NULL,'2023-05-04 22:29:17',4420.39,'Renta de stand en evento','https://gastos.conveme.mx/51.pdf'),
  (52,10,17,'2022-05-03 12:38:26',1176.96,'Gastos de logística','https://gastos.conveme.mx/52.pdf'),
  (53,6,NULL,'2022-01-07 05:20:23',3754.37,'Impresión de etiquetas','https://gastos.conveme.mx/53.pdf'),
  (54,9,12,'2025-05-24 08:18:31',1897.60,'Mantenimiento de equipo','https://gastos.conveme.mx/54.pdf'),
  (55,10,20,'2021-05-29 02:56:51',3279.95,'Compra de bases metálicas','https://gastos.conveme.mx/55.pdf'),
  (56,5,18,'2025-04-28 01:40:22',4312.46,'Gastos de logística','https://gastos.conveme.mx/56.pdf'),
  (57,9,NULL,'2023-05-04 07:28:31',3293.83,'Transporte a facultad','https://gastos.conveme.mx/57.pdf'),
  (58,6,NULL,'2021-05-12 07:24:41',4422.93,'Renta de stand en evento','https://gastos.conveme.mx/58.pdf'),
  (59,1,NULL,'2022-02-17 01:08:29',4871.99,'Gastos de logística','https://gastos.conveme.mx/59.pdf'),
  (60,8,4,'2022-03-21 04:03:09',4223.41,'Impresión de etiquetas','https://gastos.conveme.mx/60.pdf'),
  (61,2,NULL,'2022-08-06 08:43:46',4472.34,'Renta de stand en evento','https://gastos.conveme.mx/61.pdf'),
  (62,10,19,'2022-09-21 02:30:03',2034.60,'Transporte a facultad','https://gastos.conveme.mx/62.pdf'),
  (63,1,10,'2020-06-05 14:57:52',4001.14,'Gastos de logística','https://gastos.conveme.mx/63.pdf'),
  (64,1,13,'2020-01-11 09:50:50',652.36,'Servicio de mensajería','https://gastos.conveme.mx/64.pdf'),
  (65,3,NULL,'2023-01-12 08:46:24',1027.72,'Gastos de logística','https://gastos.conveme.mx/65.pdf'),
  (66,6,13,'2024-04-06 20:00:41',2631.29,'Material de oficina','https://gastos.conveme.mx/66.pdf'),
  (67,2,8,'2021-05-10 02:13:01',166.18,'Transporte a facultad','https://gastos.conveme.mx/67.pdf'),
  (68,7,NULL,'2022-08-04 14:30:55',3146.00,'Transporte a facultad','https://gastos.conveme.mx/68.pdf'),
  (69,3,NULL,'2025-09-05 22:27:48',1511.64,'Gastos de logística','https://gastos.conveme.mx/69.pdf'),
  (70,6,4,'2023-07-14 20:42:47',562.71,'Compra de bases metálicas','https://gastos.conveme.mx/70.pdf'),
  (71,9,NULL,'2020-02-29 02:42:39',163.76,'Gastos de logística','https://gastos.conveme.mx/71.pdf'),
  (72,7,20,'2023-06-01 14:47:14',5012.36,'Gastos de logística','https://gastos.conveme.mx/72.pdf'),
  (73,3,18,'2020-08-09 07:43:37',4311.48,'Material de oficina','https://gastos.conveme.mx/73.pdf'),
  (74,5,8,'2022-08-17 01:37:10',3252.43,'Transporte a facultad','https://gastos.conveme.mx/74.pdf'),
  (75,4,5,'2023-07-23 16:56:28',543.50,'Compra de bases metálicas','https://gastos.conveme.mx/75.pdf'),
  (76,10,NULL,'2022-05-01 04:15:32',2468.41,'Impresión de etiquetas','https://gastos.conveme.mx/76.pdf'),
  (77,1,6,'2020-05-30 22:43:17',446.51,'Gastos de logística','https://gastos.conveme.mx/77.pdf'),
  (78,8,NULL,'2024-09-16 03:58:01',1991.14,'Impresión de etiquetas','https://gastos.conveme.mx/78.pdf'),
  (79,6,20,'2021-08-27 22:47:33',3794.24,'Material de oficina','https://gastos.conveme.mx/79.pdf'),
  (80,6,NULL,'2025-04-16 00:34:51',3863.33,'Compra de bases metálicas','https://gastos.conveme.mx/80.pdf'),
  (81,5,1,'2020-08-02 10:36:47',1261.83,'Pago de publicidad en redes','https://gastos.conveme.mx/81.pdf'),
  (82,1,10,'2022-05-13 22:51:09',2973.69,'Transporte a facultad','https://gastos.conveme.mx/82.pdf'),
  (83,9,19,'2020-02-23 23:45:40',534.37,'Mantenimiento de equipo','https://gastos.conveme.mx/83.pdf'),
  (84,5,18,'2020-02-29 01:32:00',3807.24,'Servicio de mensajería','https://gastos.conveme.mx/84.pdf'),
  (85,7,6,'2022-10-21 13:48:41',3700.21,'Mantenimiento de equipo','https://gastos.conveme.mx/85.pdf'),
  (86,7,NULL,'2023-09-30 13:35:25',198.61,'Renta de stand en evento','https://gastos.conveme.mx/86.pdf'),
  (87,5,16,'2022-05-11 08:18:11',3092.27,'Impresión de etiquetas','https://gastos.conveme.mx/87.pdf'),
  (88,7,NULL,'2024-11-15 21:51:23',1464.49,'Transporte a facultad','https://gastos.conveme.mx/88.pdf'),
  (89,9,NULL,'2020-04-24 09:14:04',2997.78,'Material de empaque holográfico','https://gastos.conveme.mx/89.pdf'),
  (90,10,15,'2025-04-14 23:49:02',4466.19,'Transporte a facultad','https://gastos.conveme.mx/90.pdf'),
  (91,4,2,'2022-08-26 08:00:08',391.81,'Gastos de logística','https://gastos.conveme.mx/91.pdf'),
  (92,10,NULL,'2022-04-03 09:35:09',1161.80,'Gastos de logística','https://gastos.conveme.mx/92.pdf'),
  (93,9,NULL,'2022-04-19 18:58:47',4797.98,'Transporte a facultad','https://gastos.conveme.mx/93.pdf'),
  (94,5,12,'2022-06-28 07:27:10',3925.40,'Mantenimiento de equipo','https://gastos.conveme.mx/94.pdf'),
  (95,4,6,'2024-04-28 05:48:05',1658.37,'Pago de publicidad en redes','https://gastos.conveme.mx/95.pdf'),
  (96,3,NULL,'2022-09-04 12:06:39',2659.70,'Material de oficina','https://gastos.conveme.mx/96.pdf'),
  (97,10,15,'2024-05-14 04:30:40',4283.17,'Material de empaque holográfico','https://gastos.conveme.mx/97.pdf'),
  (98,10,18,'2020-10-04 12:52:33',3085.36,'Transporte a facultad','https://gastos.conveme.mx/98.pdf'),
  (99,9,9,'2021-05-29 03:14:41',315.25,'Material de empaque holográfico','https://gastos.conveme.mx/99.pdf'),
  (100,4,NULL,'2025-12-10 21:52:56',415.30,'Impresión de etiquetas','https://gastos.conveme.mx/100.pdf');

-- 35. BITACORA_AUDITORIA (100)
INSERT IGNORE INTO `bitacora_auditoria` (`id_auditoria`, `empleado_id`, `accion`, `tabla_afectada`, `registro_id`, `detalles`, `fecha_hora`) VALUES
  (1,19,'EXPORT','ventas',41,'EXPORT en ventas registro #41','2023-06-06 17:04:41'),
  (2,1,'DELETE','ventas',76,'DELETE en ventas registro #76','2023-08-30 21:58:56'),
  (3,3,'LOGIN','clientes',51,'LOGIN en clientes registro #51','2024-02-13 00:30:01'),
  (4,17,'EXPORT','productos',6,'EXPORT en productos registro #6','2024-11-18 07:29:31'),
  (5,8,'DELETE','saldos_vendedores',13,'DELETE en saldos_vendedores registro #13','2023-05-24 07:30:30'),
  (6,8,'INSERT','vendedores',70,'INSERT en vendedores registro #70','2021-08-20 08:13:32'),
  (7,1,'INSERT','cortes_vendedor',30,'INSERT en cortes_vendedor registro #30','2024-05-31 09:58:18'),
  (8,7,'LOGIN','inventario_productos',37,'LOGIN en inventario_productos registro #37','2024-06-08 19:41:07'),
  (9,NULL,'LOGIN','cortes_vendedor',54,'LOGIN en cortes_vendedor registro #54','2022-04-02 23:25:05'),
  (10,14,'LOGOUT','productos',10,'LOGOUT en productos registro #10','2020-02-13 01:33:48'),
  (11,8,'EXPORT','productos',85,'EXPORT en productos registro #85','2024-03-21 19:33:30'),
  (12,13,'DELETE','asignaciones_vendedor',83,'DELETE en asignaciones_vendedor registro #83','2024-12-18 19:45:50'),
  (13,4,'LOGIN','clientes',75,'LOGIN en clientes registro #75','2024-08-18 16:59:18'),
  (14,NULL,'INSERT','vendedores',96,'INSERT en vendedores registro #96','2022-01-16 02:33:28'),
  (15,2,'INSERT','comprobantes',39,'INSERT en comprobantes registro #39','2020-04-29 05:57:21'),
  (16,15,'EXPORT','productos',26,'EXPORT en productos registro #26','2021-05-01 14:46:22'),
  (17,16,'EXPORT','vendedores',91,'EXPORT en vendedores registro #91','2021-08-03 16:43:20'),
  (18,18,'DELETE','productos',39,'DELETE en productos registro #39','2024-09-29 05:44:59'),
  (19,11,'EXPORT','cortes_vendedor',29,'EXPORT en cortes_vendedor registro #29','2023-06-15 19:04:01'),
  (20,4,'UPDATE','productos',62,'UPDATE en productos registro #62','2021-07-22 05:54:45'),
  (21,10,'EXPORT','comprobantes',85,'EXPORT en comprobantes registro #85','2022-08-04 16:54:12'),
  (22,20,'LOGOUT','productos',60,'LOGOUT en productos registro #60','2021-10-12 21:00:06'),
  (23,4,'DELETE','comprobantes',51,'DELETE en comprobantes registro #51','2024-04-18 13:28:27'),
  (24,18,'EXPORT','comprobantes',90,'EXPORT en comprobantes registro #90','2024-07-21 15:15:54'),
  (25,19,'DELETE','asignaciones_vendedor',52,'DELETE en asignaciones_vendedor registro #52','2025-06-29 16:25:14'),
  (26,18,'INSERT','saldos_vendedores',61,'INSERT en saldos_vendedores registro #61','2022-12-13 22:07:34'),
  (27,5,'UPDATE','pedidos',48,'UPDATE en pedidos registro #48','2022-07-14 22:00:58'),
  (28,1,'LOGOUT','pedidos',28,'LOGOUT en pedidos registro #28','2022-05-01 12:12:05'),
  (29,NULL,'DELETE','saldos_vendedores',72,'DELETE en saldos_vendedores registro #72','2021-06-06 10:51:33'),
  (30,10,'INSERT','productos',99,'INSERT en productos registro #99','2021-04-18 02:54:11'),
  (31,8,'INSERT','ventas',72,'INSERT en ventas registro #72','2024-02-27 05:24:59'),
  (32,11,'DELETE','ventas',53,'DELETE en ventas registro #53','2021-02-19 12:15:46'),
  (33,3,'INSERT','vendedores',21,'INSERT en vendedores registro #21','2020-08-24 15:37:02'),
  (34,15,'LOGOUT','ventas',67,'LOGOUT en ventas registro #67','2022-04-07 02:29:15'),
  (35,11,'UPDATE','asignaciones_vendedor',72,'UPDATE en asignaciones_vendedor registro #72','2024-09-19 04:02:40'),
  (36,NULL,'INSERT','clientes',91,'INSERT en clientes registro #91','2024-10-17 15:34:51'),
  (37,6,'DELETE','vendedores',88,'DELETE en vendedores registro #88','2025-06-29 22:18:07'),
  (38,16,'LOGOUT','comprobantes',9,'LOGOUT en comprobantes registro #9','2021-10-12 22:54:08'),
  (39,6,'DELETE','clientes',21,'DELETE en clientes registro #21','2024-11-30 03:27:04'),
  (40,6,'INSERT','pedidos',96,'INSERT en pedidos registro #96','2023-07-12 02:31:54'),
  (41,8,'DELETE','saldos_vendedores',15,'DELETE en saldos_vendedores registro #15','2024-12-12 16:11:25'),
  (42,3,'LOGIN','cortes_vendedor',63,'LOGIN en cortes_vendedor registro #63','2023-12-29 18:57:48'),
  (43,4,'LOGOUT','clientes',39,'LOGOUT en clientes registro #39','2023-08-31 01:12:52'),
  (44,NULL,'DELETE','saldos_vendedores',36,'DELETE en saldos_vendedores registro #36','2022-05-18 05:47:06'),
  (45,9,'LOGOUT','ventas',72,'LOGOUT en ventas registro #72','2020-01-24 00:40:42'),
  (46,5,'EXPORT','comprobantes',51,'EXPORT en comprobantes registro #51','2022-06-05 11:29:37'),
  (47,7,'LOGIN','pedidos',19,'LOGIN en pedidos registro #19','2023-09-30 08:56:58'),
  (48,20,'INSERT','pedidos',51,'INSERT en pedidos registro #51','2022-01-07 15:30:10'),
  (49,13,'INSERT','inventario_productos',67,'INSERT en inventario_productos registro #67','2025-06-27 11:59:13'),
  (50,NULL,'EXPORT','productos',33,'EXPORT en productos registro #33','2023-10-31 07:13:07'),
  (51,19,'EXPORT','productos',68,'EXPORT en productos registro #68','2025-02-09 00:10:06'),
  (52,18,'LOGOUT','clientes',37,'LOGOUT en clientes registro #37','2020-07-09 00:26:52'),
  (53,8,'LOGOUT','comprobantes',84,'LOGOUT en comprobantes registro #84','2024-09-14 23:13:53'),
  (54,9,'LOGIN','ventas',58,'LOGIN en ventas registro #58','2023-01-08 21:06:32'),
  (55,12,'EXPORT','pedidos',59,'EXPORT en pedidos registro #59','2025-04-14 20:12:01'),
  (56,5,'LOGIN','vendedores',28,'LOGIN en vendedores registro #28','2021-05-18 04:03:39'),
  (57,6,'LOGIN','clientes',24,'LOGIN en clientes registro #24','2022-07-17 19:06:01'),
  (58,NULL,'DELETE','ventas',60,'DELETE en ventas registro #60','2025-12-05 01:19:04'),
  (59,10,'EXPORT','saldos_vendedores',38,'EXPORT en saldos_vendedores registro #38','2021-07-01 20:51:50'),
  (60,1,'LOGOUT','saldos_vendedores',64,'LOGOUT en saldos_vendedores registro #64','2021-03-16 23:33:27'),
  (61,3,'UPDATE','inventario_productos',50,'UPDATE en inventario_productos registro #50','2025-08-16 15:33:33'),
  (62,8,'EXPORT','saldos_vendedores',58,'EXPORT en saldos_vendedores registro #58','2021-04-15 14:30:43'),
  (63,9,'INSERT','cortes_vendedor',52,'INSERT en cortes_vendedor registro #52','2020-10-20 16:29:35'),
  (64,16,'UPDATE','productos',2,'UPDATE en productos registro #2','2023-01-14 11:00:02'),
  (65,18,'LOGOUT','pedidos',64,'LOGOUT en pedidos registro #64','2023-10-02 18:57:36'),
  (66,6,'DELETE','pedidos',66,'DELETE en pedidos registro #66','2022-12-29 15:10:51'),
  (67,16,'LOGOUT','ventas',60,'LOGOUT en ventas registro #60','2022-02-06 09:04:19'),
  (68,6,'EXPORT','comprobantes',25,'EXPORT en comprobantes registro #25','2021-07-08 12:14:51'),
  (69,15,'EXPORT','ventas',59,'EXPORT en ventas registro #59','2022-05-02 07:24:57'),
  (70,10,'UPDATE','clientes',56,'UPDATE en clientes registro #56','2022-08-27 10:08:05'),
  (71,4,'EXPORT','saldos_vendedores',19,'EXPORT en saldos_vendedores registro #19','2022-05-12 20:08:59'),
  (72,3,'UPDATE','clientes',61,'UPDATE en clientes registro #61','2021-05-16 08:36:18'),
  (73,18,'UPDATE','clientes',33,'UPDATE en clientes registro #33','2021-02-05 17:55:25'),
  (74,17,'UPDATE','asignaciones_vendedor',63,'UPDATE en asignaciones_vendedor registro #63','2025-05-01 15:05:39'),
  (75,2,'UPDATE','vendedores',14,'UPDATE en vendedores registro #14','2022-12-15 08:59:39'),
  (76,4,'LOGIN','saldos_vendedores',30,'LOGIN en saldos_vendedores registro #30','2021-11-03 02:41:19'),
  (77,15,'EXPORT','clientes',16,'EXPORT en clientes registro #16','2020-08-29 02:54:34'),
  (78,2,'LOGIN','comprobantes',28,'LOGIN en comprobantes registro #28','2024-02-19 11:36:44'),
  (79,14,'EXPORT','productos',30,'EXPORT en productos registro #30','2025-04-26 15:08:23'),
  (80,7,'LOGOUT','productos',14,'LOGOUT en productos registro #14','2020-09-10 13:35:41'),
  (81,3,'UPDATE','inventario_productos',48,'UPDATE en inventario_productos registro #48','2022-02-09 17:01:40'),
  (82,17,'INSERT','cortes_vendedor',27,'INSERT en cortes_vendedor registro #27','2024-08-30 16:29:49'),
  (83,NULL,'EXPORT','saldos_vendedores',89,'EXPORT en saldos_vendedores registro #89','2022-08-07 04:07:38'),
  (84,NULL,'UPDATE','productos',49,'UPDATE en productos registro #49','2024-07-06 03:37:45'),
  (85,1,'UPDATE','vendedores',71,'UPDATE en vendedores registro #71','2024-07-29 21:11:48'),
  (86,NULL,'INSERT','ventas',93,'INSERT en ventas registro #93','2021-07-25 17:58:43'),
  (87,NULL,'LOGIN','ventas',26,'LOGIN en ventas registro #26','2025-10-09 09:32:29'),
  (88,17,'EXPORT','inventario_productos',3,'EXPORT en inventario_productos registro #3','2021-09-01 06:50:33'),
  (89,8,'DELETE','saldos_vendedores',3,'DELETE en saldos_vendedores registro #3','2023-06-06 18:21:45'),
  (90,8,'UPDATE','ventas',24,'UPDATE en ventas registro #24','2024-06-13 19:40:46'),
  (91,20,'LOGIN','asignaciones_vendedor',19,'LOGIN en asignaciones_vendedor registro #19','2020-05-09 06:28:55'),
  (92,15,'INSERT','vendedores',38,'INSERT en vendedores registro #38','2021-07-03 01:52:48'),
  (93,5,'DELETE','saldos_vendedores',70,'DELETE en saldos_vendedores registro #70','2023-02-24 03:21:30'),
  (94,4,'DELETE','comprobantes',11,'DELETE en comprobantes registro #11','2021-05-31 11:10:14'),
  (95,12,'LOGOUT','inventario_productos',96,'LOGOUT en inventario_productos registro #96','2022-12-25 06:27:26'),
  (96,3,'LOGIN','clientes',94,'LOGIN en clientes registro #94','2021-10-21 19:20:28'),
  (97,17,'DELETE','inventario_productos',2,'DELETE en inventario_productos registro #2','2025-05-21 13:06:57'),
  (98,2,'LOGIN','asignaciones_vendedor',17,'LOGIN en asignaciones_vendedor registro #17','2021-02-05 14:58:26'),
  (99,20,'INSERT','asignaciones_vendedor',61,'INSERT en asignaciones_vendedor registro #61','2025-05-27 02:58:45'),
  (100,1,'DELETE','cortes_vendedor',44,'DELETE en cortes_vendedor registro #44','2022-08-12 21:40:41');

-- 36. COMPROBANTES (100)
INSERT IGNORE INTO `comprobantes` (`id_comprobante`, `vendedor_id`, `admin_id`, `total_vendido`, `comision_vendedor`, `monto_entregado`, `saldo_pendiente`, `fecha_corte`, `notas`) VALUES
  (1,1,6,4928.80,309.14,4577.35,351.45,'2021-10-13 15:41:19',NULL),
  (2,7,4,8848.95,840.11,7986.49,862.46,'2023-01-06 08:31:08','Corte con incidencias. Completado.'),
  (3,4,2,2785.92,243.77,2527.83,258.09,'2021-10-14 20:11:53','Corte con incidencias. Aprobado.'),
  (4,25,10,9496.06,771.17,8698.60,797.46,'2025-03-16 18:25:00','Corte con incidencias. Completado.'),
  (5,16,1,3838.94,378.67,3444.44,394.50,'2024-03-15 13:56:00',NULL),
  (6,2,8,2820.06,174.18,2627.27,192.79,'2025-07-21 04:27:14','Corte sin incidencias. Revisado.'),
  (7,20,1,4621.62,442.98,4152.70,468.92,'2022-11-28 14:46:41','Corte sin incidencias. Aprobado.'),
  (8,12,9,2170.53,201.35,1958.46,212.07,'2024-12-23 17:25:42','Corte sin incidencias. Completado.'),
  (9,29,9,3394.91,324.10,3021.61,373.30,'2021-08-31 13:12:14','Corte con incidencias. Completado.'),
  (10,17,4,4396.51,352.30,4014.16,382.35,'2023-04-21 20:49:15','Corte con incidencias. Aprobado.'),
  (11,16,8,9603.60,712.67,8857.67,745.93,'2025-08-03 14:07:01','Corte con incidencias. Revisado.'),
  (12,28,5,2609.43,216.21,2356.28,253.15,'2022-01-31 14:14:42','Corte con incidencias. Completado.'),
  (13,9,2,5612.45,413.36,5163.07,449.38,'2023-11-17 15:44:11','Corte sin incidencias. Aprobado.'),
  (14,16,6,2321.84,223.49,2090.67,231.17,'2024-08-27 12:31:07','Corte con incidencias. Completado.'),
  (15,26,4,6939.30,587.90,6317.59,621.71,'2022-08-11 10:24:24',NULL),
  (16,30,9,1034.92,101.74,892.03,142.89,'2024-08-07 10:10:08','Corte sin incidencias. Aprobado.'),
  (17,20,7,3650.73,303.91,3321.70,329.03,'2022-01-02 00:33:59',NULL),
  (18,14,3,8282.62,580.85,7685.31,597.31,'2022-03-28 20:11:27','Corte con incidencias. Revisado.'),
  (19,12,6,8205.45,527.35,7653.83,551.62,'2025-08-08 13:22:40','Corte sin incidencias. Completado.'),
  (20,18,1,8549.43,798.57,7724.57,824.86,'2024-10-24 03:25:37',NULL),
  (21,30,10,9149.56,908.31,8198.72,950.84,'2022-07-28 01:43:28','Corte sin incidencias. Revisado.'),
  (22,25,6,3868.57,375.72,3472.28,396.29,'2021-12-16 20:18:50','Corte sin incidencias. Aprobado.'),
  (23,20,5,3138.25,265.43,2872.02,266.23,'2022-04-26 16:29:22',NULL),
  (24,11,6,9452.70,928.76,8482.91,969.79,'2024-08-02 17:04:29',NULL),
  (25,21,7,8542.24,694.35,7799.73,742.51,'2022-05-14 07:12:27','Corte con incidencias. Aprobado.'),
  (26,27,8,1724.18,130.90,1562.46,161.72,'2025-12-11 09:17:14',NULL),
  (27,23,6,6766.12,493.02,6238.99,527.13,'2024-11-02 15:15:35','Corte sin incidencias. Aprobado.'),
  (28,3,7,2128.31,199.34,1899.14,229.17,'2022-07-10 16:51:52','Corte con incidencias. Revisado.'),
  (29,6,4,8594.25,659.67,7914.62,679.63,'2024-01-27 15:07:56','Corte sin incidencias. Aprobado.'),
  (30,12,1,3401.08,227.62,3172.94,228.14,'2022-11-05 10:43:57','Corte con incidencias. Aprobado.'),
  (31,18,2,9878.72,918.20,8948.37,930.35,'2022-07-14 14:55:25','Corte sin incidencias. Completado.'),
  (32,26,9,2433.34,205.02,2199.01,234.33,'2023-10-06 19:48:02',NULL),
  (33,24,6,2782.25,245.72,2504.06,278.19,'2021-11-23 06:17:50',NULL),
  (34,20,1,7134.74,441.07,6674.88,459.86,'2024-11-27 04:40:41','Corte sin incidencias. Aprobado.'),
  (35,6,2,6758.77,435.62,6291.54,467.23,'2021-08-08 11:23:19','Corte sin incidencias. Aprobado.'),
  (36,16,2,4125.89,266.89,3815.22,310.67,'2022-07-12 11:28:39','Corte sin incidencias. Aprobado.'),
  (37,13,3,5854.60,408.58,5436.83,417.77,'2022-10-15 03:22:43','Corte con incidencias. Completado.'),
  (38,18,10,9509.09,912.03,8562.64,946.45,'2025-03-20 15:45:24','Corte con incidencias. Aprobado.'),
  (39,28,4,4069.49,360.56,3701.67,367.82,'2023-07-28 00:50:22','Corte sin incidencias. Revisado.'),
  (40,24,4,8135.24,578.97,7546.76,588.48,'2023-07-01 09:19:28',NULL),
  (41,9,10,2541.90,221.64,2296.70,245.20,'2022-03-22 03:55:44','Corte sin incidencias. Revisado.'),
  (42,7,10,9108.53,655.63,8446.16,662.37,'2024-03-09 02:53:10','Corte con incidencias. Aprobado.'),
  (43,14,7,9796.62,855.41,8893.08,903.54,'2021-04-22 15:39:47','Corte con incidencias. Revisado.'),
  (44,28,8,5831.13,560.67,5252.38,578.75,'2025-04-03 09:10:53','Corte con incidencias. Aprobado.'),
  (45,2,7,6873.46,593.36,6231.53,641.93,'2025-05-18 20:30:40','Corte con incidencias. Revisado.'),
  (46,28,4,532.80,45.05,472.99,59.81,'2021-08-25 21:07:59','Corte con incidencias. Aprobado.'),
  (47,27,8,8988.42,843.95,8118.92,869.50,'2023-11-10 12:25:40',NULL),
  (48,19,10,3679.55,329.12,3313.31,366.24,'2025-01-05 13:40:24','Corte sin incidencias. Completado.'),
  (49,4,4,8267.40,672.90,7559.24,708.16,'2022-09-28 09:01:27','Corte con incidencias. Revisado.'),
  (50,23,6,1916.76,149.21,1755.75,161.01,'2021-07-23 03:15:08',NULL),
  (51,13,10,2637.14,233.93,2369.51,267.63,'2025-04-16 01:42:50','Corte sin incidencias. Aprobado.'),
  (52,14,10,2692.73,259.87,2385.70,307.03,'2021-05-31 05:38:07','Corte con incidencias. Completado.'),
  (53,5,1,6006.17,402.39,5590.06,416.11,'2023-08-03 03:39:10',NULL),
  (54,26,5,9374.20,774.27,8563.33,810.87,'2025-05-25 05:51:56','Corte sin incidencias. Revisado.'),
  (55,9,7,4060.03,266.75,3763.97,296.06,'2023-07-28 02:05:19',NULL),
  (56,25,2,2872.59,268.43,2581.71,290.88,'2022-03-27 08:35:04','Corte con incidencias. Aprobado.'),
  (57,30,3,3962.28,346.74,3610.73,351.55,'2025-04-16 06:29:24','Corte sin incidencias. Aprobado.'),
  (58,1,8,6955.34,427.83,6500.98,454.36,'2023-11-09 03:11:45','Corte sin incidencias. Aprobado.'),
  (59,24,2,9874.27,917.32,8918.88,955.39,'2021-10-15 17:03:40','Corte con incidencias. Aprobado.'),
  (60,2,3,8381.99,776.18,7559.83,822.16,'2022-06-25 18:44:44','Corte sin incidencias. Revisado.'),
  (61,5,4,9862.95,765.42,9056.69,806.26,'2023-06-30 17:52:04','Corte con incidencias. Completado.'),
  (62,22,8,7951.29,680.05,7261.00,690.29,'2024-04-05 14:55:24',NULL),
  (63,7,8,5862.53,525.01,5291.44,571.09,'2023-06-08 21:24:44',NULL),
  (64,29,5,2047.19,199.55,1803.47,243.72,'2021-07-19 16:49:41','Corte sin incidencias. Revisado.'),
  (65,22,9,4198.17,415.76,3736.05,462.12,'2021-09-08 20:50:42','Corte con incidencias. Aprobado.'),
  (66,8,8,6668.49,519.75,6138.10,530.39,'2023-04-23 18:28:02',NULL),
  (67,29,3,803.07,61.74,730.25,72.82,'2024-10-31 22:08:28','Corte sin incidencias. Aprobado.'),
  (68,3,1,684.34,53.61,620.61,63.73,'2024-03-18 15:13:40','Corte sin incidencias. Aprobado.'),
  (69,10,1,3230.08,248.60,2965.13,264.95,'2023-08-31 09:05:17','Corte con incidencias. Aprobado.'),
  (70,23,1,9316.09,661.18,8638.03,678.06,'2021-09-17 15:13:34','Corte con incidencias. Revisado.'),
  (71,23,8,3690.62,291.60,3387.40,303.22,'2022-07-28 14:34:28','Corte con incidencias. Revisado.'),
  (72,29,8,9577.72,892.72,8645.53,932.19,'2024-01-16 08:09:51','Corte con incidencias. Revisado.'),
  (73,27,8,755.29,52.59,680.22,75.07,'2022-04-27 17:18:17',NULL),
  (74,16,9,8008.89,787.31,7193.86,815.03,'2023-09-17 13:10:08','Corte con incidencias. Completado.'),
  (75,2,6,2493.27,208.30,2263.68,229.59,'2023-04-19 02:58:58',NULL),
  (76,18,3,7972.96,572.10,7386.20,586.76,'2021-04-03 20:37:03','Corte con incidencias. Revisado.'),
  (77,7,3,2174.19,186.22,1943.58,230.61,'2023-04-13 10:01:10',NULL),
  (78,12,5,4386.69,416.77,3951.24,435.45,'2024-01-06 02:23:18','Corte con incidencias. Revisado.'),
  (79,15,1,1630.45,134.02,1481.80,148.65,'2024-12-01 06:15:57','Corte sin incidencias. Aprobado.'),
  (80,29,1,9457.01,675.00,8745.12,711.89,'2023-12-30 12:37:00','Corte sin incidencias. Aprobado.'),
  (81,3,2,5218.78,451.61,4721.14,497.64,'2021-06-09 20:53:35','Corte con incidencias. Revisado.'),
  (82,23,4,5893.07,509.70,5341.89,551.18,'2023-10-11 07:02:12','Corte sin incidencias. Aprobado.'),
  (83,10,4,4565.23,416.54,4147.11,418.12,'2021-04-09 02:06:02',NULL),
  (84,28,9,3303.60,233.71,3052.69,250.91,'2025-04-14 15:06:44','Corte sin incidencias. Completado.'),
  (85,4,4,9974.77,765.02,9183.52,791.25,'2021-11-22 05:54:48','Corte con incidencias. Completado.'),
  (86,26,6,3329.95,254.34,3035.72,294.23,'2025-09-05 15:53:13',NULL),
  (87,9,8,5284.83,399.95,4882.95,401.88,'2025-12-28 14:22:25','Corte con incidencias. Completado.'),
  (88,1,5,7547.21,730.51,6798.66,748.55,'2025-10-07 20:03:53',NULL),
  (89,28,9,5940.02,442.64,5450.66,489.36,'2024-04-29 17:55:58',NULL),
  (90,4,9,5748.16,456.26,5272.16,476.00,'2022-06-18 19:43:27','Corte sin incidencias. Revisado.'),
  (91,10,10,6612.97,413.63,6196.83,416.14,'2021-03-10 09:47:02',NULL),
  (92,20,6,7534.45,527.40,6984.16,550.29,'2021-12-14 07:58:22',NULL),
  (93,21,7,5771.55,561.88,5208.10,563.45,'2021-07-30 12:46:46','Corte con incidencias. Completado.'),
  (94,23,7,5588.80,362.05,5205.50,383.30,'2023-12-27 16:21:13','Corte con incidencias. Aprobado.'),
  (95,1,7,9905.31,926.66,8975.78,929.53,'2024-09-21 13:50:46','Corte sin incidencias. Completado.'),
  (96,29,5,9026.33,679.64,8323.20,703.13,'2024-09-12 19:28:13','Corte sin incidencias. Completado.'),
  (97,24,1,1217.81,80.37,1094.34,123.47,'2022-01-19 21:53:37','Corte sin incidencias. Aprobado.'),
  (98,12,9,6119.86,433.27,5661.16,458.70,'2022-06-19 14:06:24',NULL),
  (99,22,10,7076.42,431.37,6628.31,448.11,'2025-07-03 02:48:15','Corte con incidencias. Completado.'),
  (100,6,4,6586.54,508.77,6032.25,554.29,'2024-04-23 09:28:49','Corte sin incidencias. Aprobado.');

-- ================================================================
SET FOREIGN_KEY_CHECKS = 1;
COMMIT;

-- ================================================================
-- FIN DEL SEED — CONVEME (MariaDB)
-- Total tablas pobladas: 36
-- Registros en tablas principales: 100 c/u
-- Tablas de catálogo: roles(4), paises(1), estados(1),
--   municipios(100), categorias(10), tamaños(6),
--   categorias_gasto(10), escuelas(200), promociones(1000)
-- ================================================================
